Frequency_MHz,I_ser_RMS,Phase_I_ser_deg,I_load_RMS,Phase_I_load_deg,Current_Ratio,V_node_RMS,Phase_V_node_deg,S21_dB,S21_Phase_deg,S11_dB,S11_Phase_deg
20.0,0.00021833557871688586,22.205398318605337,6.19983168514199e-05,24.567109764410453,0.2839588362820732,0.017234127507332837,-1.5882969519101104,-15.272213964643505,-1.5882969519101104,-31.390199929445433,-174.28421404290515
20.14007003501751,0.00021879302176621424,21.863649996369702,6.152596251887266e-05,24.31469657201166,0.2812062378507422,0.01722867808031565,-1.5688309042204263,-15.274960875189475,-1.5688309042204265,-31.381753426340534,-174.3617718427175
20.280140070035017,0.00021924221005787048,21.520503381269318,6.103523619176232e-05,24.0655217571276,0.27839181230499205,0.017223291269776574,-1.5490394388183073,-15.277677076504364,-1.5490394388183073,-31.3734290502369,-174.44020293676766
20.420210105052526,0.00021968311031610085,21.175830554285334,6.052569778230766e-05,23.819787703970974,0.2755136600861921,0.017217967395851866,-1.5289152802531942,-15.280362378001266,-1.5289152802531942,-31.365226739480214,-174.51953324103226
20.560280140070034,0.00022011567679674338,20.829499486047503,5.999688700279882e-05,23.577723208206205,0.2725698045496343,0.01721270687353122,-1.5084506933130033,-15.283016541339078,-1.5084506933130033,-31.35714659971412,-174.59979016525878
20.700350175087546,0.0002205398505446878,20.48137381107775,5.944832262732454e-05,23.33958676302928,0.26955818860174013,0.0172075102200749,-1.4876374682284224,-15.285639276612875,-1.4876374682284224,-31.349188914412988,-174.68100266143037
20.840420210105055,0.00022095555858656955,20.131312589272927,5.8879501746174465e-05,23.1056703207332,0.26647667124928065,0.017202378063028743,-1.4664669052080777,-15.288230238238306,-1.4664669052080774,-31.341354156321902,-174.76320127515675
20.98049024512256,0.00022136271305286264,19.779170053872114,5.8289899019106864e-05,22.876303609164427,0.2633230240776228,0.0171973111488937,-1.4449297983085594,-15.290789020501101,-1.4449297983085594,-31.33364299988964,-174.8464182000544
21.12056028014007,0.00022176121022297613,19.42479534511221,5.767896593547054e-05,22.651859097696924,0.2600949276813361,0.017192310352511803,-1.423016418649618,-15.293315152740139,-1.423016418649618,-31.326056334788177,-174.9306873351721
21.260630315157577,0.0002221509294863425,19.068032228732232,5.704613009141428e-05,22.432757725890795,0.25678996807853277,0.017187376687236567,-1.4007164969924841,-15.29580809412941,-1.4007164969924841,-31.318595280622006,-175.01604434550578
21.400700350175086,0.0002225317322117997,18.708718798442852,5.6390794497221756e-05,22.2194755306805,0.25340563315055903,0.017182511315961563,-1.378019205708424,-15.298267228021318,-1.3780192057084237,-31.311261202939804,-175.10252672563482
21.540770385192594,0.000222903460516822,18.346687161433568,5.571233693132987e-05,22.012551335792175,0.24993930916171395,0.017177715563088666,-1.3549131401756314,-15.300691855809855,-1.3549131401756311,-31.30405573067264,-175.19017386649406
21.680840420210103,0.00022326593592732118,17.98176310594598,5.501010936200622e-05,21.81259570145458,0.246388277430344,0.017172990927524313,-1.3313862996556671,-15.303081190268626,-1.3313862996556671,-31.296980775134486,-175.27902712527393
21.820910455227615,0.00022361895791782397,17.61376574989874,5.4283437463233405e-05,21.620301375059523,0.2427497112439886,0.017168339096800964,-1.3074260677162277,-15.305434348314414,-1.3074260677162275,-31.290038550734597,-175.36912989841485
21.960980490245124,0.00022396230232082893,17.24250716950794,5.353162025839256e-05,21.436455536466024,0.23902067313858835,0.017163761962429944,-1.2830191922855543,-15.307750343142226,-1.2830191922855543,-31.28323159756605,-175.4605276976289
22.101050525262632,0.00022429571959302263,16.8677920068093,5.2753929934281274e-05,21.261954198021215,0.23519811269694127,0.01715926163660162,-1.2581517654457037,-15.310028075673056,-1.2581517654457037,-31.27656280605114,-175.55326822884106
22.24112056028014,0.0002246189329248207,16.489417054952487,5.194961187940124e-05,21.09781920287159,0.23127886506694706,0.017154840470360085,-1.2328092030977469,-15.312266325249748,-1.2328092030977467,-31.270035443841948,-175.6474014738942
22.38119059529765,0.00022493163617833608,16.107170820110973,5.1117885015054214e-05,20.945218370747597,0.22725965045897598,0.017150501073391063,-1.2069762246625497,-15.314463739510817,-1.2069762246625497,-31.263653185195004,-175.74297977480137
22.521260630315158,0.00022523349163739697,15.7208330588283,5.025794250657908e-05,20.805489474719383,0.22313707495814725,0.017146246335574735,-1.1806368330166985,-15.316618823365282,-1.1806368330166985,-31.257420143059985,-175.8400579202582
22.661330665332667,0.00022552412755159296,15.330174289611856,4.936895296639425e-05,20.680168904242322,0.21890763308728534,0.017142079450469222,-1.1537742949054124,-15.318729926984911,-1.1537742949054124,-31.251340904147366,-175.93869323404203
22.801400700350175,0.00022580313545452423,14.9349552775874,4.8450062292188245e-05,20.571026090934776,0.21456771268770036,0.017138003940905387,-1.126371122123941,-15.320795232722517,-1.126371122123941,-31.2454205672654,-176.03894566482117
22.941470735367684,0.00022607006723445022,14.534926491046425,4.7500396325115e-05,20.480105059887286,0.21011360285859437,0.017134023686890085,-1.098409053817102,-15.322812740857083,-1.098409053817102,-31.239664785246994,-176.14087787677423
23.081540770385192,0.0002263244319333572,14.12982752875954,4.651906456762889e-05,20.409774842533704,0.20554150592688444,0.01713014295603244,-1.0698690403148323,-15.324780254057666,-1.069869040314832,-31.234079810818027,-176.24455534027325
23.2216108054027,0.00022656569224807171,13.719386516996524,4.550516527339915e-05,20.36279097681983,0.200847554728518,0.017126366436726288,-1.0407312290013637,-15.326695360449031,-1.0407312290013637,-31.228672546794215,-176.3500464217079
23.36168084042021,0.00022679326070444673,13.303319475294172,4.445779231927793e-05,20.342370967327593,0.1960278368995038,0.017122699274342137,-1.0109749528088803,-15.328555415152064,-1.0109749528088803,-31.22345060103146,-176.4574224713223
23.50175087543772,0.00022700649547278262,12.881329650155543,4.337604440103297e-05,20.35228743858378,0.19107842844185763,0.017119147110702823,-0.9805787220353086,-15.33035752016188,-0.9805787220353086,-31.218422346596352,-176.56675790768645
23.641820910455227,0.0002272046957895394,12.453106816058218,4.225903727407741e-05,20.396983867632027,0.18599543960668014,0.017115716127139132,-0.9495202203128722,-15.332098502415953,-0.949520220312872,-31.21359698766888,-176.6781302971342
23.781890945472735,0.00022738709694701287,12.01832654340514,4.110592000732916e-05,20.481719337192327,0.1807750772107703,0.017112413091444553,-0.9177763057018546,-15.333774889893593,-0.9177763057018546,-31.208984631738357,-176.7916204261513
23.921960980490244,0.0002275528648089835,11.576649433385567,3.9915896561243696e-05,20.612750863239558,0.1754137290020524,0.017109245409071827,-0.8853230180560582,-15.335382885577143,-0.8853230180560583,-31.204596368706472,-176.90731236428886
24.062031015507753,0.00022770108980639184,11.127720320142402,3.868825448219693e-05,20.79756473891829,0.1699080778010001,0.017106221178937366,-0.8521355940064171,-15.336918339094264,-0.852135594006417,-31.20044435756808,-177.02529351469275
24.202101050525265,0.00022783078036284942,10.671167441184386,3.742240318765474e-05,21.045172308030725,0.16425525615131903,0.017103349254222952,-0.8181884911411723,-15.338376715850293,-0.8181884911411724,-31.19654192140129,-177.14565464876853
24.342171085542773,0.00022794085569525913,10.206601577666161,3.61179252946548e-05,21.366491067355955,0.15845305653735864,0.01710063930858595,-0.7834554232299987,-15.339753063449875,-0.7834554232299987,-31.192903651462153,-177.26848992082802
24.482241120560282,0.00022803013793001897,9.7336151670124,3.477464586191147e-05,21.774839595403368,0.1525002185131493,0.017098101908209366,-0.7479094086505146,-15.341041975198948,-0.7479094086505146,-31.1895455212469,-177.39389685776976
24.62231115557779,0.00022809734347023925,9.251781391422227,3.339272649376276e-05,22.286585322232735,0.14639682332871903,0.017095748590139126,-0.7115228345349125,-15.342237550472024,-0.7115228345349124,-31.186485011453833,-177.52197631791324
24.7623811905953,0.00022814107354417323,8.760653247100434,3.197279433189273e-05,22.921998621650737,0.1401448403621283,0.01709359194736775,-0.6742675395684938,-15.343333351726518,-0.6742675395684938,-31.183741246848314,-177.6528324120067
24.902451225612804,0.00022815980385971487,8.25976260067477,3.0516120562893928e-05,23.70638629073278,0.1337488902368487,0.017091645721126942,-0.6361149188479817,-15.344322357947298,-0.6361149188479818,-31.181335146104786,-177.78657237814207
25.042521260630316,0.00022815187328446786,7.748619241235439,2.9024870002688213e-05,24.671603089738756,0.12721732057180601,0.01708992490084608,-0.5970360547532797,-15.345196914311273,-0.5970360547532796,-31.179289585767748,-177.9233064007968
25.18259129564782,0.00022811547146568532,7.226709938852667,2.750245380101115e-05,25.858071077929033,0.1205637374102802,0.017088445832213327,-0.5570018784103288,-15.34594867787657,-0.5570018784103288,-31.177629579536415,-178.06314736245278
25.32266133066533,0.00022804862529952503,6.693497523375738,2.5954033105226123e-05,27.317467652448215,0.11380920657222737,0.017087226333738645,-0.5159833670330437,-15.346568559125306,-0.5159833670330437,-31.17638247413129,-178.20621051417206
25.462731365682842,0.00022794918415484553,6.148420000906705,2.4387244942073083e-05,29.11625599351174,0.10698544516617732,0.017086285822156416,-0.4739517832379204,-15.34704665922642,-0.4739517832379204,-31.175578163038292,-178.35261304909278
25.60280140070035,0.00022781480375353593,5.590889729697669,2.2813254854833106e-05,31.34017419801146,0.10013947504269252,0.01708564544691337,-0.4308789633333775,-15.347372202939173,-0.4308789633333775,-31.175249319444156,-178.50247355999343
25.74287143571786,0.0002276429286076217,5.020292682499451,2.12482834553188e-05,34.0995404072076,0.09334040633409506,0.017085328233856733,-0.3867376626043408,-15.347533467152918,-0.3867376626043408,-31.175431649660727,-178.65591135880405
25.882941470735368,0.00022743077291372568,4.435987828774764,1.971579407722128e-05,37.53446462466821,0.08668921019188697,0.017085359238056683,-0.34150196674569633,-15.347517705160463,-0.3415019667456964,-31.17616416827955,-178.8130456321524
26.023011505752876,0.00022717529980868955,3.8373066778984617,1.82495188623154e-05,41.817148176769756,0.0803323199207124,0.01708576570545433,-0.29514777984739643,-15.34731106689711,-0.29514777984739643,-31.17748949618283,-178.97399440266014
26.163081540770385,0.00022687319889729113,3.2235530337597944,1.689730317818265e-05,47.14436349045571,0.07447906257905902,0.01708657724270569,-0.24765340069540906,-15.346898515553208,-0.24765340069540903,-31.179454182344386,-179.13887326066967
26.303151575787894,0.0002265208619752944,2.5940030223646335,1.5725049577036703e-05,53.70633994497356,0.06941987347175009,0.01708782599417446,-0.19900020061519694,-15.346263741194592,-0.19900020061519694,-31.182109050059964,-179.3077938253273
26.443221610805402,0.00022611435689015547,1.947905467469884,1.4818385036308971e-05,61.612669321519576,0.06553491445705778,0.01708954682449037,-0.14917341762603759,-15.34538907231342,-0.14917341762603759,-31.185509567820993,-179.48086188739418
26.58329164582291,0.0002256493995095622,1.2844827053915675,1.4277217807384859e-05,70.7694896321008,0.06327168535974696,0.017091777504409243,-0.09816308325859398,-15.344255386594625,-0.09816308325859398,-31.18971624444809,-179.65817517875792
26.72336168084042,0.0002251213238070707,0.6029319494122942,1.4198043055448831e-05,80.76347765665196,0.06306840602810498,0.01709455889685463,-0.04596509995844987,-15.342842022635972,-0.04596509995844987,-31.19479504728688,-179.8398207053304
26.86343171585793,0.00022452505012741038,-0.0975726627497552,1.464664529661844e-05,90.88599233620316,0.06523390280196782,0.017097935138956098,0.007417511528238778,-15.34112669491819,0.007417511528238778,-31.2008178411766,179.97412842915858
27.003501750875436,0.0002238550517652115,-0.8178771774850792,1.5637607542109797e-05,100.36810260110175,0.06985595106654627,0.017101953814586165,0.0619731741315192,-15.339085415005158,0.0619731741315192,-31.207862844464632,179.78361679098123
27.14357178589295,0.0002231053200842865,-1.558843896262634,1.7137100147705703e-05,108.6658835696131,0.07681170552648191,0.01710666611029604,0.11768010425816863,-15.336692422781184,0.1176801042581686,-31.216015096466798,179.58861106909364
27.283641820910454,0.00022226932852531945,-2.321346176681654,1.908473492403192e-05,115.56986066981328,0.08586310603740323,0.017112126945615685,0.17450442758740745,-15.333920132522849,0.17450442758740745,-31.225366928367766,179.38910531715499
27.423711855927962,0.00022133999600382561,-3.1062616854085086,2.141633423074543e-05,121.12619266774908,0.09675763358365323,0.017118395066375993,0.2323980396238891,-15.330739099773698,0.2323980396238891,-31.236018426492333,179.18512710068697
27.56378189094547,0.00022030965039431473,-3.9144637706989953,2.4076806581109948e-05,125.50481628380335,0.10928620937855779,0.017125533086991683,0.2912961916105763,-15.327118016355811,0.2912961916105763,-31.248077873024748,178.97674467600726
27.70385192596298,0.00021916999303822548,-4.7468105585774145,2.7023836131827856e-05,128.90490574545342,0.12330080298498994,0.017133607464489817,0.35111478596243195,-15.323023742418169,0.3511147859624319,-31.261662144450867,178.76407533702002
27.84392196098049,0.00021791206551043097,-5.604131302156677,3.022685476892674e-05,131.50927091940483,0.13871124895321524,0.017142688383477198,0.4117473712354725,-15.318421386181578,0.41174737123547256,-31.276897042082506,178.54729507274675
27.983991995998,0.00021652622024010036,-6.4872094264464435,3.3664556632421215e-05,133.46970733911516,0.1554756583063772,0.017152849527240166,0.47306183548994835,-15.31327444396808,0.47306183548994846,-31.29391752182155,178.32664968088318
28.12406203101551,0.00021500209701408006,-7.396761609562037,3.732242849591239e-05,134.90661345831143,0.17359099754951793,0.01716416770584509,0.5348968095545501,-15.307545015144907,0.5348968095545501,-31.312867781671088,178.10246747828492
28.264132066033017,0.0002133286079009133,-8.333412123545086,4.1190738480728896e-05,135.9135760370733,0.19308586356997715,0.017176722307612774,0.5970578090624947,-15.30119410867633,0.5970578090624947,-31.33390115526883,177.87517373496644
28.404202101050526,0.00021149393372437393,-9.297661521829399,4.526300757386095e-05,136.56283120994115,0.21401563050432093,0.01719059453592916,0.6593131671829954,-15.294182059916055,0.6593131671829954,-31.35717974784074,177.64530692986543
28.54427213606803,0.0002094855358853662,-10.28984860315292,4.9534866415089376e-05,136.91013208620078,0.23645960188008225,0.017205866389418522,0.7213898396692947,-15.286469077875202,0.7213898396692947,-31.38287373749491,177.41353687911405
28.684342171085543,0.00020729018807124418,-11.310104400264828,5.4003188491791136e-05,136.9986675307339,0.2605197524989973,0.017222619340597968,0.7829692010019,-15.278015944171804,0.7829692010019,-31.411160249931676,177.1806847145556
28.824412206103048,0.00020489403318244768,-12.358296732039317,5.866541114135819e-05,136.86208333823052,0.28632073970216415,0.017240932667010687,0.8436829955118874,-15.268784884815963,0.8436829955118874,-31.442221698944202,176.94774458423154
28.96448224112056,0.00020228267161403159,-13.433963613965483,6.351897975041454e-05,136.52677068188578,0.31401097901066316,0.01726088139048514,0.9031096603214519,-15.258740634415775,0.9031096603214519,-31.476243469426215,176.71590679903312
29.10455227613807,0.00019944128780221995,-14.536233536294404,6.856087054969924e-05,136.01359218466658,0.34376468034888064,0.0172825337858058,0.9607712966989908,-15.247851708707355,0.9607712966989908,-31.51341080544093,176.48658195157174
29.24462231115558,0.00019635482260988796,-15.663730279166485,7.37871625619606e-05,135.33918849687655,0.37578482453959783,0.01730594843113787,1.0161316305973755,-15.236091894844549,1.0161316305973755,-31.55390475538804,176.26142527579495
29.384692346173086,0.00019300819958249045,-16.81445952105961,7.919264056131383e-05,134.5169759476742,0.4103071306432627,0.01733117079057796,1.0685953674969189,-15.223441958928834,1.0685953674969189,-31.597897022474775,176.0423601919307
29.524762381190595,0.00018938661323715804,-17.98567398204377,8.477041955535365e-05,133.5579176948073,0.4476051295621433,0.017358229345736553,1.117509404686755,-15.209891556176718,1.117509404686755,-31.6455435756127,175.83159958798686
29.664832416208103,0.0001854758872156016,-19.173713182407724,9.051158827137932e-05,132.471128671412,0.4879965241312823,0.017387131329534664,1.162166406631576,-15.195441310468418,1.162166406631576,-31.696976898682546,175.63166293048903
29.80490245122561,0.00018126290919682665,-20.3738130234507,9.640487506268179e-05,131.26435796191237,0.5318510857508048,0.01741785816200509,1.201811264231057,-15.180105006737278,1.201811264231057,-31.752296801001716,175.44538678913216
29.94497248624312,0.00017673614781262207,-21.57987921134033,0.0001024363449048801,129.9443798848311,0.5796004166249251,0.01745036074426446,1.2356509324667395,-15.163911812299498,1.2356509324667395,-31.811559785599854,175.2759258349626
30.08504252126063,0.00017188625438507616,-22.784216902651607,0.00010858914082763391,128.5173159178441,0.6317499977884331,0.017484554830701538,1.2628680579239822,-15.1469084132058,1.2628680579239822,-31.8747670812585,175.12674088433502
30.22511255627814,0.00016670674917936785,-23.97720664722816,0.00011484328710523356,126.98890279074391,0.6888940470050683,0.017520316766288308,1.282638653750944,-15.129160921519881,1.282638653750944,-31.94185159447796,175.0015701933212
30.36518259129565,0.00016119478829931493,-25.146913460605024,0.00012117557450332584,125.36471695280305,0.7517338232940924,0.017557479938589412,1.2941538446744039,-15.110756382791639,1.2941538446744039,-32.012664230492575,174.90438007167825
30.50525262631316,0.0001553520038904105,-26.278611308659357,0.00012755954939445565,123.650361752059,0.821100122303151,0.017595832342674752,1.296645386755927,-15.091803694706702,1.296645386755927,-32.086960264067116,174.8392911217895
30.645322661330663,0.00014918540786811274,-27.354198986910696,0.00013396562807640541,121.85162076349849,0.8979807743317473,0.017635115679773942,1.2894142761146499,-15.072433743500975,1.2894142761146499,-32.16438669791045,174.81047717299796
30.785392696348175,0.00014270834931844048,-28.351474857980847,0.00014036135463358908,119.97457860664491,0.9835539077001423,0.01767502639446948,1.271861324480721,-15.05279857975018,1.271861324480721,-32.24447180394889,174.82203542651328
30.92546273136568,0.000135941519874578,-29.243226852770253,0.00014671181479540416,118.02570921668031,1.0792274128666726,0.017715218989358093,1.2435181416157477,-15.033069493965323,1.243518141615748,-32.326618261274014,174.87782855887778
31.065532766383193,0.0001289140120716681,-29.996080809659926,0.00015298020937980138,116.01193083896639,1.1866841076573895,0.017755311833759058,1.2040765857683269,-15.013433916940356,1.2040765857683269,-32.41010143177458,174.9813025677577
31.205602801400698,0.00012166445553493466,-30.569036512950547,0.00015912857940946106,113.94062697985275,1.3079299020392112,0.017794895505207638,1.1534144933151835,-14.994091158093434,1.1534144933151835,-32.49407428893872,175.13528784636512
31.34567283641821,0.00011424228731332752,-30.911612575188293,0.00016511866171780155,111.81963312522439,1.4453374980574185,0.017833543480307523,1.0916154455410714,-14.975247100499175,1.0916154455410716,-32.57758027697463,175.34179500385397
31.48574287143572,0.00010670925685055912,-30.96153364110989,0.0001709128402083978,109.65719014912952,1.6016683580483793,0.01787082474722907,1.0189805252863082,-14.957108082569057,1.0189805252863082,-32.659574883069816,175.60182074644374
31.625812906453227,9.914131984998755e-05,-30.64196145838964,0.00017647514567141018,107.46186683865002,1.7800362748694265,0.01790631767729326,0.936030477961278,-14.939874298442543,0.9360304779612778,-32.738955948475905,175.9151819452746
31.765882941470736,9.163112404929451e-05,-29.858472177798916,0.00018177224810138782,105.24245566199203,1.9837391496321748,0.017939624304047518,0.843497395695136,-14.923733125887688,0.843497395695136,-32.81460177213074,176.280397009192
31.905952976488244,8.4291290762411e-05,-28.49647239137384,0.00018677438148170894,103.00784756796801,2.215820635706761,0.01797038404929539,0.7423059190394424,-14.90885282760247,0.7423059190394424,-32.885414986557,176.69463212918012
32.04602301150575,7.725854186991943e-05,-26.420807910107698,0.00019145614307692122,100.76689298019367,2.4781226572885213,0.017998285931129225,0.6335448878984421,-14.89537706021681,0.6335448878984421,-32.95036918125791,177.15372548647213
32.18609304652326,7.069817959462321e-05,-23.481337489537577,0.00019579711758268683,98.52825702175157,2.7694789131116146,0.01802307839725637,0.5184312423561844,-14.883420563695712,0.5184312423561844,-33.00855451617306,177.65229530104904
32.32616308154077,6.48070844767011e-05,-19.53131872388853,0.00019978229018747406,96.30027722796993,3.0827230047557244,0.0180445761365003,0.39826865028918823,-14.873066299462794,0.39826865028918823,-33.059218293225335,178.18392849284592
32.46623311655828,5.981083773890128e-05,-14.46792545360483,0.00020340222996271376,94.09083152524681,3.400758752964597,0.01806266350302973,0.27440372846416555,-14.86436417300691,0.27440372846416555,-33.10179675269881,178.74143717320823
32.60630315157579,5.594737029607482e-05,-8.2996881581236,0.00020665304370318487,91.90722312730139,3.693704326218945,0.01807729450027701,0.14818278321821174,-14.857331335043167,0.14818278321821177,-33.13593523286202,179.317161913289
32.746373186593296,5.34295191234328e-05,-1.2230240528772491,0.00020953611794626942,89.7560873748185,3.9217294369091995,0.018088489569930918,0.02091173821000081,-14.851953924039394,0.02091173821000081,-33.16149514596666,179.90329534302145
32.886443221610804,5.2389468514218e-05,6.34838238036797,0.00021205768130327338,87.64332363035227,4.047715835210715,0.018096329676790163,-0.10617859750742606,-14.848190008374598,-0.10617859750742606,-33.1785477475016,-179.50780186679884
33.02651325662831,5.282961129813239e-05,13.863521414802618,0.000214228229022161,85.57405336921438,4.0550786530154594,0.01810094834626054,-0.23196044227995538,-14.845973418857213,-0.23196044227995538,-33.18735612998941,-178.92331804240214
33.16658329164582,5.461430472108381e-05,20.804624352641433,0.00021606185630788496,83.55260379146267,3.9561403813765743,0.01810252238746247,-0.35542938476939134,-14.845218135018552,-0.3554293847693914,-33.18834800827507,-178.3497601011492
33.30665332666333,5.751149060751099e-05,26.83385328735517,0.00021757554661527736,81.58251478250975,3.783166534495318,0.018101262026215245,-0.47571709100084214,-14.845822898243124,-0.47571709100084203,-33.18208252059704,-177.79278740041332
33.44672336168084,6.125570702314272e-05,31.8285419806666,0.00021878845679343015,79.6665659660576,3.571723638921852,0.018097401095109492,-0.5920968785317743,-14.847675763444215,-0.5920968785317743,-33.16921440749028,-177.2571133050891
33.58679339669835,6.559807082061392e-05,35.82580575530138,0.00021972123385152208,77.8068199507826,3.349507555677622,0.018091187805317058,-0.703983072858119,-14.850658358322665,-0.703983072858119,-33.15045861670604,-176.7464706924617
33.72686343171586,7.033067248570277e-05,38.94508996118267,0.00022039538956777132,76.00467764175993,3.133702292020236,0.018082876480610445,-0.810925305912028,-14.854649684807136,-0.810925305912028,-33.126557756859015,-176.26363227602383
33.866933466733364,7.5291250633771e-05,41.33059595252436,0.0002208327503691713,74.26094159968072,2.933046648983665,0.018072720489122323,-0.9125990076876331,-14.85952936214309,-0.9125990076876331,-33.098254049866476,-175.81047355658322
34.00700350175087,8.03581292276854e-05,43.120302786381814,0.00022105499178705658,72.57588379573679,2.7508727979557985,0.01806096647809705,-1.0087933090603143,-14.865180268803307,-1.0087933090603143,-33.06626666000745,-175.38806526548066
34.14707353676838,8.54422666541979e-05,44.43359577959933,0.00022108325993264446,70.94931463463995,2.5875163264033367,0.01804784991056561,-1.0993974529143233,-14.871490587136227,-1.0993974529143231,-33.031274611196146,-174.9967828962182
34.2871435717859,9.047962528300452e-05,45.368758988354294,0.00022093787711891286,69.38065071878307,2.441852255995288,0.01803359182422742,-1.1843866375860976,-14.878355289036966,-1.1843866375860976,-32.99390500011643,-174.63642274141114
34.427213606803406,9.54249011855243e-05,46.004706527241765,0.00022063812501272708,67.86897943563679,2.3121650876406385,0.018018396681256543,-1.2638080221394221,-14.885677123319375,-1.263808022139422,-32.9547258842579,-174.3063161977062
34.56728364182091,0.00010024669971149208,46.40405843844894,0.00022020209639377191,66.41311901972693,2.196601953256406,0.018002451149879105,-1.3377674305330283,-14.893367177449154,-1.3377674305330283,-32.91424305345963,-174.00543652244642
34.70735367683842,0.00010492392695279265,46.616286528166256,0.0002196466054861907,65.01167323983914,2.0933891045177333,0.017985923649594737,-1.4064171169802797,-14.901345090003112,-1.40641711698028,-32.87289984799236,-173.7324944209223
34.847423711855924,0.00010944311714208502,46.68046414521175,0.0002189871466394934,63.66308027671487,2.0009220530076126,0.017968964496710215,-1.469944806474714,-14.909538987902835,-1.469944806474714,-32.8310792276137,-173.48602065067251
34.98749374687344,0.00011379645421787642,46.627512995029484,0.00021823789159831382,62.36565568346583,1.9177916666935177,0.01795170650067978,-1.5285641058432935,-14.917885216203437,-1.5285641058432935,-32.78910738959315,-173.26443519787918
35.12756378189094,0.00011798030133065425,46.48198054418835,0.00021741171647972278,61.11762956522004,1.8427798033029243,0.017934265880646068,-1.582506291228721,-14.926327919728294,-1.5825062912287213,-32.74725835154199,-173.06610353189072
35.26763381690846,0.00012199410149786516,46.26342463057801,0.00021652025068083562,59.917178285852096,1.774841963852036,0.0179167433925116,-1.632013414656308,-14.934818526454542,-1.6320134146563077,-32.705759037104045,-172.8893810388173
35.40770385192596,0.00012583955077852743,45.98748535951911,0.0002155739411244101,58.76245111997563,1.713085749199881,0.01789922557769495,-1.6773326311778263,-14.943315173213229,-1.6773326311778265,-32.66479451658036,-172.73264705071568
35.547773886943475,0.00012951997313374826,45.66671401659823,0.00021458212641552028,57.65159232997808,1.6567493122773655,0.017881786064062804,-1.7187116245298992,-14.95178210557729,-1.7187116245298992,-32.624513153632456,-172.59432999889742
35.68784392196098,0.00013303984589703292,45.31121530850611,0.00021355311656397338,56.58275917229405,1.605181629038072,0.017864486866608274,-1.7563949990263452,-14.960189076113101,-1.7563949990263452,-32.58503149076562,-172.47292519445784
35.827913956978485,0.00013640443871866647,44.92914678634164,0.0002124942748891364,55.55413633444711,1.5578252209768986,0.017847379649947887,-1.7906215047645895,-14.968510758611709,-1.7906215047645895,-32.5464387704696,-172.3670066291215
35.967983991996,0.0001396195387037338,44.527108998034215,0.00021141209955115046,54.56394728307419,1.5142013898194946,0.017830506926616117,-1.8216219690500115,-14.97672619050753,-1.8216219690500115,-32.50880103735712,-172.27523403442984
36.10805402701351,0.00014269124148223985,44.11045182431925,0.00021031230284424037,53.610462969910486,1.4738977715770805,0.017813903174621247,-1.8496178167721435,-14.984818251362285,-1.849617816772144,-32.47216480175965,-172.19635626482767
36.24812406203102,0.00014562579300087718,43.68351626508955,0.00020919988695202005,52.692008302734294,1.436557924534426,0.017797595865064648,-1.874820074450217,-14.992773181922454,-1.874820074450217,-32.43656026955249,-172.1292118984438
36.38819409704852,0.00014842947050437848,43.24982627299457,0.00020807921531436555,51.806966745375405,1.4018726510799449,0.01778160639613466,-1.8974287654684705,-15.000580145711385,-1.8974287654684705,-32.402004158879244,-172.07272778917252
36.528264132066035,0.00015110849388621597,42.812241726237666,0.0002069540791058321,50.95378336778277,1.3695727737295007,0.017765950933785777,-1.9176326167300533,-15.008230833252256,-1.9176326167300533,-32.36850213401421,-172.02591616074673
36.668334167083536,0.0001536689606116456,42.37308100496423,0.00020582775859230757,50.130966625660506,1.3394231194969715,0.01775064116220045,-1.935609008985567,-15.015719107704403,-1.935609008985567,-32.336050891568,-171.98787071006075
36.80840420210105,0.0001561167989424905,41.93421966263696,0.00020470307933038832,49.33708911045004,1.3112175032860864,0.017735684948968482,-1.9515241140961501,-15.0230406898158,-1.9515241140961497,-32.304639935982365,-171.9577620830371
36.94847423711856,0.00015845773535618497,41.4971701973796,0.00020358246331616988,48.57078747511118,1.284774535358293,0.017721086931030375,-1.9655331723047205,-15.03019287954913,-1.965533172304721,-32.27425308083156,-171.9348330005364
37.08854427213606,0.00016069727294575688,41.06314680351596,0.00020246797528834353,47.83076170949923,1.2599341082576199,0.017706849028001476,-1.977780871167046,-15.037174311444383,-1.977780871167046,-32.244869710640536,-171.91839324222033
37.22861430715358,0.0001628406782799601,40.63311812817627,0.00020136136445451545,47.11577391118749,1.2365544443896848,0.01769297088967267,-1.9884017951696986,-15.04398474067036,-1.9884017951696986,-32.216465835317784,-171.9078146406828
37.368684342171086,0.00016489297474255225,40.20785040386339,0.0002002641019476103,46.424646673193045,1.2145096069755736,0.017679450284386722,-1.997520921316083,-15.050624856736741,-1.997520921316083,-32.189014966289534,-171.90252619436885
37.508754377188595,0.00016685894079258937,39.787942825102355,0.00019917741433770128,45.75626118899678,1.19368739482342,0.01766628343470876,-2.0052541412015925,-15.057096121946971,-2.0052541412015925,-32.162488840286485,-171.90200937375812
37.648824412206096,0.0001687431119202801,39.3738566486334,0.0001981023135288759,45.109555157207396,1.1739875558444488,0.01765346530641292,-2.011708794442121,-15.063400631837327,-2.011708794442121,-32.136858013655875,-171.90579366918715
37.78889444722361,0.0001705497853354828,38.96593919451126,0.00019703962336493455,44.483520552885246,1.1553202660287403,0.017640989856344668,-2.0169842018849504,-15.069540995046818,-2.0169842018849504,-32.11209234716294,-171.9134524089541
37.92896448224112,0.0001722830266336161,38.56444368940965,0.00019599000325502602,43.87720131960024,1.1376048301718436,0.01762885024422759,-2.0211721899295787,-15.075520230277853,-2.0211721899295787,-32.08816139856752,-171.9245988616763
38.06903451725863,0.00017394667784833095,38.169545708012116,0.00019495396911319753,43.28969102543951,1.1207685684183255,0.01761703901298914,-2.0243575996216987,-15.081341678227023,-2.0243575996216987,-32.06503473784485,-171.938882626163
38.20910455227614,0.00017554436643082036,37.78135682200971,0.00019393191188609398,42.72013051712602,1.1047458590049364,0.017605548241699753,-2.0266187760480987,-15.087008926580719,-2.0266187760480983,-32.04268219776941,-171.95598630443854
38.349174587293646,0.000177079514799218,37.399935950146606,0.00019292411392203348,42.16770559890057,1.0894773127246307,0.017594369674765284,-2.0280280350345983,-15.0925257463755,-2.0280280350345983,-32.02107407069129,-171.97562244828785
38.48924462231116,0.00017855535018370433,37.02529881026955,0.00019193076341338458,41.631644756623146,1.0749090588208035,0.01758349483058992,-2.028652105302597,-15.097896038215271,-2.028652105302597,-32.00018126068678,-171.99753076623216
38.62931465732866,0.000179974914558069,36.65742580033559,0.00019095196712324056,41.111216942470165,1.0609921254421812,0.01757291509253958,-2.0285525451315456,-15.103123787014383,-2.0285525451315456,-31.97997539884215,-172.02147557572445
38.76938469234617,0.00018134107450002958,36.29626857587417,0.0001899877615873076,40.60572943146025,1.0476819005904623,0.017562621784684696,-2.0277861332545664,-15.108213024096935,-2.0277861332545664,-31.960428928205328,-172.04724348423613
38.90945472736368,0.00018265653086333973,35.94175554343886,0.00018903812296295955,40.11452575768154,1.034937661793185,0.017552606234486377,-2.02640523422391,-15.113167795627856,-2.02640523422391,-31.941515163893236,-172.07464128251408
39.04952476238119,0.00018392382817679698,35.593796450756244,0.00018810297567975582,39.636983735391674,1.022722164628618,0.017542859824308848,-2.0244581388564264,-15.11799213648165,-2.0244581388564264,-31.923208332952022,-172.10349403341084
39.1895947973987,0.00018514536371045298,35.25228622273174,0.00018718220002943105,39.17251356799905,1.0110012817937124,0.017533374033392314,-2.0219893806350546,-15.122690048770247,-2.0219893806350546,-31.905483597810772,-172.13364334017476
39.329664832416206,0.0001863233961690003,34.91710816675569,0.0001862756388184696,38.72055604622663,0.9997436857017816,0.017524140471700988,-2.0190400291234254,-15.127265484353938,-2.0190400291234254,-31.88831706652953,-172.1649457788067
39.469734867433715,0.00018746005398760909,34.58813664972195,0.00018538310319284905,38.280580835416984,0.9889205686727407,0.01751515090686854,-2.0156479615659304,-15.131722330749488,-2.01564796156593,-31.871685792502827,-172.19727147995872
39.60980490245122,0.0001885573432172657,34.26523933192194,0.00018450437773230113,37.852084850903765,0.9785053956753382,0.017506397285294625,-2.0118481139100624,-15.136064399928735,-2.011848113910062,-31.855567765825576,-172.230502846801
39.74987493746874,0.0001896171549956835,33.94827902878559,0.00018363922490044238,37.43459071958573,0.9684736853299102,0.017497871748299698,-2.0076727125136133,-15.140295419570135,-2.0076727125136133,-31.839941898146186,-172.26453339626661
39.88994497248624,0.00019064127260664838,33.63711525973782,0.00018278738892726443,37.02764532525429,0.9588028155079046,0.01748956664411724,-2.0031514877962096,-15.144419026386206,-2.0031514877962096,-31.824788002512356,-172.29926671206817
40.03001500750375,0.0001916313781357077,33.331605533758825,0.0001819485991916581,36.63081843480285,0.9494718503918886,0.017481474536391994,-1.9983118710701941,-15.148438761202343,-1.9983118710701944,-31.81008676944645,-172.33461549883864
40.17008504252126,0.0001925890587337838,33.03160641321344,0.00018112257316380364,36.243701402155644,0.9404613863042433,0.01747358820975694,-1.993179175746288,-15.152358065508052,-1.993179175746288,-31.795819740264065,-172.37050072766786
40.310155077538774,0.00019351581250286602,32.7369743908472,0.00018030901896026464,35.86590594656704,0.9317534139882974,0.017465900672978547,-1.9877767640592847,-15.156180279241454,-1.9877767640592843,-31.781969278462398,-172.40685086417486
40.45022511255628,0.00019441305401966892,32.44756660929446,0.000179507637558433,35.497063001839784,0.9233311953438685,0.017458405160088654,-1.98212620040218,-15.159908639601873,-1.9821262004021805,-31.76851853984993,-172.4436011710679
40.590295147573784,0.0001952821195142097,32.16324144781063,0.00017871812471147297,35.13682163297346,0.9151791528894613,0.017451095129859397,-1.976247392296206,-15.163546280715181,-1.9762473922962065,-31.755451441958883,-172.48069307789976
40.7303651825913,0.00019612427172081576,31.88385899706684,0.00017794017260005417,34.7848480167686,0.9072827704535888,0.017443964263924697,-1.970158719961556,-15.167096234002006,-1.970158719961556,-31.742752633175357,-172.51807361141792
40.87043521760881,0.00019694070441924084,31.6092814395983,0.00017717347125285372,34.440824482963315,0.8996285037941811,0.01743700646380593,-1.9638771553906815,-15.170561429121046,-1.963877155390682,-31.73040746193295,-172.55569488055065
41.01050525262632,0.00019773254668343945,31.339373350774785,0.00017641770976401723,34.104448612562834,0.8922037000132998,0.01743021584706066,-1.9574183717640488,-15.173944695378585,-1.9574183717640492,-31.71840194624162,-172.59351361064887
41.15057528764382,0.0001985008668552039,31.07400193287123,0.00017567257733240506,33.77543239012548,0.8849965247786504,0.01742358674273917,-1.9507968439881809,-15.177248763511827,-1.9507968439881809,-31.706722743763883,-172.63149072213494
41.29064532266133,0.00019924667625936045,30.81303719288796,0.00017493776414449424,33.453501406887945,0.877995896487512,0.01741711368630506,-1.9440259410780711,-15.180476267767592,-1.9440259410780711,-31.69535712259947,-172.66959094919088
41.430715357678835,0.000199970932676608,30.55635207314408,0.00017421296212019146,33.138394111741775,0.8711914266156262,0.017410791414151312,-1.9371180110511654,-15.183629748209997,-1.9371180110511654,-31.684292932900043,-172.7077824945518
41.57078539269635,0.00020067454358938715,30.303822542294316,0.00017349786553851103,32.82986110720969,0.8645733655860006,0.017404614857822253,-1.9300844589482182,-15.186711653201193,-1.9300844589482182,-31.673518579400195,-172.74603671686654
41.71085542771386,0.0002013583692154329,30.05532765325808,0.0001727921715580413,32.527664487708115,0.8581325535725377,0.01739857913803368,-1.9229358185476524,-15.189724342007935,-1.9229358185476524,-31.663022994926173,-172.78432784743904
41.85092546273136,0.00020202322534290022,29.81074957356639,0.00017209558064533207,32.231577217523316,0.8518603757227861,0.017392679558567974,-1.9156818182944555,-15.192670087494628,-1.9156818182944555,-31.652795614919413,-172.82263273348656
41.99099549774888,0.00020266988598018756,29.569973592798775,0.00017140779692276212,31.941382546066144,0.8457487213444156,0.017386911600108138,-1.9083314419223023,-15.19555107886969,-1.9083314419223023,-31.642826352995748,-172.86093060533702
42.131065532766385,0.0002032990858328176,29.33288811107466,0.00017072852844605155,31.656873458106585,0.8397899466525376,0.01738127091406316,-1.9008929842081599,-15.198369424457887,-1.9008929842081599,-31.633105577546395,-172.89920286524682
42.271135567783894,0.00020391152261899144,29.099384611963284,0.00017005748742036166,31.377852156822012,0.8339768407208354,0.01737575331642788,-1.8933741022622863,-15.201127154475953,-1.8933741022622868,-31.623624089375674,-172.93743289575409
42.411205602801395,0.0002045078592347076,28.86935762266479,0.00016939439036284666,31.104129577619826,0.828302594319555,0.017370354781712262,-1.8857818627228555,-15.203826223792824,-1.8857818627228555,-31.614373100361473,-172.97560588568945
42.55127563781891,0.00020508872577864194,28.642704663881194,0.0001687389582185686,30.83552493081953,0.8227607713585062,0.017365071436968287,-1.878122785193464,-15.206468514659257,-1.878122785193464,-31.605344213117654,-173.01370867215655
42.69134567283642,0.00020565472144631772,28.41932619142469,0.00016809091643584824,30.57186527139466,0.8173452826840408,0.01735989955593669,-1.870402882233293,-15.209055839394692,-1.870402882233293,-31.596529401633134,-173.05172959696074
42.83141570785393,0.00020620641630246335,28.199125531296346,0.00016744999500638738,30.312985094088987,0.8120503620060586,0.01735483555333108,-1.8626276961834445,-15.211589943021437,-1.8626276961834445,-31.58792099285685,-173.08965837611785
42.97148574287144,0.00020674435293985608,27.982008809698428,0.0001668159284748462,30.058725952325776,0.8068705437549463,0.017349875979272664,-1.8548023330890113,-15.214072505838637,-1.8548023330890113,-31.579511649197443,-173.12748598120882
43.11155577788894,0.00020726904803238346,27.767884879214957,0.00016618845592198387,29.808936099431143,0.8018006426893937,0.017345017513885477,-1.8469314939543682,-15.216505145930032,-1.8469314939543682,-31.571294351902317,-173.16520453146978
43.251625812906454,0.0002077809937895223,27.55666524219854,0.00016556732092496378,29.56347015078614,0.7968357350946157,0.017340256962059045,-1.8390195035489845,-15.218889421601178,-1.839019503548984,-31.56326238528152,-173.20280719561535
43.39169584792396,0.00020828065931893634,27.34826397223529,0.0001649522714979802,29.322188765613067,0.7919711414269714,0.01733559124838299,-1.8310703369626082,-15.22122683374299,-1.8310703369626082,-31.55540932174002,-173.24028810249237
43.53176588294147,0.00020876849190342648,27.142597634416255,0.00016434306001596662,29.084958347184983,0.7872024102755387,0.017331017412256098,-1.8230876440917614,-15.22351882811948,-1.8230876440917614,-31.547729007582753,-173.2776422597486
43.67183591795897,0.00020924491819802822,26.939585205022695,0.0001637394431237981,28.85165076032751,0.7825253035241506,0.017326532603170706,-1.815074772224026,-15.225766797578565,-1.8150747722240255,-31.540215549556695,-173.31486547978176
43.81190595297649,0.00020971034535264613,26.739147991127986,0.00016314118163309512,28.622143065155853,0.7779357826089079,0.01732213407617193,-1.807034786872463,-15.227972084185408,-1.807034786872463,-31.53286330209484,-173.35195431230397
43.951975987994,0.0002101651620652306,26.5412095505312,0.0001625480404084624,28.396317266060695,0.7734299957764222,0.017317819187490015,-1.7989704909996165,-15.230135981278456,-1.798970490999617,-31.525666855227882,-173.3889059829229
44.092046023011505,0.00021060973957015452,26.345695612360256,0.00016195978824475924,28.174060075021174,0.7690042662571648,0.01731358539034344,-1.790884442758709,-15.232259735448775,-1.7908844427587085,-31.518621023130528,-173.42571833719612
44.232116058029014,0.0002110444325661099,26.15253399861991,0.0001613761977367832,27.9552626883858,0.7646550812764603,0.017309430230909445,-1.7827789718688845,-15.2343445484437,-1.7827789718688842,-31.511720833269674,-173.46238978967048
44.37218609304652,0.00021146958008754394,25.96165454690341,0.00016079704514256705,27.73982057631894,0.7603790818329543,0.0173053513444582,-1.7746561947314807,-15.236391578996145,-1.7746561947314807,-31.504961516124304,-173.49891927746165
44.51225612806404,0.0002118855063233686,25.77298903444041,0.00016022211024131693,27.527633284164445,0.7561730531808736,0.017301346451646497,-1.7665180283852808,-15.238401944581138,-1.7665180283852808,-31.498338495446497,-173.53530621797364
44.65232616308154,0.00021229252138641009,25.586471103614258,0.00015965117618687959,27.318604245029114,0.7520339159582833,0.017297413354966283,-1.7583662033905199,-15.240376723101415,-1.7583662033905196,-31.4918473790355,-173.57155047039524
44.79239619809905,0.00021269092203682336,25.40203618904732,0.00015908402935749298,27.112640602935237,0.7479587179087532,0.017293549935343388,-1.7502022757237972,-15.242316954503918,-1.7502022757237972,-31.48548394999766,-173.60765230064447
44.93246623311655,0.00021308099236246535,25.219621446325238,0.0001585204592024628,26.909653045936643,0.7439446261485804,0.01728975414888155,-1.7420276377592783,-15.244223642329297,-1.7420276377592783,-31.4792441584658,-173.6436123494632
45.072536268134066,0.00021346300441901265,25.039165682405525,0.00015796025808630175,26.70955564863299,0.7399889199359202,0.017286024023746543,-1.7338435284051577,-15.246097755196553,-1.7338435284051577,-31.473124113754018,-173.6794316033924
45.21260630315158,0.00021383721883240937,24.860609287736924,0.0001574032211307853,26.512265723557483,0.736088983902035,0.01728235765718567,-1.7256510424586766,-15.24794022822486,-1.7256510424586766,-31.467120076923663,-173.71511136838294
45.35267633816908,0.00021420388536605217,24.68389417009741,0.0001568491460552888,26.317703680948615,0.7322423017082529,0.017278753212677262,-1.7174511392376786,-15.249751964394902,-1.7174511392376788,-31.461228453738972,-173.7506532458206
45.49274637318659,0.00021456324345494847,24.50896369014471,0.00015629783301570623,26.125792896450914,0.7284464500953718,0.017275208917205496,-1.709244650541854,-15.251533835851758,-1.709244650541854,-31.45544578799063,-173.78605911076366
45.6328164082041,0.00021491552270892878,24.3357625986614,0.00015574908444218675,25.936459586323075,0.7246990932950237,0.017271723058655434,-1.7010322879924293,-15.253286685151572,-1.7010322879924296,-31.44976875516758,-173.82133109221095
45.772886443221616,0.00021526094338684507,24.164236975465744,0.00015520270487586347,25.749632689760496,0.7209979777750437,0.017268293983323423,-1.6928146497949734,-15.255011326454204,-1.6928146497949732,-31.444194156458323,-173.85647155523452
45.91295647823912,0.00021559971684355817,23.994334169951436,0.00015465850080470503,25.565243757969213,0.7173409272931799,0.017264920093538423,-1.684592226966285,-15.256708546663791,-1.6845922269662852,-31.438718913063536,-173.89148308482675
46.053026513256626,0.00021593204595138536,23.826002743212477,0.00015411628049857165,25.383226849654665,0.7137258382355585,0.01726159984538932,-1.6763654090629223,-15.258379106519453,-1.6763654090629223,-31.43334006080313,-173.92636847132567
46.193096548274134,0.0002162581254975658,23.65919241170339,0.0001535758538435154,25.20351843261455,0.7101506752181852,0.017258331746554098,-1.6681344894458,-15.26002374163804,-1.6681344894457997,-31.428054745002413,-173.96113069729472
46.33316658329165,0.00021657814255919498,23.493853992380227,0.00015303703217533072,25.026057291148593,0.7066134669314691,0.017255114354226424,-1.6598996701123756,-15.261643163510879,-1.6598996701123756,-31.422860215641588,-173.9957729257447
46.47323661830916,0.00021689227685697297,23.32993934926433,0.00015249962811232504,24.85078443902238,0.7031123022093088,0.01725194627313554,-1.6516610661253497,-15.263238060456416,-1.6516610661253497,-31.417753822755074,-174.03029848959628
46.61330665332666,0.00021720070108902613,23.16740134136723,0.00015196345538725134,24.67764303774281,0.699645326305667,0.01724882615365554,-1.6434187096643091,-15.264809098530538,-1.643418709664309,-31.41273301206679,-174.06471088229085
46.753376688344176,0.00021750358124596417,23.006193771912795,0.0001514283286783123,24.50657831992494,0.6962107373628456,0.017245752690000102,-1.6351725537245492,-15.266356922396383,-1.6351725537245492,-31.407795320849537,-174.0990137494661
46.89344672336168,0.00021780107690826445,22.846271338790714,0.0001508940634391265,24.337537517549723,0.6928067830568235,0.01724272461849922,-1.6269224754851968,-15.267882156155181,-1.6269224754851965,-31.402938373996058,-174.13321088162039
47.03351675837919,0.00021809334152699016,22.68758958617375,0.00015036047572751594,24.170469794931183,0.6894317574060741,0.01723974071595421,-1.6186682793668628,-15.26938540413991,-1.6186682793668628,-31.39815988029094,-174.16730620769832
47.173586793396694,0.00021838052268878552,22.530104857229784,0.00014982738203295643,24.00532618623109,0.6860839977312249,0.017236799798067876,-1.6104096997973072,-15.270867251673119,-1.610409699797307,-31.393457628873346,-174.20130378953493
47.3136568284142,0.00021866276236601952,22.37377424785897,0.00014929459910250912,23.84205953737689,0.6827618817538075,0.017233900717946504,-1.6021464037018878,-15.272328265790524,-1.6021464037018875,-31.38882948587974,-174.2352078171033
47.45372686343171,0.00021894019715289323,22.218555561385188,0.0001487619437650325,23.68062445225692,0.6794638248231186,0.017231042364670757,-1.5938779927341473,-15.273768995931698,-1.593877992734147,-31.384273391258894,-174.26902260451521
47.59379689844923,0.00021921295848826512,22.06440726413036,0.000148229232753452,23.520977243084104,0.6761882772609311,0.017228223661932635,-1.5856040052603773,-15.275189974599172,-1.5856040052603773,-31.379787355749016,-174.30275258673024
47.733866933466736,0.00021948117286589295,21.91128844179985,0.00014769628252484776,23.363075884837276,0.6729337218144579,0.017225443566735672,-1.577323918110767,-15.276591717987248,-1.5773239181107672,-31.375369458010343,-174.3364023169326
47.87393696848424,0.00021974496203274718,21.759158756606244,0.000147162909078102,23.206879973705917,0.6696986712085407,0.017222701068155998,-1.5690371481084526,-15.277974726581663,-1.5690371481084526,-31.371017841904578,-174.36997646454017
48.01400700350175,0.0002200044431759935,21.60797840505851,0.0001466289277688263,23.052350689481955,0.6664816657885853,0.01721999518616163,-1.5607430533866888,-15.27933948573126,-1.5607430533866888,-31.366730713914635,-174.4034798138141
48.15407703851926,0.00022025972909920592,21.45770807634327,0.00014609415312127487,22.89945076185972,0.6632812712462451,0.017217324970488022,-1.5524409345032444,-15.280686466192666,-1.5524409345032444,-31.36250634069816,-174.4369172630404
48.29414707353677,0.00022051092838832307,21.30830891122362,0.00014555839863692518,22.748144440622426,0.660096076420279,0.017214689499567386,-1.544130035360138,-15.282016124649067,-1.5441300353601377,-31.358343046768343,-174.4702938242596
48.43421710855427,0.00022075814556782574,21.159742461381054,0.00014502147659939475,22.59839746971249,0.65692469116542,0.017212087879510198,-1.5358095439358632,-15.283328904203831,-1.5358095439358632,-31.354239212296527,-174.50361462352302
48.57428714357179,0.00022100148124756965,21.011970649124894,0.00014448319787533604,22.45017706520106,0.6537657442824263,0.017209519243136646,-1.5274785928363475,-15.284625234850031,-1.5274785928363475,-31.350193271031245,-174.5368849016572
48.714357178589296,0.00022124103226067694,20.864955727392793,0.0001439433717109379,22.303451897192012,0.6506178815028165,0.017206982749056673,-1.5191362596700386,-15.285905533916509,-1.5191362596700384,-31.34620370832876,-174.57011001552237
48.854427213606805,0.00022147689179285345,20.718660239964912,0.00014340180552363443,22.158192075715586,0.6474797635220456,0.017204477580796802,-1.5107815672516693,-15.287170206491272,-1.5107815672516696,-31.342269059290608,-174.6032954397508
48.99449724862431,0.00022170914950346134,20.57304698181326,0.00014285830468860482,22.01436914068844,0.6443500640751613,0.017202002945972312,-1.5024134836384975,-15.288419645822927,-1.5024134836384975,-31.338387907003813,-174.63644676895706
49.134567283641815,0.00022193789163865485,20.42807895950627,0.000142312672319622,21.871956056039252,0.6412274680491533,0.017199558075503628,-1.4940309220020198,-15.289654233700652,-1.4940309220020196,-31.33455888088011,-174.66956972041137
49.27463731865933,0.00022216320113684483,20.283719351586964,0.00014176470904378327,21.73092720812294,0.6381106696264298,0.01719714222287552,-1.4856327403374605,-15.290874340813366,-1.4856327403374603,-31.330780655090543,-174.70267013717225
49.41470735367684,0.000222385157726737,20.139931468841677,0.00014121421276963255,21.591258408572465,0.6349983704539945,0.017194754663438234,-1.477217741012603,-15.292080327088463,-1.4772177410126033,-31.327051947092343,-174.73575399167535
49.55477738869435,0.00022260383801815545,19.99667871437371,0.00014066097844815342,21.452926901763888,0.6318892778330317,0.01719239469374957,-1.4687846701568226,-15.293272542010616,-1.4687846701568226,-31.323371516245228,-174.76882738977827
49.69484742371185,0.00022281931558583326,19.853924543394434,0.00014010479782608482,21.315911377101234,0.6287821029237225,0.017190061630957043,-1.460332216890519,-15.29445132492096,-1.460332216890519,-31.319738162514522,-174.8018965752637
49.834917458729365,0.00022303166104633098,19.711632422641628,0.0001395454591909816,21.180191986358903,0.6256755589601848,0.017187754812219694,-1.4518590123944444,-15.295617005296888,-1.4518590123944444,-31.31615072525924,-174.8349679348048
49.97498749374687,0.00022324094212820662,19.569765789331793,0.00013898274710740695,21.04575036635483,0.6225683594705024,0.017185473594168867,-1.4433636288177465,-15.296769903012786,-1.4433636288177467,-31.312608082102447,-174.8680480033994
50.11505752876438,0.00022344722373553972,19.428288009550027,0.00013841644214360993,20.91256966726585,0.6194592164968328,0.017183217352407555,-1.4348445780228838,-15.297910328581745,-1.4348445780228838,-31.3091091478835,-174.90114347028126
50.25512756378189,0.0002236505680048839,19.28716233597742,0.0001378463205880053,20.78063458693861,0.6163468388105999,0.01718098548104838,-1.4263003101648453,-15.299038583378355,-1.426300310164845,-31.30565287368965,-174.93426118531997
50.3951975987994,0.00022385103435568888,19.146351864852118,0.00013727215415473143,20.64993141159577,0.613229930117778,0.017178777392289762,-1.4177292121014875,-15.300154959842619,-1.4177292121014873,-31.302238245967033,-174.96740816592185
50.535267633816915,0.00022404867953421164,19.005819492055156,0.0001366937096775206,20.520448063387676,0.6101071872492237,0.01717659251603061,-1.4091296056310023,-15.301259741664845,-1.4091296056310023,-31.298864285709943,-175.0005916044473
50.675337668834416,0.000224243557650903,18.86552786820803,0.00013611074879107265,20.392174155296296,0.6069772983309809,0.0171744302995239,-1.400499745551884,-15.302353203951336,-1.4004997455518842,-31.295530047728242,-175.0338188761629
50.815407703851925,0.00022443572021122336,18.72543935266309,0.0001355230275990713,20.265101053960787,0.6038389409293958,0.017172290207069164,-1.3918378175399797,-15.303435613370741,-1.3918378175399795,-31.292234619993028,-175.06709754774735
50.955477738869426,0.00022462521613981796,18.585515966262,0.00013493029632793619,20.139221951062712,0.6006907801657888,0.017170171719745022,-1.3831419358364556,-15.304507228280563,-1.3831419358364556,-31.28897712306074,-175.1004353863748
51.09554777388694,0.00022481209179794066,18.445719342731117,0.0001343322989653438,20.014531943986874,0.5975314667953031,0.01716807433518218,-1.3744101407396871,-15.305568298833487,-1.3744101407396871,-31.285756709576845,-175.1338403694003
51.23561780890446,0.00022499639099398636,18.30601067857551,0.00013372877288249903,19.891028126559313,0.5943596352444306,0.017165997567378227,-1.3656403958932894,-15.306619067062908,-1.3656403958932894,-31.28257256386025,-175.167320694675
51.37568784392196,0.00022517815498695397,18.166350681325486,0.00013311944843907012,19.768709690760698,0.5911739016015235,0.017163940946555167,-1.3568305853615925,-15.30765976694709,-1.3568305853615925,-31.27942390156956,-175.20088479152272
51.51575787893947,0.00022535742248262468,18.026699515980805,0.0001325040485696403,19.64757804042076,0.5879728615544337,0.01716190401906158,-1.3479785104829567,-15.308690624451017,-1.3479785104829567,-31.27630996945389,-175.23454133241086
51.655827913956976,0.00022553422962219777,17.887016749489025,0.00013188228835045692,19.52763691802103,0.5847550882692117,0.017159886347320828,-1.3390818864903768,-15.309711857545153,-1.3390818864903768,-31.273230045190545,-175.26829924535252
51.79589794897449,0.00022570860996308184,17.747261293083742,0.00013125387454518503,19.408892545868834,0.5815191302035561,0.017157887509827524,-1.330138338887795,-15.310723676200004,-1.330138338887795,-31.270183437312106,-175.30216772708138
51.93596798399199,0.000225880594451497,17.607391342297348,0.00013061850512829503,19.29135378305857,0.578263508848444,0.01715590710119472,-1.3211453995694098,-15.311726282355156,-1.32114539956941,-31.267169485227377,-175.33615625704132
52.0760380190095,0.00022605021138648418,17.46736431445146,0.00012997586878463096,19.175032299809864,0.5749867163911105,0.01715394473225423,-1.3121005026682095,-15.312719869861592,-1.3121005026682095,-31.26418755933956,-175.3702746122401
52.21610805402701,0.00022621748637487076,17.32713678341445,0.00012932564438361844,19.05994277096677,0.5716872132922104,0.017152000030213534,-1.303000980118645,-15.313704624395498,-1.303000980118645,-31.261237061266907,-175.40453288301794
52.356178089044526,0.0002263824422766743,17.186664411401253,0.00012866750042647972,18.946103090663765,0.56836342576969,0.017150072638872315,-1.2938440569170984,-15.314680723341954,-1.2938440569170984,-31.25831742417105,-175.43894148978748
52.496248124062035,0.0002265450991403686,17.04590187757522,0.00012800109446472842,18.833534610414702,0.5650137431815209,0.017148162218903033,-1.2846268460623895,-15.315648335646284,-1.2846268460623897,-31.2554281131996,-175.4735112008058
52.636318159079536,0.0002267054741273535,16.904802803194492,0.0001273260724881118,18.722262403166006,0.5616365152990765,0.017146268448199494,-1.275346343157076,-15.316607621631057,-1.275346343157076,-31.252568626049797,-175.50825315104424
52.77638819409705,0.00022686358142490304,16.76331967302684,0.00012664206828006926,18.61231555617854,0.5582300494625253,0.017144391022298717,-1.265999420648675,-15.317558732775947,-1.2659994206486749,-31.249738493661315,-175.54317886222717
52.91645822911455,0.00022701943214677148,16.621403752736935,0.00012594870273866402,18.503727495972765,0.554792607609186,0.017142529654881503,-1.2565828216882788,-15.318501811457745,-1.2565828216882788,-31.246937281047206,-175.57830026411662
53.05652826413207,0.00022717303422054174,16.4790050019274,0.000125245583160831,18.396536348992235,0.5513224031653395,0.01714068407835794,-1.2470931535821015,-15.319436990647326,-1.2470931535821015,-31.244164588273247,-175.61362971712632
53.19659829914957,0.00022732439226070132,16.3360719824916,0.00012453230248767738,18.29078534212299,0.5478175977915323,0.01713885404454481,-1.237526880809605,-15.32036439355998,-1.2375268808096047,-31.24142005159664,-175.64918003635407
53.33666833416708,0.00022747350742630758,16.192551761909336,0.00012380843850845073,18.18652324775849,0.5442762979709177,0.017137039325442784,-1.2278803175796624,-15.321284133255093,-1.2278803175796622,-31.238703344777356,-175.68496451713077
53.47673836918459,0.00022762037726197686,16.04838981108848,0.00012307355302067742,18.083804878733496,0.5406965514296966,0.017135239714121953,-1.218149619893963,-15.322196312180832,-1.2181496198939628,-31.236014180575758,-175.72099696218984
53.616808404202104,0.00022776499552078992,15.903529896324192,0.00012232719094386416,17.98269163917926,0.5370763433782273,0.017133455025725528,-1.2083307770843927,-15.323101021658754,-1.2083307770843927,-31.2333523124528,-175.75729171057145
53.75687843921961,0.00022790735196754475,15.757913964913204,0.00012156887938404448,17.88325213819211,0.5334135925608777,0.017131685098602467,-1.1984196027884664,-15.323998341302925,-1.1984196027884664,-31.230717536490342,-175.7938636683828
53.896948474237114,0.0002280474321606108,15.611482023924069,0.00012079812664635869,17.78556287417742,0.5297061471022492,0.017129929795581273,-1.1884117253240785,-15.324888338367206,-1.1884117253240785,-31.228109693551588,-175.83072834154797
54.03701850925463,0.0002281852172104389,15.464172011583294,0.00012001442119276437,17.689708998852442,0.5259517801369388,0.01712818900539837,-1.1783025774217435,-15.325771067013953,-1.1783025774217435,-31.22552867170381,-175.86790187068888
54.17708854427213,0.00022832068351256223,15.31591966069345,0.00011921723054191266,17.595785171191825,0.5221481852096563,0.017126462644296302,-1.168087385269237,-15.326646567496278,-1.168087385269237,-31.22297440892808,-175.9054010682929
54.31715857928965,0.0002284538024526737,15.166658353451027,0.00011840600010817931,17.503896513110547,0.5182929714321923,0.01712475065780859,-1.1577611568200115,-15.327514865245341,-1.1577611568200112,-31.220446896143898,-175.94324345833277
54.45722861430715,0.00022858454008108868,15.016318966979156,0.00011758015197683435,17.41415968043733,0.514383658383562,0.017123053022750235,-1.1473186693129758,-15.328375969852932,-1.1473186693129755,-31.217946180579546,-175.98144731851949
54.597298649324664,0.00022871285675359158,14.864829708832993,0.00011673908361236789,17.326704064784614,0.5104176707395995,0.017121369749434998,-1.1367544559471583,-15.329229873938615,-1.1367544559471583,-31.21547236952304,-176.0200317253821
54.737368684342165,0.000228838706735314,14.712115941672955,0.00011588216649709274,17.24167314432133,0.5063923326184836,0.01711970088414323,-1.12606279165047,-15.330076551889293,-1.12606279165047,-31.21302563449258,-176.05901660238476
54.87743871935968,0.00022896203776390215,14.558099996232121,0.00011500874469731065,17.159226004268906,0.5023048616290869,0.017118046511866675,-1.1152376778770767,-15.33091595845768,-1.1152376778770765,-31.210606215869696,-176.09842277130744
55.01750875437719,0.0002290827905677875,14.402700971629905,0.00011411813335460878,17.07953905124951,0.49815236260988477,0.017116406759360322,-1.104272826363002,-15.331748027204444,-1.104272826363002,-31.20821442804447,-176.13827200713484
55.1575787893947,0.00022920089833487783,14.24583452200216,0.00011320961710025307,17.002807949512167,0.49393182104743,0.017114781798534356,-1.0931616417642822,-15.332572668767044,-1.0931616417642822,-31.205850665126814,-176.1785870967178
55.29764882441221,0.00022931628612642504,14.087412628329044,0.00011228244839120983,16.929249811667606,0.48964009616528964,0.017113171850224172,-1.0818972030964242,-15.333389768936046,-1.0818972030964242,-31.203515407286257,-176.21939190149132
55.437718859429715,0.0002294288702301899,13.927343354244636,0.00011133584576710249,16.85910568201624,0.4852739136770247,0.017111577188380318,-1.0704722438880045,-15.334199186517461,-1.0704722438880045,-31.20120922778822,-176.26071142455677
55.577788894447224,0.00022953855744630943,13.76553058450675,0.00011036899202845259,16.79264335703292,0.48082985820048385,0.017109998144726073,-1.0588791309550853,-15.335000750956889,-1.0588791309550853,-31.19893280080554,-176.30257188245804
55.71785892946473,0.00022964524429845695,13.60187374468938,0.00010938103233792809,16.730160595289284,0.47630436533565546,0.017108435113936074,-1.047109841696562,-15.33579425969819,-1.0471098416965623,-31.196686910091994,-176.34500078200773
55.85792896448224,0.00022974881616196632,13.436267500535168,0.00010837107224813714,16.671988778315512,0.471693713414996,0.017106888559396245,-1.0351559398039218,-15.336579475246026,-1.0351559398039216,-31.194472458616836,-176.38802700254595
55.99799899949974,0.00022984914629954652,13.26860143526776,0.00010733817566185271,16.618497094952918,0.46699401494389836,0.01710535901961309,-1.0230085492718555,-15.337356121897585,-1.0230085492718555,-31.192290479271318,-176.43168088404167
56.13806903451726,0.0002299460947940208,13.098759703016212,0.00010628136273360893,16.57009733503277,0.4622012077605091,0.017103847115349104,-1.0106583265892322,-15.338123882104412,-1.010658326589232,-31.190142146773173,-176.47599432147732
56.27813906953477,0.00023003950736617796,12.926620656341269,0.00010519960772553357,16.527249394236605,0.4573110459590593,0.017102353557571243,-0.9980954309827532,-15.338882392420059,-0.998095430982753,-31.18802879091083,-176.5210008659872
56.418209104552275,0.0002301292140642769,12.752056445679651,0.00010409183683534493,16.49046761137867,0.4523190906404055,0.017100879156310526,-0.9853094925787788,-15.339631238983644,-0.9853094925787788,-31.185951911288132,-176.5667358332522
56.558279139569784,0.00023021502780999165,12.574932588333416,0.00010295692602092977,16.46032808288805,0.4472207005787018,0.017099424830544274,-0.9722895783421317,-15.340369952482558,-0.9722895783421316,-31.183913193751902,-176.61323641968573
56.69834917458729,0.00023029674278357565,12.39510750442784,0.00010179369885424629,16.437477127946465,0.44201102292579203,0.017097991619227138,-0.959024155644634,-15.341098002530092,-0.959024155644634,-31.18191452870885,-176.66054182697823
56.8384192096048,0.00023037413262872548,12.212432017043918,0.00010060092444798544,16.422641112807906,0.4366849841171858,0.017096580693614114,-0.9455010533110225,-15.341814791385177,-0.9455010533110226,-31.179958031566485,-176.70869339559948
56.97848924462231,0.00023044694845499833,12.026748813497402,9.937731551212492e-05,16.41663788587012,0.43123728119806853,0.017095193371038493,-0.9317074199860109,-15.34251964693131,-0.9317074199860109,-31.178046065565006,-176.75773474788747
57.11855927963982,0.00023051491661262372,11.837891864489068,9.81215266151292e-05,16.42039012810171,0.4256623738585243,0.017093831130329886,-0.9176296796643398,-15.34321181482052,-0.9176296796643398,-31.176181267303562,-176.80771194138174
57.258629314657334,0.00023057773621108703,11.645685797588648,9.683215274720152e-05,16.434940989020333,0.41995447755872917,0.017092495629083215,-0.9032534842262908,-15.343890449675184,-0.9032534842262908,-31.1743665753075,-176.85867363307975
57.398699349674835,0.0002306350763488926,11.449945221241727,9.55077283122143e-05,16.461472459865817,0.4141075582438086,0.01709118872301905,-0.8885636628252875,-15.344554605225484,-0.8885636628252875,-31.172605262031148,-176.91067125531336
57.53876938469235,0.00023068657301733808,11.250473995204361,9.414672671269298e-05,16.501327037149792,0.4081153293027464,0.017089912487709576,-0.873544167982942,-15.345203223243205,-0.873544167982942,-31.17090096974757,-176.96375920394786
57.67883941970985,0.0002307318256358664,11.04706444302344,9.274756074118348e-05,16.556033356860958,0.4019712516276568,0.017088669242983433,-0.8581780182619261,-15.345835121112705,-0.8581780182619261,-31.16925775084136,-177.01799503959987
57.81890945472737,0.00023077039317048943,10.839496501891032,9.1308584054971e-05,16.62733663933524,0.395668537893913,0.01708746158036753,-0.8424472374098793,-15.346448977857358,-0.8424472374098794,-31.167680113095223,-177.07343970254632
57.95897948974487,0.00023080178977977043,10.627536804923697,8.982809409421374e-05,16.71723498634436,0.389200162528753,0.017086292393975522,-0.8263327899009834,-15.347043318413496,-0.8263327899009835,-31.16617307064786,-177.1301577419479
58.09904952476238,0.0002308254799247551,10.410937690659827,8.830433691244766e-05,16.828022827253548,0.3825588792937126,0.01708516491531224,-0.8098145128485855,-15.34761649591385,-0.8098145128485854,-31.16474220140059,-177.18821755992875
58.23911955977989,0.00023084087286988082,10.189436134347458,8.67355145317692e-05,16.962343135687494,0.3757372490124824,0.01708408275253175,-0.7928710443262502,-15.348166671707961,-0.7928710443262503,-31.16339371176585,-177.24769167093262
58.379189594797396,0.0002308473164910616,9.962752595434841,8.511979562461781e-05,17.123250452251792,0.3687276807825212,0.01708304993476579,-0.7754797482208463,-15.348691792807008,-0.7754797482208463,-31.162134509784604,-177.30865697659553
58.51925962981491,0.00023084409029460023,9.730589775603292,8.345533057613742e-05,17.314287278762134,0.36152249108752493,0.01708207096223044,-0.7576166358556139,-15.349189566394791,-0.7576166358556139,-31.160972287795616,-177.37119505612554
58.65932966483241,0.00023083039753604573,9.49263128173936,8.174027231796494e-05,17.539577089117344,0.3541139866780355,0.017081150862923465,-0.7392562847717217,-15.349657430993702,-0.7392562847717216,-31.159915616018683,-177.43539247183497
58.79939969984993,0.000230805356311267,9.248540188480153,7.99728047769829e-05,17.80393807498148,0.3464945790475095,0.01708029525684574,-0.7203717552530764,-15.35009252381385,-0.7203717552530765,-31.15897404862355,-177.50134108900585
58.93946973486743,0.00023076798947248306,8.997957495455992,7.815118139439834e-05,18.113022865826153,0.33865694099535043,0.01707951042881891,-0.700934505433916,-15.350491643743851,-0.700934505433916,-31.15815824409782,-177.5691384086474
59.079539769884946,0.00023071721319934497,8.740500475186721,7.627377700212542e-05,18.47349090031404,0.3305942194101622,0.017078803411130647,-0.6809143061573637,-15.350851209361876,-0.6809143061573636,-31.15748010200757,-177.63888791088183
59.21960980490245,0.0002306518240289332,8.47576090888784,7.433915748024543e-05,18.89322195897715,0.32230032341266135,0.017078182077421997,-0.660279157175784,-15.35116721125403,-0.660279157175784,-31.156952918569907,-177.71069940561412
59.35967983991996,0.00023057048411814182,8.203303209369151,7.234617318157362e-05,19.38158168198389,0.3137703139162609,0.017077655249439792,-0.6389952068254049,-15.351435157823056,-0.6389952068254048,-31.15659156383206,-177.78468938572814
59.499749874937464,0.00023047170447678246,7.922662432976197,7.029408426655574e-05,19.9497527641149,0.3050009302709744,0.01707723281851505,-0.6170266780000262,-15.351650013651884,-0.6170266780000263,-31.15641268368599,-177.8609813762127
59.63981990995498,0.00023035382586915776,7.633342186412074,6.818272908141073e-05,20.611148961854987,0.29599130304933113,0.017076925883898,-0.5943358041316087,-15.351806129352642,-0.5943358041316087,-31.15643493044883,-177.9397062702363
59.77988994497249,0.00023021499703511635,7.334812439654985,6.601275086409569e-05,21.381932938938274,0.2867439207447736,0.017076746910383887,-0.5708827800095859,-15.35189716168179,-0.5708827800095859,-31.15667922631279,-178.0210026401048
59.91995997998999,0.00023005314982794774,7.026507263540497,6.378590382308483e-05,22.281662852225274,0.2772659442863054,0.017076709908002943,-0.546625733699181,-15.35191598253492,-0.546625733699181,-31.157169064628572,-178.1050170070544
60.060030015007506,0.0002298659708051631,6.707822520547809,6.150546758368095e-05,23.334095244720846,0.2675709996057383,0.017076830636922512,-0.521520727631358,-15.35185457525153,-0.521520727631358,-31.157930854732008,-178.19190404870574
60.20010005002501,0.0002296508687385768,6.378113550762553,5.917680982675594e-05,24.568170568017525,0.25768162842928277,0.017077126841117,-0.49552179923306555,-15.351703916462112,-0.49552179923306555,-31.158994316870796,-178.28182671640613
60.34017008504252,0.00022940493743167103,6.03669291299735,5.680815131839437e-05,26.019196811786696,0.24763264450362954,0.017077618514795213,-0.46858105437022524,-15.351453841501069,-0.46858105437022524,-31.16039293473103,-178.37495622621796
60.480240120060024,0.00022912491314485816,5.682828265109238,5.4411605649282575e-05,27.73021483977375,0.23747572842453094,0.01707832820602281,-0.4406488305421309,-15.351092891196792,-0.4406488305421309,-31.16216447410318,-178.47147187643836
60.62031015507754,0.00022880712583343282,5.31574049959803,5.200458650176402e-05,29.753454176497733,0.2272856945007139,0.01707928136241781,-0.4116739513846166,-15.350608137646324,-0.4116739513846166,-31.16435157735114,-178.571560630614
60.76038019009504,0.00022844744330019666,4.934602293172556,4.961169262261908e-05,32.15163042776903,0.21716895538824518,0.01708050672419573,-0.3816040998441366,-15.349984986405033,-0.38160409984413657,-31.16700244452523,-178.67541638719675
60.90045022511256,0.00022804120725793402,4.538537285513802,4.726717979150252e-05,34.998529811080125,0.2072747305623554,0.017082036770142504,-0.3503863446571353,-15.349206952401456,-0.3503863446571353,-31.170171613142585,-178.78323883423334
61.040520260130066,0.00022758316019154957,4.126620177426711,4.5018075110343836e-05,38.37778355630635,0.1978093417476651,0.01708390822221774,-0.31796786384523446,-15.34825540686638,-0.3179678638452344,-31.17392084975617,-178.89523175847617
61.180590295147574,0.00022706736181471126,3.697878137860939,4.2927812564942263e-05,42.377891774952694,0.18905320527734715,0.01708616261431583,-0.28429692020821834,-15.347109292707767,-0.28429692020821834,-31.1783201673082,-179.01160064142624
61.32066033016508,0.0002264870938456415,3.251294040688841,4.1079857605380846e-05,47.080557695454644,0.18137835983439363,0.017088846930062608,-0.2493241577061599,-15.345744806161083,-0.24932415770615984,-31.183448982695907,-179.1325493280874
61.46073036518259,0.00022583475180342567,2.7858122259128955,3.9580028723747506e-05,52.539031702567236,0.17526101898701277,0.017092014313146532,-0.2130043046451326,-15.344135043329699,-0.2130043046451326,-31.189397428635775,-179.25827549524965
61.6008004002001,0.00022510172258345017,2.3003477096095235,3.85551936477647e-05,58.74546205219039,0.17127898092148736,0.017095724851217714,-0.17529839018934623,-15.342249611587311,-0.17529839018934623,-31.196267832301913,-179.38896457214852
61.74087043521761,0.00022427824675824164,1.7938000700120076,3.814540347788352e-05,65.59398041930193,0.17008071014128245,0.017100046430332624,-0.13617660530811765,-15.34005420800101,-0.13617660530811765,-31.20417636960624,-179.5247816742471
61.88094047023512,0.00022335326494118612,1.2650736366068565,3.848788183760755e-05,72.85873173058413,0.17231842054219473,0.01710505565058606,-0.09562196801265349,-15.337510170301488,-0.09562196801265348,-31.213254897330714,-179.6658609973822
62.02101050525262,0.00022231424825099936,0.713106134521843,3.96958287112069e-05,80.21206898098494,0.17855728556988007,0.01711083878401529,-0.053634985401211026,-15.33457401095002,-0.05363498540121104,-31.223652954106576,-179.81229198155256
62.161080540270135,0.0002211470140749464,0.13690862553128103,4.1840531821870816e-05,87.2905429417179,0.18919781484226197,0.017117492741838936,-0.010239540589702915,-15.331196952153183,-0.010239540589702915,-31.235539903345924,-179.96410138914808
62.30115057528764,0.00021983553016004733,-0.4643795129534104,4.49457868751649e-05,93.78006247141559,0.20445187746695415,0.017125125997988527,0.034509731287286946,-15.327324490055819,0.034509731287286946,-31.249107163732546,179.8787697483103
62.44122061030515,0.00021836171285567272,-1.0914156603995318,4.8996508782849364e-05,99.47444615877244,0.2243823248228221,0.01713385938768553,0.08051828164844607,-15.322896030785165,0.08051828164844607,-31.264570431797072,179.71649557296385
62.58129064532266,0.00021670522948264047,-1.7445526595845833,5.395508567776394e-05,104.28505602028835,0.24897915849366295,0.01714382666111302,0.1276403848224314,-15.317844660672266,0.1276403848224314,-31.28217174119794,179.54940271132804
62.72136068034017,0.00021484332083275732,-2.423702817225553,5.977704107630289e-05,108.21429788975348,0.2782355106251394,0.01715517462040739,0.17566545944945244,-15.312097139055814,0.17566545944945242,-31.302181117943654,179.37801713264693
62.86143071535768,0.00021275066836872218,-3.1281564439151457,6.642133672173115e-05,111.318463536339,0.31220271706322017,0.017168062600809664,0.22430171046581446,-15.305574235637902,0.22430171046581446,-31.324897471934534,179.20312236698422
63.001500750375186,0.0002103993425927513,-3.8563412079460964,7.385492958908275e-05,113.67689580548495,0.3510226252561837,0.017182660972423956,0.27315694887375397,-15.2981915758753,0.2731569488737539,-31.350648204125918,179.02583087341216
63.141570785392695,0.00020775888516472702,-4.605505037891579,8.20531895309069e-05,115.37237324539485,0.39494430991891827,0.0171991482386903,0.3217166823300788,-15.289861206445373,0.3217166823300788,-31.379786797411214,178.8476700359739
63.28164082041021,0.00020479659851065495,-5.371301295746363,9.099789659580037e-05,116.4809889638586,0.4443330468258047,0.017217706197429575,0.3693199729125097,-15.280494144883278,0.3693199729125097,-31.412687394250835,178.6706834529471
63.42171085542771,0.0002014781433750805,-6.147250770344211,0.0001006739658150809,117.06818189520834,0.4996768588822156,0.01723851252495782,0.4151341925215796,-15.270004225016883,0.41513419252157957,-31.449735051800303,178.49754657383633
63.56178089044523,0.000197768576701953,-6.924051430536296,0.00011106549041237538,117.18816189389389,0.5615932129589857,0.017261730071980966,0.4581307346439865,-15.25831357785778,0.4581307346439865,-31.491310033399394,178.3316929291999
63.70185092546273,0.00019363399735748105,-7.688705273741123,0.00012215134968872066,116.8849737235256,0.6308362754253771,0.017287492170242925,0.4970650045936078,-15.245360071567493,0.4970650045936078,-31.537764208309174,178.1774427143975
63.84192096048024,0.00018904400056532993,-8.423434700008857,0.00013390048084344625,116.19423512286495,0.70830325449642,0.01731588341413877,0.5304655856793185,-15.231106938031422,0.5304655856793185,-31.589387512490397,178.0401188666489
63.981990995497746,0.00018397516388869557,-9.104373421420028,0.00014626690971392454,115.14507503871873,0.7950361702214087,0.017346915798106488,0.5566392135809429,-15.215554591395437,0.5566392135809429,-31.64636267643275,177.92612678029693
64.12206103051525,0.00017841578191964326,-9.70004719141043,0.0001591847316914762,113.76206418218432,0.8922121685578883,0.017380500864113652,0.5736997201843111,-15.19875424770113,0.5736997201843111,-31.708707350116182,177.8429628333455
64.26213106553277,0.00017237200882841758,-10.169721202382386,0.0001725634024471895,112.06705589885554,1.0011103520813662,0.01741641972082857,0.5796297767489217,-15.180822354251077,0.5796297767489217,-31.776204719875636,177.79910560173053
64.40220110055027,0.00016587542345350068,-10.461805329992062,0.00018628390931105062,110.08090037378925,1.123035018887358,0.017454294415811294,0.5723831228536862,-15.16195405411991,0.5723831228536862,-31.84832705867166,177.80373569131822
64.54227113556779,0.00015899175770519756,-10.51270673218027,0.0002001966021520891,107.82499572412472,1.2591633996731677,0.017493565958375246,0.5500309211606971,-15.142433063446934,0.5500309211606972,-31.924161469826394,177.8662317670111
64.68234117058529,0.0001518300766991981,-10.246839307661611,0.00021412159430143053,105.32261813863606,1.410271264801129,0.017533485804241047,0.5109481254062875,-15.122634678585328,0.5109481254062874,-32.00235285010397,177.99540997566874
64.8224112056028,0.0001445510201576795,-9.578963521857496,0.00022785260269286207,102.5999465847333,1.5762780673862786,0.017573128036048356,0.45402448453408284,-15.103018534550564,0.45402448453408284,-32.081084262417534,178.19851947512413
64.9624812406203,0.00013737178383485524,-8.420575234470974,0.00024116478747356583,99.68668079083173,1.7555627563480418,0.017611427912449785,0.37887199706848323,-15.084108611034399,0.37887199706848323,-32.158116730984524,178.48008016151516
65.10255127563782,0.0001305644075205694,-6.692379510927062,0.00025382653303958455,96.6161580051572,1.944071419307717,0.017647248339798284,0.2859903227565154,-15.06646005363811,0.28599032275651537,-32.230905574833955,178.8407384276503
65.24262131065532,0.00012444300793786043,-4.344181902611502,0.00026561425473164334,93.42491359441814,2.1344248996639137,0.017679469458115788,0.17684912799925823,-15.0506154367151,0.17684912799925823,-32.29679643183714,179.2763928896965
65.38269134567284,0.00011933586493691083,-1.3805162888902285,0.00027632842991440486,90.1517022051384,2.3155522445870833,0.0177070894960508,0.05385580536517353,-15.03705635342983,0.05385580536517353,-32.353282244145745,179.77786098537496
65.52276138069034,0.00011554154754462642,2.1156961289406473,0.00028580844938186145,86.83608589248128,2.4736422131741973,0.017729319894872173,-0.07980130277351115,-15.02615847639204,-0.07980130277351116,-32.39827904354649,-179.66871765869277
65.66283141570786,0.00011327593880869291,5.975496687026495,0.0002939438483368719,83.51677791488888,2.5949363247679775,0.017745656907289367,-0.2204155540023414,-15.018158386768665,-0.2204155540023414,-32.430363701927504,-179.08071523313873
65.80290145072536,0.00011262666823559653,9.965196947179097,0.0003006801063245281,80.22997811239799,2.669706127642475,0.017755916432315055,-0.3640862792539093,-15.013138152665809,-0.36408627925390935,-32.44892001928273,-178.47727454825957
65.94297148574287,0.00011353486537192718,13.835071811375574,0.00030601833617318404,77.00793043319854,2.695368820588311,0.01776022744266558,-0.5070471586845003,-15.011029536344804,-0.5070471586845003,-32.454162170498826,-177.87734866358335
66.08304152076037,0.00011581393575331203,17.37444204304924,0.00031000943897244507,73.87787661552898,2.676788738384443,0.017758988884939035,-0.6459446909666324,-15.011635291586035,-0.6459446909666324,-32.4470381318207,-177.29792581220315
66.22311155577789,0.00011919634847624501,20.447298521420784,0.00031274428065164857,70.86149177185993,2.6237740052412453,0.017752802053414334,-0.7780303309849285,-15.014661787009462,-0.7780303309849285,-32.42904607721521,-176.7527560579985
66.36318159079539,0.00012338753025590996,22.997776127817943,0.0003143418944643906,67.974795645956,2.547598560506356,0.01774239321408917,-0.9012536902600494,-15.01975599942601,-0.9012536902600494,-32.402012361218695,-176.25172207705586
66.50325162581291,0.00012810880276996374,25.033430826872507,0.0003149376153538358,65.22846175536313,2.458360460360775,0.01772853976727984,-1.0142656869086795,-15.02654068232529,-1.0142656869086792,-32.367877669512495,-175.8008174087729
66.64332166083041,0.00013312229067561024,26.60101616450963,0.0003146725751537236,62.628407701295025,2.363785760872396,0.017712009060247325,-1.1163541792705995,-15.034643486152303,-1.1163541792705995,-32.328523527644634,-175.40257495760565
66.78339169584793,0.0001382398502211242,27.765255192862064,0.00031368536761056164,60.17654301319273,2.269138508966844,0.017693514081094368,-1.207339200660973,-15.0437180795004,-1.207339200660973,-32.28565320405132,-175.0567470813936
66.92346173086544,0.000143321622086868,28.594408583781522,0.00031210612548990496,57.871567008615244,2.177662525342727,0.0176736861832252,-1.2874524481151874,-15.053457213466439,-1.2874524481151872,-32.240725998438336,-174.76106003441492
67.06353176588294,0.00014826944545680106,29.152206590687847,0.00031005284512787925,55.70973681013577,2.0911445657103673,0.017653062384151097,-1.357219438762976,-15.063598880633114,-1.357219438762976,-32.19493496388195,-174.51191848476267
67.20360180090046,0.00015301865465667638,29.49426845522898,0.00030762956814173664,53.685555219700205,2.010405651728911,0.017632083637884894,-1.4173556568760481,-15.07392725485433,-1.4173556568760484,-32.14921497154564,-174.30499274873756
67.34367183591795,0.00015753016923258654,29.667192285349298,0.00030492595393523305,51.792353597259726,1.935667024422623,0.017611100410764722,-1.4686819129030777,-15.084270135128676,-1.4686819129030777,-32.10426880051739,-174.1356665938383
67.48374187093548,0.00016178370314657878,29.70902033716937,0.0003020177990875355,50.02276370728302,1.866799889071041,0.017590382430612374,-1.512059773813251,-15.094494369756251,-1.512059773813251,-32.0606015845843,-173.99935230134466
67.62381190595298,0.00016577230930120345,29.65029035698738,0.00029896813285642165,48.36908459500447,1.8034865661019734,0.017570130249470187,-1.5483453049948466,-15.104500380270613,-1.5483453049948466,-32.018556997724424,-173.89169409897858
67.76388194097048,0.0001694981820863645,29.515242583328497,0.00029582860704847,46.82355710525096,1.7453202353387856,0.017550487019809522,-1.578358125388704,-15.114216550202926,-1.578358125388704,-31.978351214786528,-173.80868545069004
67.903951975988,0.00017296952673642464,29.322972413184736,0.0002926409827214745,45.37856122032328,1.6918643893118137,0.017531549515017546,-1.6028624676005363,-15.123593947233802,-1.602862467600536,-31.940102660241777,-173.74672430081029
68.0440220110055,0.00017619828144663227,29.088442104105788,0.0002894385859852203,44.026751418434394,1.6426867708859394,0.017513377892828006,-1.6225571589773529,-15.132601625702693,-1.622557158977353,-31.903856866206425,-173.7026263804999
68.18409204602301,0.00017919849597607958,28.823328719901514,0.0002862476580872976,42.76114387139719,1.5973775702085553,0.01749600401673922,-1.6380719117834244,-15.141222605248688,-1.6380719117834246,-31.86960653495551,-173.6736120497161
68.32416208104051,0.00018198520255055487,28.53671562683546,0.0002830885623534097,41.57516729245197,1.5555581354191073,0.017479438345760056,-1.6499678499709192,-15.149450526952888,-1.6499678499709192,-31.8373072985587,-173.65727787925397
68.46423211605803,0.00018457364868626927,28.235646950717857,0.00027997683529640955,40.462687100423565,1.5168841125977994,0.017463675510484375,-1.6587407075963532,-15.157286935433081,-1.658740707596353,-31.80688982501748,-173.65156067763644
68.60430215107554,0.00018697879177515176,27.925567481125775,0.0002769240844746927,39.41801055585968,1.4810454268401902,0.017448698742563527,-1.6648255654229107,-15.164739110431638,-1.6648255654229107,-31.778268937181522,-173.65469900152033
68.74437218609305,0.00018921498022414425,27.610669422450812,0.0002739387442656838,38.43587877473208,1.4477645688580032,0.017434483337403644,-1.6686023359776947,-15.17181836409206,-1.6686023359776947,-31.751350355444785,-173.66519526268286
68.88444222111055,0.00019129576561777314,27.29416466774679,0.0002710267048445612,37.51145007395961,1.4167940621649615,0.01742099932207067,-1.6704014686040198,-15.178538722897379,-1.67040146860402,-31.726035589654742,-173.68178021282955
69.02451225612808,0.00019323380543984057,26.978498153495533,0.0002681918309629306,36.640277940091096,1.3879136228387672,0.017408213482295775,-1.6705095374066858,-15.184915921189324,-1.6705095374066858,-31.702225413713833,-173.70338070201723
69.16458229114556,0.00019504082719537066,26.66551490548621,0.0002654363867561605,35.81828600454161,1.3609273021092922,0.017396090880540827,-1.6691745107153506,-15.19096664319942,-1.6691745107153506,-31.67982227032607,-173.72909104145427
69.30465232616308,0.0001967276331332939,26.35659082521724,0.00026276138154015757,35.04174171440614,1.335660767911146,0.017384595974992253,-1.6666105940703535,-15.196707960790087,-1.6666105940703537,-31.658731878576933,-173.75814795813943
69.4447223611806,0.00019830413088260483,26.052735141112056,0.00026016684988046043,34.30722986599137,1.311958801475891,0.017373693429021394,-1.6630026009473293,-15.202156923659418,-1.6630026009473293,-31.63886425493957,-173.78990893408823
69.5847923961981,0.00019977937974382127,25.754670732346867,0.0002576520774282787,33.611626781979794,1.2896830381527267,0.01736334868291078,-1.658509845339458,-15.20733026717075,-1.658509845339458,-31.620134308278462,-173.82383362465785
69.72486243121561,0.00020116164556226152,25.462897169730383,0.00025521578229084624,32.952075631512834,1.2687099550090648,0.017353528344700126,-1.6532695746417319,-15.212244210099024,-1.6532695746417319,-31.60246212998355,-173.85946801272976
69.8649324662331,0.00020245845938333368,25.17774024658586,0.00025285626012572617,32.32596319018891,1.2489290933848785,0.01734420044471683,-1.6473999749918848,-15.216914320483072,-1.6473999749918846,-31.58577306976667,-173.896430954037
70.00500250125063,0.0002036766767017754,24.899390936017877,0.0002505714997578395,31.730898194076563,1.23024149753154,0.017335334588428414,-1.6410027878850926,-15.221355432560944,-1.6410027878850924,-31.56999766419469,-173.93440278785653
70.14507253626813,0.0002048225352505555,24.627936060358454,0.00024835927492117906,31.164691342900646,1.2125583477294912,0.017326902034342267,-1.6341655790062224,-15.225581601599078,-1.6341655790062224,-31.55507146722318,-173.97311571648916
70.28514257128563,0.00020590171006568527,24.36338245367393,0.00024621721671469737,30.625336940751176,1.195799765995877,0.017318875717435733,-1.6269636995478682,-15.229606086463965,-1.6269636995478685,-31.540934818579714,-174.0123456901448
70.42521260630316,0.00020691936510838926,24.105676006676074,0.0002441428705160413,30.110996119144684,1.1798937735390473,0.017311230233715873,-1.6194619779788748,-15.233441352171358,-1.619461977978875,-31.52753257580813,-174.0519055673139
70.56528264132066,0.0002078802010969043,23.85471667970241,0.0002421337403966062,29.619981560375322,1.164775380815292,0.017303941797711848,-1.6117161770737867,-15.237099086510668,-1.6117161770737864,-31.51481382832204,-174.09163935235821
70.70535267633817,0.0002087884994476267,23.6103703337095,0.00024018732350577078,29.150743623956725,1.1503857929972827,0.017296988181769283,-1.6037742475106518,-15.240590226287035,-1.6037742475106516,-31.502731606299548,-174.131417340853
70.84542271135568,0.0002096481623861053,23.372478046008116,0.0002383011364214054,28.701857771971618,1.1366717156458088,0.017290348643758943,-1.5956774058060217,-15.243924989839638,-1.5956774058060217,-31.49124259319899,-174.17113202876092
70.98549274637318,0.00021046274938870129,23.140863434828674,0.00023647273508022162,28.27201318770902,1.1235847472631975,0.01728400384808462,-1.587461060967335,-15.247112913352277,-1.587461060967335,-31.480306847718037,-174.21069466378154
71.1255627813907,0.00021123551017428904,22.915338405542304,0.0002346997295900021,27.86000248419794,1.111080847137647,0.017277935783558004,-1.579155611106013,-15.250162889128973,-1.579155611106013,-31.469887538879252,-174.250032336385
71.2656328164082,0.00021196941449543892,22.695707644396258,0.00023297979497324294,27.464712403798107,1.0991198684386425,0.017272127680708252,-1.5707871284164845,-15.253083204507647,-1.5707871284164845,-31.45995069638915,-174.28908552438554
71.4057028514257,0.0002126671789894952,22.481772117493183,0.00023131067868738465,27.08511541592782,1.0876651478920043,0.017266563930339266,-1.5623779483996434,-15.255881580464717,-1.5623779483996434,-31.45046497733116,-174.32780601876084
71.54577288644323,0.00021333129134842258,22.273331779259863,0.00022969020560165065,26.72026212664767,1.076683144558057,0.01726123000458003,-1.553947176986498,-15.25856520925015,-1.553947176986498,-31.44140144949477,-174.36615517010574
71.68584292146073,0.00021396403205686568,22.070187652560644,0.00022811628097708277,26.36927442070939,1.0661431212721577,0.01725611238124973,-1.5455111272789595,-15.261140790607762,-1.5455111272789597,-31.432733391125662,-174.40410240492452
71.82591295647823,0.000214567493933741,21.872143409418225,0.00022658689188869308,26.031339263531688,1.0560168632004607,0.017251198472045405,-1.5370836959449972,-15.263614566296049,-1.5370836959449974,-31.424436106539613,-174.44162396919705
71.96598299149575,0.00021514359969602894,21.679006555067193,0.00022510010744174612,25.705703097176684,1.0462784287321791,0.017246476554829516,-1.5286766878570095,-15.265992352743467,-1.5286766878570095,-31.416486756828238,-174.47870186354126
72.10605302651325,0.00021569411774574523,21.49058929728163,0.0002236540780640964,25.39166677065481,1.036903928588976,0.01724193571012743,-1.5203000963180282,-15.268279571758978,-1.5203000963180284,-31.408864204758977,-174.51532294005432
72.24612306153077,0.00021622067636329975,21.306709166420248,0.00022224703409997508,25.088580950718416,1.0278713295973123,0.017237565761825682,-1.5119623451544448,-15.270481279281165,-1.5119623451544446,-31.40154887291219,-174.55147813572822
72.38619309654827,0.0002167247764732257,21.127189438509202,0.00022087728388504234,24.795841964681177,1.0191602800537651,0.01723335722197855,-1.5036704980425373,-15.272602192193661,-1.503670498042537,-31.394522614080902,-174.5871618213557
72.52626313156578,0.00021720780313195053,20.951859403223516,0.0002195432114457654,24.512888031718894,1.0107519540280794,0.017229301239573964,-1.4954304396578497,-15.27464671326518,-1.4954304396578497,-31.387768592974048,-174.6223712482051
72.6663331665833,0.00021767103587209233,20.780554510278918,0.00021824327393659023,24.239195843580408,1.0026289123043184,0.0172253895530736,-1.4872470325726563,-15.276618954292744,-1.4872470325726563,-31.38127117829778,-174.65710607755028
72.80640320160079,0.00021811565802379348,20.613116421066998,0.00021697599890450566,23.97427745968113,0.9947749779652981,0.01722161444652061,-1.4791242532606723,-15.278522757539188,-1.479124253260672,-31.37501584433594,-174.69136798049416
72.94647323661832,0.00021854276512086793,20.449392987017475,0.00021573998145140366,23.717677485197626,0.9871751248872771,0.017217968708997222,-1.4710653100856914,-15.280361715563306,-1.4710653100856914,-31.368989081205253,-174.7251602974917
73.08654327163582,0.00021895337248800615,20.289238171881223,0.0002145338813491973,23.468970504058845,0.9798153776368485,0.017214445597212254,-1.4630727457395234,-15.282139189543567,-1.4630727457395236,-31.363178313017603,-174.75848774862683
73.22661330665332,0.0002193484220948933,20.13251193168054,0.00021335642015023475,23.22775874166612,0.9726827214555192,0.017211038801000365,-1.4551485262438095,-15.283858326196517,-1.4551485262438095,-31.35757182324008,-174.79135618708222
73.36668334167084,0.00021972878875378338,19.97908006330341,0.00021220637832560017,22.99366993480497,0.9657650211843091,0.017207742411521777,-1.4472941183311634,-15.285522073388824,-1.4472941183311636,-31.352158686600553,-174.82377238940154
73.50675337668835,0.00022009528572873357,19.82881403048804,0.00021108259245590413,22.766355388562687,0.9590509481246339,0.01720455089195991,-1.4395105567656452,-15.287133194538288,-1.4395105567656452,-31.3469287069413,-174.8557438771214
73.64682341170585,0.00022044866981727238,19.681590774148535,0.00020998395249279187,22.545488202165426,0.9525299139561395,0.017201459050524694,-1.4317985029444813,-15.28869428189493,-1.4317985029444813,-31.341872360475378,-174.8872787651716
73.78689344672335,0.00022078964595865003,19.537292512546234,0.00020890939910431819,22.330761647524806,0.9461920109398753,0.017198462015580795,-1.4241582959364865,-15.290207768788102,-1.4241582959364867,-31.336980743949315,-174.9183856331356
73.92696348174086,0.00022111887141692974,19.395806535644653,0.0002078579211132911,22.121887685956118,0.9400279577285173,0.01719555521273166,-1.4165899969531124,-15.291675940920456,-1.4165899969531124,-31.332245527260593,-174.94907341604755
74.06703351675839,0.0002214369595819413,19.2570249970474,0.00020682855303450265,21.918595610024372,0.9340290501864803,0.017192734343701895,-1.4090934281114789,-15.293100946784186,-1.4090934281114789,-31.327658910120412,-174.9793513118965
74.20710355177589,0.00022174448342646966,19.120844706161176,0.00020582037271424662,21.720630798806383,0.9281871166932392,0.01718999536687209,-1.4016682062316517,-15.294484807269688,-1.4016682062316517,-31.323213582390444,-175.00922870342612
74.34717358679339,0.00022204197865392144,18.98716692261675,0.00020483249907356368,21.527753576045786,0.9224944774646385,0.017187334479331143,-1.3943137723099774,-15.295829424531668,-1.3943137723099774,-31.31890268775734,-175.0387150921719
74.48724362181092,0.00022232994656704432,18.85589715449184,0.00020386408995513365,21.339738161740545,0.9169439074805776,0.017184748100321723,-1.3870294172240336,-15.297136590172752,-1.3870294172240336,-31.314719790440503,-175.06782004297926
74.6273136568284,0.00022260885668501967,18.726944961486012,0.00020291434007257403,21.156371708649456,0.9115286026543302,0.017182232855964336,-1.3798143041505626,-15.298407992800039,-1.3798143041505626,-31.310658844657773,-175.09655313749863
74.76738369184592,0.00022287914913336103,18.600223763882923,0.00020198247906002046,20.977453416051244,0.9062421489197406,0.017179785565154974,-1.3726674881138872,-15.299645225005534,-1.372667488113887,-31.306714166599573,-175.12492393537352
74.90745372686342,0.0002231412368284778,18.47565065788457,0.0002010677696192242,20.802793713848267,0.9010784939485621,0.017177403226539725,-1.3655879330273721,-15.300849789817343,-1.365587933027372,-31.302880408686363,-175.15294194201903
75.04752376188094,0.00022339550747648644,18.35314623770099,0.00020016950576092908,20.632213510782243,0.8960319212417376,0.017175083006478013,-1.358574526542949,-15.302023106664684,-1.358574526542949,-31.29915253590509,-175.18061658204718
75.18759379689845,0.00022364232540381782,18.232634424621192,0.00019928701113697215,20.465543501137258,0.8910970263662359,0.017172822227913383,-1.3516260929828279,-15.303166516896118,-1.3516260929828279,-31.295525804040416,-175.20795717752972
75.32766383191596,0.00022388203323536762,18.114042303166276,0.0001984196374593499,20.302623524847686,0.8862686951335257,0.01717061836007778,-1.344741404592069,-15.30428128888724,-1.344741404592069,-31.291995739633172,-175.2349729304026
75.46773386693347,0.000224114953434327,17.997299964327773,0.0001975667630023706,20.143301976415206,0.8815420835373403,0.0171684690089613,-1.3379191913200126,-15.305368622770919,-1.3379191913200126,-31.288558121515155,-175.2616729084154
75.60780390195099,0.00022434138971639953,17.882340355819437,0.00019672779118397592,19.987435258476076,0.876912599287491,0.017166371908485543,-1.3311581493120797,-15.306429654820475,-1.3311581493120797,-31.285208963783017,-175.28806603411246
75.74787393696847,0.0002245616283498351,17.76909913921275,0.0001959021492223215,19.834887276251838,0.8723758847933442,0.017164324912323642,-1.3244569482703508,-15.307465461513567,-1.324456948270351,-31.281944500087032,-175.31416107640413
75.88794397198599,0.00022477593935156932,17.65751455378316,0.00019508928686375672,19.685528969468066,0.8679278014655294,0.01716232598631502,-1.3178142378213906,-15.308477063302297,-1.3178142378213904,-31.278761169122138,-175.33996664434886
76.0280140070035,0.0002249845775887444,17.547527286863094,0.0001942886751784363,19.539237878643814,0.8635644152177488,0.017160373201427485,-1.3112286530123993,-15.309465428112736,-1.3112286530123993,-31.27565560121928,-175.36549118281891
76.16808404202101,0.00022518778379397388,17.439080350474107,0.00019349980541988963,19.395897742937713,0.8592819830622969,0.01715846472722308,-1.3046988190416395,-15.310431474595312,-1.3046988190416395,-31.272624605943914,-175.3907429697696
76.30815407703852,0.00022538578550190504,17.33211896399714,0.0001927221879450114,19.255398126995196,0.8550769407034431,0.01715659882578797,-1.2982233553159612,-15.311376075145546,-1.2982233553159612,-31.269665160617734,-175.41573011486875
76.44822411205601,0.00022557879791390123,17.22659044262924,0.00019195535119106015,19.117634074471212,0.8509458910421428,0.017154773846089974,-1.291800878916729,-15.312300058713033,-1.291800878916729,-31.266774399687147,-175.44046055927902
76.58829414707354,0.00022576702469701736,17.122444091371584,0.00019119884070639717,18.98250578611253,0.8468855935138836,0.017152988218730306,-1.2854300075454785,-15.313204213415133,-1.2854300075454788,-31.263949604868337,-175.46494207641393
76.72836418209104,0.00022595065872285463,17.019631104292777,0.00019045221823184706,18.849918320472717,0.8428929541889539,0.017151240451059212,-1.2791093620118896,-15.314089288970292,-1.2791093620118896,-31.2611881960063,-175.4891822735125
76.86843421710854,0.00022612988275135887,16.918104468812516,0.00018971506082969764,18.719781315501848,0.8389650165710246,0.017149529122627304,-1.2728375683189652,-15.31495599896491,-1.272837568318965,-31.258487722589567,-175.51318859390133
77.00850425212607,0.0002263048700641506,16.81781887475599,0.00018898696005750887,18.592008729409272,0.83509895303595,0.01714785288094709,-1.266613259393686,-15.315805022966277,-1.2666132593936859,-31.255845855868152,-175.53696831982876
77.14857428714357,0.0002264757850515568,16.71873062793458,0.00018826752118404437,18.466518599336297,0.831292056858024,0.017146210437541207,-1.2604350765055077,-15.316637008493254,-1.2604350765055077,-31.25326038152715,-175.56052857577467
77.28864432216108,0.00022664278375712785,16.620797568015153,0.00018755636244476847,18.343232816502358,0.8275417347757047,0.017144600564255662,-1.2543016704099303,-15.31745257285532,-1.2543016704099303,-31.250729192871546,-175.58387633215125
77.42871435717859,0.00022680601438308193,16.52397899044873,0.00018685311433449628,18.222076916604117,0.8238455000531686,0.017143022089818473,-1.248211702249879,-15.318252304869748,-1.248211702249879,-31.248250284482957,-175.60701840932347
77.5687843921961,0.00022696561775980916,16.428235572237213,0.00018615741893490765,18.10297988435046,0.820200965997909,0.017141473896625393,-1.242163844243678,-15.319036766465912,-1.242163844243678,-31.24582174631147,-175.62996148188745
77.70885442721361,0.0002271217277822877,16.333529301325495,0.00018546892927475984,17.985873971111722,0.8166058398980875,0.017139954917736067,-1.2361567801848756,-15.319806494184974,-1.2361567801848756,-31.24344175816907,-175.65271208315525
77.84892446223111,0.00022727447181601003,16.23982340941583,0.00018478730872075326,17.870694524748334,0.8130579173465102,0.01713846413406531,-1.2301892057761918,-15.32056200058257,-1.230189205776192,-31.24110858459457,-175.67527660980085
77.98899449724863,0.0002274239710747929,16.14708230800926,0.000184112230397114,17.757379830761995,0.8095550769209153,0.017137000571755344,-1.224259828817069,-15.321303775541395,-1.224259828817069,-31.238820570061474,-175.69766132663028
78.12906453226614,0.00022757034097263442,16.05527152748882,0.0001834433766320672,17.645870963985505,0.8060952751928533,0.017135563299716033,-1.2183673692620158,-15.322032287500253,-1.2183673692620158,-31.236576134503764,-175.719872371444
78.26913456728363,0.00022771369145159433,15.964357659067083,0.0001827804384294686,17.536111650092188,0.8026765420397337,0.017134151427321196,-1.2125105591647714,-15.322747984605359,-1.2125105591647714,-31.23437376913558,-175.74191575996463
78.40920460230114,0.0002278541272875085,15.874308299429307,0.00018212311496396184,17.428048136266238,0.7992969762367181,0.0171327641022499,-1.2066881425214895,-15.323451295789436,-1.2066881425214895,-31.23221203254376,-175.76379739080824
78.54927463731866,0.0002279917483751875,15.785091997912152,0.0001814711130981156,17.32162907043097,0.7959547413070551,0.017131400508462718,-1.200898875024515,-15.324142631783605,-1.200898875024515,-31.230089547032968,-175.78552305048092
78.68934467233616,0.0002281266499946165,15.696678206064659,0.00018082414692007574,17.216805388481177,0.79264806161114,0.0171300598643035,-1.195141523736834,-15.324822386066705,-1.195141523736834,-31.228004995205552,-175.80709841838512
78.82941470735368,0.00022825892305954057,15.609037229447,0.00018018193730034827,17.113530209013685,0.7893752186561768,0.017128741420718015,-1.1894148666960396,-15.325490935756337,-1.1894148666960396,-31.22595711675942,-175.82852907182448
78.9694847423712,0.00022838865434970893,15.522140181528734,0.00017954421146639988,17.01175873509177,0.7861345476097145,0.017127444459581725,-1.1837176924554778,-15.326148642445537,-1.1837176924554775,-31.223944705488403,-175.8498204909967
79.1095547773887,0.00022851592672794093,15.435958939555563,0.00017891070259383056,16.911448162619177,0.7829244340016276,0.017126168292129013,-1.1780487995692437,-15.326795852988809,-1.1780487995692435,-31.22196660647134,-175.87097806396818
79.24962481240621,0.0002286408193430863,15.350466102259913,0.00017828114941293544,16.812557594935498,0.7797433106002659,0.017124912257477348,-1.1724069960267807,-15.32743290024079,-1.1724069960267807,-31.220021713436232,-175.89200709162418
79.3896948474237,0.0002287634078198591,15.265634949296969,0.0001776552958295331,16.715047963278863,0.7765896544495817,0.017123675721240038,-1.1667910986420584,-15.32806010375073,-1.1667910986420582,-31.218108966288305,-175.91291279259113
79.52976488244123,0.0002288837644364486,15.18143940229293,0.0001770328905589875,16.618881952792396,0.773461984054977,0.017122458074221733,-1.1611999324015319,-15.328677770415624,-1.1611999324015319,-31.2162273487904,-175.9337003081292
79.66983491745873,0.00022900195829073485,15.09785398739877,0.00017641368677240773,16.5240239337813,0.7703588567065334,0.017121258731191427,-1.1556323297745268,-15.329286195094687,-1.1556323297745268,-31.214375886385632,-175.9543747069934
79.80990495247623,0.00022911805545587055,15.014853799246202,0.0001757974417540452,16.430439897953054,0.767278865929031,0.017120077129727868,-1.150087129989011,-15.32988566118762,-1.1500871299890112,-31.21255364415299,-175.97494099026423
79.94997498749375,0.00022923211912592893,14.932414466208991,0.0001751839165689622,16.338097399400365,0.764220639048949,0.017118912729133025,-1.1445631782752963,-15.330476441178902,-1.1445631782752963,-31.210759724887424,-175.9954040961486
80.09004502251125,0.00022934420975226117,14.850512116875818,0.00017457287574007413,16.24696550010933,0.7611828348692504,0.017117765009409144,-1.1390593250796786,-15.331058797150286,-1.1390593250796786,-31.208993267295945,-176.01576890475334
80.23011505752876,0.00022945438517115433,14.769123347645392,0.00017396408693370706,16.15701471979842,0.758164141443381,0.017116633470295597,-1.133574425249614,-15.331632981263425,-1.133574425249614,-31.207253444303,-176.0360402428339
80.37018509254627,0.0002295627007233344,14.688225191358722,0.0001733573206528464,16.068216989915605,0.7551632739404566,0.01711551763036192,-1.1281073371916808,-15.332199236214365,-1.1281073371916808,-31.205539461457935,-176.05622288852229
80.51025512756378,0.00022966920936581312,14.607795086885757,0.00017275234993727466,15.98054561164085,0.7521789725940917,0.01711441702615369,-1.1226569220031477,-15.332757795661646,-1.1226569220031477,-31.20385055543818,-176.0763215760382
80.6503251625813,0.000229773961776538,14.527810849588114,0.00017214895006982802,15.89397521776154,0.7492100007277934,0.017113331211388017,-1.1172220425777373,-15.33330888462956,-1.117222042577737,-31.20218599264298,-176.0963410003882
80.7903951975988,0.0002298770064522676,14.448250642581357,0.00017154689828802015,15.808481738307163,0.7462551428502299,0.017112259756196034,-1.1118015626857947,-15.333852719887894,-1.1118015626857947,-31.200545067871634,-176.1162858220583
80.9304652326163,0.00022997838980005696,14.369092948723457,0.00017094597350030206,15.7240423698476,0.743313202814066,0.0171112022464095,-1.1063943460288435,-15.334389510309574,-1.1063943460288432,-31.198927103081896,-176.13616067170608
81.07053526763383,0.00023007815622270967,14.29031654325832,0.0001703459560062449,15.640635548378203,0.7403830020323808,0.017110158282889247,-1.1009992552682248,-15.334919457207391,-1.1009992552682246,-31.197331446223544,-176.1559701548584
81.21060530265132,0.0002301763481985178,14.211900467045176,0.00016974662721994558,15.558240925731834,0.7374633777469871,0.017109127480893157,-1.0956151510272982,-15.335442754650899,-1.0956151510272982,-31.19575747014344,-176.17571885662178
81.35067533766883,0.00023027300635558923,14.133824000306406,0.00016914776939596493,15.476839349475918,0.7345531813432171,0.017108109469481558,-1.0902408908663972,-15.335959589764547,-1.0902408908663972,-31.19420457155791,-176.19541134641247
81.49074537268635,0.0002303681695410275,14.056066636828445,0.00016854916535712254,15.396412846270499,0.7316512767060239,0.017107103890958278,-1.0848753282295844,-15.336470143007986,-1.0848753282295844,-31.19267217008919,-176.21505218271406
81.63081540770385,0.00023046187488521446,13.978608058550687,0.0001679505982234705,15.316944608680132,0.7287565386123896,0.01710611040034546,-1.0795173113619576,-15.336974588439409,-1.0795173113619574,-31.191159707362253,-176.23464591787098
81.77088544272137,0.0002305541578614118,13.901428110479571,0.00016735185114177917,15.238418985451412,0.7258678511552843,0.01710512866489059,-1.0741656821960999,-15.337473093962743,-1.0741656821960999,-31.18966664615997,-176.2541971029259
81.91095547773885,0.00023064505234088596,13.824506775864979,0.0001667527070148659,15.160821475285626,0.7229841061945294,0.017104158363604394,-1.0688192752060452,-15.337965821559363,-1.0688192752060455,-31.18819246963302,-176.2737102925107
82.05102551275638,0.00023073459064373172,13.747824151577,0.00016615294823009544,15.084138724155316,0.7201042018300833,0.017103199186828098,-1.0634769162269013,-15.338452927505044,-1.0634769162269013,-31.186736680562575,-176.2931900498001
82.19109554777388,0.00023082280358555473,13.671360423621563,0.0001655523563863804,15.008358526233115,0.7172270408933762,0.01710225083582899,-1.058137421238103,-15.33893456257273,-1.0581374212381027,-31.185298800673635,-176.31264095153796
82.33116558279139,0.00023090972052015304,13.595095842733176,0.00016495071201899893,14.9334698285218,0.714351529452406,0.01710131302242317,-1.0527995951080236,-15.33941087222162,-1.0527995951080236,-31.183878369996933,-176.33206759314692
82.47123561780892,0.00023099536937831722,13.51901069998333,0.00016434779432154158,14.859462739296351,0.7114765753263986,0.017100385468624555,-1.0474622302974854,-15.339881996773062,-1.0474622302974856,-31.182474946277598,-176.3514745939323
82.61130565282642,0.00023107977670285421,13.443085302342396,0.00016374338086428696,14.78632854049152,0.7086010866058815,0.017099467906319294,-1.04212410551947,-15.340348071573677,-1.04212410551947,-31.181088104429197,-176.3708666023916
82.75137568784392,0.00023116296767991952,13.367299948132176,0.0001631372473082869,14.714059704193003,0.7057239701740435,0.01709856007696481,-1.036783984352108,-15.340809227146092,-1.036783984352108,-31.179717436031837,-176.39024830164217
82.89144572286143,0.00023124496616672635,13.291634902305868,0.00016252916711443298,14.642649913416797,0.7028441302253056,0.01709766173131298,-1.031440613801811,-15.341265589327513,-1.031440613801811,-31.178362548873018,-176.40962441497956
83.03151575787894,0.00023132579471568426,13.216070371490192,0.00016191891124674664,14.572094087388978,0.6999604667769819,0.017096772629156806,-1.026092722813127,-15.341717279396473,-1.0260927228131271,-31.177023066530577,-176.42899971158027
83.17158579289645,0.00023140547459500252,13.140586478723774,0.00016130624786912055,14.502388411569184,0.6970718741699301,0.017095892539100318,-1.0207390207216596,-15.342164414187883,-1.0207390207216596,-31.175698627996724,-176.44837901236295
83.31165582791395,0.00023148402580577267,13.065163237823795,0.0001606909420347057,14.4335303726943,0.6941772395540325,0.01709502123835123,-1.0153781956461405,-15.342607106196587,-1.0153781956461407,-31.17438888734281,-176.46776719602326
83.45172586293145,0.00023156146709553695,12.98978052731062,0.00016007275536711525,14.365518799154314,0.6912754413542945,0.017094158512536404,-1.0100089128153973,-15.343045463669425,-1.0100089128153973,-31.17309351342447,-176.48716920525814
83.59179589794898,0.00023163781596831904,12.914418063818413,0.00015945144573257806,14.298353907052963,0.6883653477132858,0.01709330415553979,-1.0046298128257123,-15.343479590685964,-1.004629812825712,-31.1718121896268,-176.50659005319656
83.73186593296649,0.0002317130886910879,12.83905537491634,0.0001588267669021445,14.232037352348165,0.685445814905549,0.017092457969363106,-0.9992395098237037,-15.343909587227715,-0.9992395098237037,-31.170544613649923,-176.52603483005436
83.87193596798399,0.0002317873002965988,12.763671771262452,0.00015819846820300172,14.166572289515845,0.6825156857194867,0.01709161976400927,-0.9938365896095135,-15.344335549235858,-0.9938365896095135,-31.169290497335002,-176.5455087100322
84.0120060030015,0.00023186046458253953,12.688246318008536,0.00015756629415791554,14.101963437233044,0.6795737878021194,0.017090789357388916,-0.9884196076547288,-15.344757568657299,-0.988419607654729,-31.16804956653102,-176.5650169584767
84.152076038019,0.00023193259410688894,12.612757805370748,0.00015692998411176882,14.038217151634797,0.676618931961955,0.017089966575250356,-0.9829870870290449,-15.345175733478882,-0.9829870870290449,-31.166821561003566,-176.5845649393261
84.29214607303652,0.00023200370017937576,12.537184718276158,0.00015628927184411137,13.975341507763945,0.6736499104250273,0.017089151251133628,-0.9775375162292445,-15.345590127749348,-0.9775375162292445,-31.16560623438582,-176.60415812286365
84.43221610805402,0.00023207379284889842,12.46150520499111,0.00015564388516658487,13.91334638990501,0.6706654950390003,0.017088343226349126,-0.972069346903627,-15.346000831588913,-0.972069346903627,-31.164403354173416,-176.6238020938019
84.57228614307154,0.00023214288088674838,12.385697044631568,0.00015499354550402056,13.852243591573322,0.6676644354199888,0.017087542349981777,-0.9665809914644878,-15.346407921185827,-0.9665809914644878,-31.16321270176465,-176.64350255972516
84.71235617808905,0.00023221097176545025,12.309737613450382,0.00015433796745794725,13.792046926020051,0.6646454570365421,0.017086748478921793,-0.9610708205807307,-15.34681146877952,-0.9610708205807307,-31.162034072547137,-176.66326535991652
84.85242621310654,0.00023227807163300382,12.233603849789748,0.00015367685835117326,13.732772348213743,0.6616072592249714,0.01708596147792286,-0.9555371605421213,-15.347211542629768,-0.9555371605421211,-31.160867276033734,-176.68309647459967
84.99249624812407,0.00023234418528228737,12.15727221758018,0.00015300991775202998,13.674438089370513,0.658548513129907,0.017085181219689556,-0.949978290486018,-15.347608206971069,-0.9499782904860179,-31.159712136049542,-176.70300203462713
85.13256628314157,0.00023240931611534518,12.080718668260218,0.00015233683697678916,13.617064805231177,0.6554678595637022,0.017084407584995104,-0.9443924394768088,-15.348001521951575,-0.9443924394768088,-31.158568490972534,-176.7229883316481
85.27263631815907,0.00023247346610224962,12.00391860098186,0.00015165729856866995,13.560675739423683,0.6523639067779288,0.017083640462831527,-0.9387777834274625,-15.348391543555591,-0.9387777834274625,-31.157436194031497,-176.74306182879306
85.41270635317659,0.0002325366357341867,11.926846820958625,0.00015097097575176885,13.505296903408885,0.6492352281398971,0.017082879750593975,-0.9331324418518889,-15.348778323508682,-0.9331324418518889,-31.156315113664057,-176.76322917191325
85.5527763881941,0.00023259882397037997,11.849477495802269,0.00015027753185814182,13.450957274685564,0.6460803597067143,0.01708212535430178,-0.9274544744358713,-15.349161909164138,-0.9274544744358713,-31.155205133939134,-176.7834972014176
85.6928464232116,0.00023266002817840884,11.771784109683887,0.00014957661972616338,13.397689015133343,0.6428977976890157,0.017081377188858375,-0.9217418774134543,-15.349542343369631,-0.9217418774134543,-31.154106155047923,-176.80387296475118
85.8329164582291,0.00023272024406744037,11.693739415142845,0.0001488678810681808,13.345527711599768,0.6396859957960518,0.01708063517835336,-0.9159925797346155,-15.34991966431247,-0.9159925797346155,-31.153018093868766,-176.82436372956434
85.97298649324661,0.00023277946561382908,11.615315382354144,0.00014815094580536184,13.294512641097189,0.6364433624533608,0.01707989925640969,-0.9102044390089838,-15.35029390534187,-0.9102044390089838,-31.151940884611037,-176.8449769976237
86.11305652826414,0.00023283768497847868,11.53648314565053,0.00014742543136751223,13.244687063267973,0.6331682578837651,0.017079169366579577,-0.9043752372091576,-15.350665094766455,-0.9043752372091578,-31.15087447954437,-176.86572051952186
86.25312656328164,0.00023289489241529808,11.457212947079798,0.00014669094195551323,13.196098543110141,0.6298589910419075,0.017078445462793287,-0.8985026761158718,-15.351033255624795,-0.8985026761158718,-31.149818849820427,-176.88660231024548
86.39319659829914,0.0002329510761699981,11.377474076761349,0.00014594706776389742,13.148799307335496,0.6265138163920361,0.01707772750986525,-0.892584372485894,-15.3513984054268,-0.8925843724858941,-31.148773986394666,-176.90763066566709
86.53326663331667,0.00023300622236840154,11.297234809786705,0.00014519338416093974,13.10284663816473,0.6231309305181445,0.01707701548406255,-0.8866178529219612,-15.35176055586334,-0.886617852921961,-31.14773990105679,-176.92881418003117
86.67333666833416,0.00023306031489333737,11.216462339388894,0.00014442945082350557,13.058303308858493,0.6197084685550404,0.017076309373741307,-0.8806005484224394,-15.352119712481269,-0.8806005484224394,-31.14671662757973,-176.9501617645103
86.81340670335167,0.0002331133352490937,11.135122706082996,0.00014365481082375385,13.015238065849168,0.6162445004283055,0.017075609180057537,-0.8745297885865692,-15.352475874320534,-0.8745297885865692,-31.145704222997953,-176.97168266691298
86.95347673836918,0.000233165262412281,11.053180722456238,0.00014286898966465162,12.97372616298654,0.6127370268905313,0.017074914917759237,-0.8684027954492247,-15.352829033509918,-0.8684027954492248,-31.144702769026814,-176.99338649263234
87.09354677338669,0.00023321607266783219,10.970599893258697,0.00014207149426111624,12.933849954154637,0.6091839753406171,0.01707422661606768,-0.8622166769169437,-15.3531791748173,-0.8622166769169437,-31.143712373637005,-177.0152832269319
87.23361680840421,0.0002332657394287187,10.887342330417475,0.00014126181186347486,12.895699551374289,0.6055831954123791,0.017073544319656752,-0.8559684197747263,-15.35352627515001,-0.8559684197747263,-31.14273317279844,-177.03738325867144
87.37368684342171,0.00023331423303780038,10.803368662564411,0.00014043940891980068,12.859373556492642,0.601932454318153,0.017072868089740113,-0.8496548822305403,-15.353870303000207,-0.8496548822305403,-31.14176533241121,-177.05969740558632
87.51375687843922,0.0002333615205500429,10.718637938633185,0.00013960372987358648,12.824979875701437,0.5982294319326281,0.017072198005277227,-0.8432727859617553,-15.35421121782974,-0.8432727859617554,-31.140809050441565,-177.08223694124163
87.65382691345673,0.0002334075654931321,10.633107525043098,0.00013875419589313157,12.792636627445162,0.5944717156017565,0.01707153416431056,-0.8368187076247724,-15.354548969388105,-0.8368187076247724,-31.13986455928464,-177.10501362379372
87.79389694847423,0.00023345232760428513,10.546732995945087,0.0001378902035289692,12.762473155810275,0.5906567946613104,0.017070876685447895,-0.830289069785865,-15.354883496956548,-0.8302890697858651,-31.138932128377274,-177.12803972670181
87.93396698349174,0.0002334957625407947,10.459468015959711,0.00013701112329565516,12.734631163264376,0.586782054649568,0.017070225709505074,-0.8236801312277654,-15.355214728510326,-0.8236801312277654,-31.138012067087104,-177.15132807154583
88.07403701850926,0.00023353782156155305,10.371264214786818,0.00013611629817429654,12.709265978684646,0.5828447711987442,0.01706958140132685,-0.8169879765827328,-15.355542579790296,-0.8169879765827329,-31.137104727908167,-177.1748920631182
88.21410705352676,0.00023357845117646876,10.282071053011174,0.00013520504203232633,12.68654797903063,0.5788421035901928,0.017068943951805218,-0.8102085052387102,-15.355866953273807,-0.8102085052387102,-31.13621050999567,-177.19874572697344
88.35417708854426,0.00023361759276031307,10.191835678368758,0.00013427663795726743,12.66666418584284,0.5747710879592555,0.017068313580117313,-0.803337419460728,-15.356187737033753,-0.8033374194607281,-31.135329863077928,-177.22290374963333
88.49424712356179,0.00023365518212711256,10.100502771672232,0.00013333033650159677,12.649820061061783,0.5706286301369627,0.017067690536207807,-0.7963702116649028,-15.356504803473035,-0.7963702116649027,-31.134463291787135,-177.24738152166364
88.6343171585793,0.0002336911490607158,10.008014381521615,0.00013236535383634874,12.63624153055576,0.566411498117794,0.017067075103543553,-0.7893021507771381,-15.356818007920271,-0.7893021507771381,-31.133611360456865,-177.27219518385633
88.7743871935968,0.00023372541679662066,9.914309746847797,0.00013138086981185783,12.626177268333237,0.5621163141455885,0.017066467602172137,-0.7821282676030599,-15.357127187070713,-0.7821282676030599,-31.132774698439476,-177.29736167677103
88.9144572286143,0.00023375790144952312,9.819325106249718,0.00013037602592506692,12.619901279833208,0.5577395464136636,0.017065868392120015,-0.7748433391296538,-15.357432157254067,-0.7748433391296539,-31.13195400600397,-177.32289879391095
89.05452726363183,0.00023378851138033976,9.72299349299175,0.0001293499231942169,12.617715829101869,0.5532775003806046,0.0170652778771705,-0.7674418716726171,-15.357732712508856,-0.7674418716726171,-31.13115006088289,-177.34882523883272
89.19459729864933,0.000233817146495647,9.625244514424471,0.0001283016199435672,12.619954762280262,0.548726309710378,0.01706469650906721,-0.7599180827764929,-15.358028622439967,-0.7599180827764929,-31.130363725544996,-177.37516068651323
89.33466733366683,0.00023384369747155644,9.526004114479806,0.00012723012950321836,12.626987288893504,0.5440819268549839,0.01706412479219475,-0.7522658817673223,-15.358319629833101,-0.7522658817673223,-31.129595955282106,-177.40192584932518
89.47473736868433,0.00023386804489299062,9.425194317768407,0.00012613441783224975,12.63922229325527,0.539340113310325,0.017063563288795467,-0.7444788488497134,-15.358605447996139,-0.7444788488497134,-31.128847807208913,-177.4291425480003
89.61480740370186,0.0002338900582981073,9.322732953674409,0.00012501340107747157,12.65711326125704,0.5344964295922928,0.01706301262478879,-0.7365502126320637,-15.358885757793534,-0.7365502126320637,-31.128120450288943,-177.4568337879915
89.75487743871936,0.0002339095951162402,9.218533358697293,0.00012386594308535934,12.68116392336701,0.5295462250011795,0.01706247349626944,-0.7284728259550735,-15.359160204334955,-0.7284728259550735,-31.12741517651566,-177.4850238416766
89.89494747373686,0.00023392649948611935,9.11250405513442,0.00012269085289152594,12.711934733394157,0.5244846272698837,0.01706194667677087,-0.7202391398898674,-15.35942839327419,-0.7202391398898674,-31.126733413394298,-177.5137383368817
90.03501750875438,0.00023394060093930475,9.004548404029107,0.00012148688222082132,12.750050325195758,0.519306532226703,0.017061433025392723,-0.7118411757630827,-15.359689886668004,-0.7118411757630828,-31.12607673789249,-177.54300435223692
90.17508754377188,0.00023395171293165,8.894564230127175,0.00012025272304234431,12.79620811691469,0.5140065936489923,0.017060933495905272,-0.7032704950572232,-15.359944198337537,-0.7032704950572232,-31.125446892049872,-177.5728505199155
90.3151575787894,0.00023395963120316862,8.782443416391962,0.00011898700523804819,12.851188265640404,0.5085792135427024,0.01706044914695989,-0.6945181670259138,-15.360190788666552,-0.6945181670259137,-31.124845800465483,-177.6033071363434
90.4552276138069,0.00023396413194385913,8.668071465421923,0.00011768829446208482,12.915865215993648,0.5030185331584275,0.01705998115355352,-0.6855747338554535,-15.360429058761243,-0.6855747338554535,-31.124275589913402,-177.63440628150497
90.59529764882441,0.00023396496973977408,8.55132702489954,0.00011635509029177382,12.991221135793712,0.49731842515223096,0.017059530819916808,-0.6764301731969317,-15.360658343885369,-0.6764301731969316,-31.12373861137323,-177.6661819475053
90.73536768384191,0.0002339618752698366,8.432081373975487,0.0001149858248016131,13.07836159289031,0.491472487425551,0.017059099594020955,-0.6670738578875264,-15.360877906071496,-0.6670738578875265,-31.123237464806625,-177.6986701770841
90.87543771885943,0.00023395455271950951,8.310197867263392,0.00011357886173111056,13.178533902217092,0.4854740393416554,0.01705868908392757,-0.6574945126764291,-15.361086925794327,-0.657494512676429,-31.122775027058573,-177.73190921280278
91.01550775387695,0.0002339426768723134,8.185531332890006,0.00011213249646802014,13.293148664677457,0.47931612122751927,0.017058301076239946,-0.6476801677708858,-15.361284492574852,-0.6476801677708858,-31.122354483322642,-177.7659396576484
91.15557778889445,0.00023392588983423858,8.057927420823193,0.00011064495713435226,13.42380513406172,0.4729914983448647,0.017057937556953867,-0.6376181090227381,-15.361469594363726,-0.6376181090227381,-31.12197936267499,-177.8008046478065
91.29564782391195,0.00023390379733915828,7.927221897494715,0.0001091144071479088,13.572321190462235,0.4664926708722644,0.017057600735052462,-0.6272948245871974,-15.36164110552901,-0.6272948245871974,-31.12165357826214,-177.83655003834804
91.43571785892946,0.00023387596457524548,7.793239882558365,0.0001075389497432344,13.74076887573388,0.4598118919083523,0.017057293069243362,-0.6166959479055996,-15.361797773245968,-0.6166959479055996,-31.121381472819664,-177.87322460254575
91.57578789394698,0.00023384191146292555,7.6557950234994205,0.00010591663508107449,13.931516667438675,0.4529411961202987,0.0170570172982997,-0.60580619689582,-15.361938202054652,-0.60580619689582,-31.121167870306685,-177.91088024547432
91.71585792896448,0.0002338011073037991,7.514688603761517,0.00010424547076574437,14.147279943715365,0.4458724424700381,0.017056776475540172,-0.5946093092815271,-15.362060836313718,-0.594609309281527,-31.12101813456796,-177.9495722324435
91.85592796398198,0.0002337529647069756,7.369708580118705,0.00010252343684024172,14.391181436703356,0.4385973755189007,0.017056574008069432,-0.5830879740597458,-15.362163940235273,-0.5830879740597458,-31.120938236084264,-177.98935943265403
91.99599799899948,0.0002336968326839914,7.220628545240809,0.00010074850665972819,14.6668239038424,0.431107711228427,0.017056413701501398,-0.5712237592017896,-15.362245575134569,-0.5712237592017895,-31.120934828045954,-178.03030457822487
92.13606803401701,0.00023363198878557264,7.0672066118448615,9.891867548276355e-05,14.978377785428473,0.4233952550630859,0.017056299811006002,-0.558997035814228,-15.362303573468445,-0.558997035814228,-31.121015333190222,-178.07247453840128
92.27613806903452,0.0002335576301324304,6.909184215576595,9.703199920393219e-05,15.330687287542121,0.4154520627260762,0.017056237099658568,-0.5463868991650104,-15.362335509166709,-0.5463868991650104,-31.121188043083517,-178.1159406082748
92.41620810405202,0.00023347286316749557,6.746284834944171,9.508664643268496e-05,15.729399158515083,0.40727065725179773,0.017056230905233224,-0.5333710872200215,-15.362338663678711,-0.5333710872200215,-31.121462231815485,-178.16077881068986
92.55627813906953,0.0002333766919278418,6.578212628381659,9.30809681715706e-05,16.181119440328363,0.39884432075312165,0.017056287216771705,-0.519925897655697,-15.362309987061709,-0.5199258976556971,-31.1218482864045,-178.20707020911686
92.69634817408705,0.00023326800460023064,6.404650991058695,9.101359075856693e-05,16.693604691656127,0.39016748531177237,0.017056412762481057,-0.5060261047382986,-15.36224605332579,-0.5060261047382986,-31.12235785660921,-178.25490122806525
92.83641820910455,0.0002331455580838498,6.225261037653228,8.888353964369652e-05,17.275995591748096,0.3812362559004016,0.017056615110773003,-0.49164487802194196,-15.362143009119993,-0.49164487802194196,-31.1230040273032,-178.3043639759925
92.97648824412205,0.0002330079602363806,6.039680022331508,8.669040414587322e-05,17.93910238675933,0.37204910964384236,0.017056902786560253,-0.4767537055564652,-15.361996514692349,-0.4767537055564652,-31.123801517114128,-178.35555656350704
93.11655827913957,0.0002328536494238539,5.847519714128811,8.443455681628018e-05,18.69575316654901,0.3626078312502091,0.01705728540527568,-0.4613223252664363,-15.361801675881173,-0.4613223252664363,-31.124766907667226,-178.40858340679517
93.25662831415708,0.00023268087092957984,5.648364755454133,8.211744572190956e-05,19.56121708021276,0.35291876549130746,0.017057773827485984,-0.44531866943348375,-15.361552965692113,-0.44531866943348375,-31.125918908518692,-178.46355550240295
93.39669834917459,0.00023248764970137443,5.441771044439393,7.974198422758632e-05,20.553714524676383,0.34299449596575665,0.017058380337437673,-0.42870882887621536,-15.361244133783348,-0.4287088288762154,-31.127278663735606,-178.52059065447907
93.5367683841921,0.00023227175882797687,5.227264199501744,7.731307110483943e-05,21.69502352919883,0.3328560970776408,0.01705911884940352,-0.41145704559217605,-15.360868101917847,-0.41145704559217605,-31.128870107085195,-178.57981362895384
93.6768384192096,0.00023203068303366257,5.004338188387319,7.483828437304195e-05,23.011183104014332,0.3225361551092127,0.017060005146295038,-0.3935257454569521,-15.360416843146435,-0.3935257454569521,-31.130720373957622,-178.64135620038667
93.8169084542271,0.0002317615763636074,4.772454236254142,7.232880518856596e-05,24.53327494051446,0.31208281512156416,0.01706105715566737,-0.37487562626241644,-15.35988124216026,-0.37487562626241644,-31.132860279463436,-178.7053570457017
93.95697848924462,0.00023146121310121896,4.531040170919241,6.980064239879224e-05,26.298225303912478,0.3015651800298313,0.017062295268956643,-0.3554658211723899,-15.359250933903272,-0.35546582117238995,-31.135324873628253,-178.7719614238853
94.09704852426214,0.00023112593081328248,4.279490422129372,6.727624088947004e-05,28.349493934942668,0.29108045407427635,0.01706374271053284,-0.3352541639041961,-15.358514117176792,-0.3352541639041961,-31.13815408622878,-178.84132056081086
94.23711855927964,0.00023075156426232582,4.017166970844303,6.478655965922437e-05,30.737383044352896,0.2807632523156936,0.017065425963878954,-0.3141975900215754,-15.35765733962393,-0.3141975900215754,-31.141393475539942,-178.91359063221805
94.37718859429714,0.00023033336876449712,3.743401651102089,6.237368164775467e-05,33.518477501276756,0.2707974184649218,0.017067375262843545,-0.2922527191704944,-15.356665250191607,-0.2922527191704944,-31.14509509700198,-178.9889312036011
94.51725862931467,0.00022986593141745317,3.4575003505525035,6.009393437501741e-05,36.75339524144843,0.2614303651021798,0.017069625156333777,-0.26937667655541725,-15.355520314998603,-0.26937667655541725,-31.149318509413643,-179.0675029409118
94.65732866433217,0.00022934306849704283,3.1587498489380272,5.802130557528573e-05,40.50161660092242,0.252989139613059,0.017072215154821022,-0.24552822923660442,-15.35420249259296,-0.24552822923660442,-31.154131937447765,-179.1494643474365
94.79739869934967,0.00022875770725836944,2.8464282937283008,5.6250565863754385e-05,44.81186499303744,0.2458958281139897,0.017075190466312676,-0.22066933487986215,-15.352688865021522,-0.22066933487986215,-31.159613609633723,-179.2349672060653
94.93746873436717,0.00022810175043154772,2.5198206614972083,5.489893371257423e-05,49.706848882091705,0.24067738896659258,0.017078602827533703,-0.19476722849807265,-15.35095322220056,-0.19476722849807263,-31.165853289766385,-179.32415030763306
95.0775387693847,0.00022736592196225498,2.1782410224878417,5.410448111867783e-05,55.16305705281798,0.23796213896847618,0.01708251143225512,-0.1677972076530264,-15.348965599130725,-0.1677972076530264,-31.172954015910026,-179.41713091938996
95.2176088044022,0.00022653959314679242,1.8210640533604026,5.4019291740245405e-05,61.09046437667176,0.2384540865015245,0.017086983951969333,-0.13974631962945233,-15.346691769071105,-0.13974631962945233,-31.1810340531207,-179.5139932865415
95.3576788394197,0.00022561058945584509,1.4477690797011247,5.479651037083828e-05,67.32225183371835,0.24288093259719382,0.017092097632938043,-0.11061820597120398,-15.344092701640973,-0.11061820597120398,-31.190229051236834,-179.61477325761615
95.4977488744372,0.00022456498033788052,1.0580010383813825,5.6573334357752235e-05,73.62606166851499,0.2519241168976213,0.017097940435887044,-0.08043942027168002,-15.341124004034752,-0.08043942027168004,-31.20069437391558,-179.71943787576365
95.63781890945474,0.0002233868575955677,0.6516542055790331,5.945539733746359e-05,79.7400955146698,0.2661544102343972,0.01710461215731416,-0.049267602115483575,-15.337735377610535,-0.049267602115483575,-31.21260752418933,-179.8278584812482
95.77788894447224,0.00022205811319298335,0.2289864228021635,6.350880049613347e-05,85.42185329230016,0.28600081115225934,0.017112225430494017,-0.01720195789948354,-15.333870143043146,-0.017201957899483537,-31.226170527605,-179.9397755322064
95.91795897948974,0.00022055823550491595,-0.20922604983852952,6.876250999022536e-05,90.4879470605606,0.3117657784702976,0.01712090644462287,0.015603443953447498,-15.32946491756973,0.015603443953447496,-31.24161203604412,179.94524700505838
96.05802901450726,0.00021886415533024694,-0.6614799696011789,7.521846352565987e-05,94.83013062086886,0.3436764846768159,0.01713079513590202,0.048923032242670285,-15.324449570621226,0.04892303224267029,-31.25918876981176,179.82788016352393
96.19809904952476,0.00021695019111216888,-1.1252662858015026,8.286383125367057e-05,98.40825902805787,0.3819486437365147,0.017142044488054353,0.08243926322699502,-15.318747642454474,0.08243926322699502,-31.27918570550635,179.70910402070035
96.33816908454227,0.0002147881687345999,-1.5967007725778297,9.168076928454266e-05,101.23102056494174,0.42684273451684746,0.017154818426494405,0.11571801918263823,-15.312277486572283,0.11571801918263823,-31.301914123889937,179.590299752522
96.47823911955977,0.00021234782708259788,-2.070040507529765,0.00010165161310653367,103.33531477253769,0.4787033354807714,0.017169287599923668,0.14817998057670362,-15.304954490255497,0.14817998057670362,-31.327706240014205,179.47336132450118
96.61830915457729,0.00020959766775259495,-2.5370610834398115,0.00011275951465972359,104.77013799856162,0.5379807698663076,0.017185622127462295,0.1790688447015372,-15.296694831574577,0.1790688447015372,-31.356904645828134,179.36082641148613
96.75837918959479,0.00020650646526214136,-2.9862725613299057,0.00012498536059935543,105.5862928846636,0.6052370343015545,0.01720398018451755,0.20741855782317453,-15.287421326679084,0.20741855782317453,-31.389844237311383,179.2560221441655
96.8984492246123,0.00020304571725196415,-3.401964954017647,0.0001383018338551785,105.83097080529011,0.681136424480978,0.017224491183753535,0.23202372171876165,-15.277071968155385,0.23202372171876165,-31.42682377973626,179.16321434017505
97.03851925962982,0.00019919336705098045,-3.763104937778603,0.00015266526247091893,105.545714941433,0.766417399992273,0.017247232418223866,0.25142012945726677,-15.26561168355936,0.25142012945726677,-31.46806401882506,179.08773793420957
97.17858929464732,0.00019493914103652538,-4.042167591615968,0.00016800578591343054,104.766500546329,0.8618371098801119,0.017272198588319933,0.2638858488437501,-15.253047546224154,0.2638858488437501,-31.5136496981031,179.03607075113533
97.31865932966483,0.00019029175217230788,-4.204097990645877,0.00018421650526386307,103.52506644358803,0.9680740397884208,0.017299264911971094,0.26747678569100525,-15.239447014203149,0.26747678569100525,-31.563454655031883,179.01579343851307
97.45872936468234,0.00018528793927478384,-4.205775988839852,0.0002011427018235193,101.85095182318165,1.0855682383364558,0.017328146777831965,0.26011279947764393,-15.224957640303142,0.26011279947764393,-31.61705317249983,179.03535942994012
97.59879939969986,0.00018000272637943765,-3.996609283030217,0.00021857285602659097,99.7738777233756,1.2142752525083937,0.017358362183759937,0.2397287935751155,-15.20982508557232,0.2397287935751155,-31.673627639048657,179.10358982880402
97.73886943471736,0.00017455930613158037,-3.521165025298849,0.00023623390782129034,97.32617882204654,1.3533160337107466,0.017389207000590642,0.2044966818210556,-15.194404453191074,0.20449668182105557,-31.731892109719656,179.22882518705794
97.87893946973486,0.00016913561117657343,-2.724923879098824,0.00025379364650196024,94.5449781767733,1.500533475691325,0.017419756021743147,0.1531063824138517,-15.179158638816528,0.15310638241385166,-31.790061317607744,179.41772869860387
98.01900950475236,0.0001639632868998057,-1.563983991670369,0.0002708728419483739,91.47375743943583,1.6520334952415183,0.017448902512018954,0.08506799041588524,-15.164637675436804,0.08506799041588525,-31.845899847821602,179.67385444375643
98.15907953976989,0.0001593142819060152,-0.018383511681786525,0.0002870683012054091,88.1629688240498,1.8018993512129708,0.017475443161827937,0.000970206378102866,-15.15143604230138,0.000970206378102866,-31.896879057311907,179.99625271888766
98.29914957478739,0.0001554719806016668,1.893652681839832,0.0003019853858157005,84.6694201376726,1.9423781998983742,0.01749820328272169,-0.09738437609374363,-15.140130848463338,-0.09738437609374363,-31.94044412869815,-179.62148081358336
98.4392196098049,0.00015268882289651083,4.106150177392177,0.0003152752809288997,81.05436742149045,2.064822263660952,0.017516181690559338,-0.20703363416125795,-15.131211172725077,-0.20703363416125792,-31.97435316830815,-179.19129248612307
98.57928964482241,0.00015113988168336665,6.507288327506639,0.0003266697845758408,77.38053894267212,2.161373827592401,0.017528682770995382,-0.3241210580184861,-15.125014372634826,-0.3241210580184861,-31.997010479146624,-178.72965899437165
98.71935967983993,0.00015088776579263936,8.956167030632809,0.00033600600923467836,73.7085944343946,2.2268605242418498,0.01753540208357509,-0.44432825256392827,-15.121685427449624,-0.4443282525639282,-32.0077009723404,-178.25559450332918
98.85942971485743,0.00015187280824991095,11.310144843111233,0.000343235742383133,70.09367727302265,2.2600210422021627,0.017536444260310334,-0.5633763793551214,-15.121169216696444,-0.5633763793551215,-32.006657563342536,-177.7881588920302
98.99949974987493,0.00015393228268593522,13.451875009436142,0.0003484184656538022,66.58267298370563,2.2634528610523694,0.01753227295358282,-0.6774798717466769,-15.123235531801809,-0.6774798717466769,-31.994950077367147,-177.344125564048
99.13956978489244,0.0001568395921696886,15.30563560442378,0.00035170133151149084,63.21256554013321,2.242426970423237,0.01752361222758028,-0.7836615566405176,-15.127527313988159,-0.7836615566405176,-31.974243325280717,-176.9363597361129
99.27963981990996,0.00016034785232022284,16.839507766304962,0.0003532920095982458,60.00998281110825,2.2032849488542174,0.017511328629238973,-0.8798915712258828,-15.1336180326429,-0.8798915712258828,-31.94650414644553,-176.57314799666898
99.41970985492746,0.00016422493162981746,18.05710610883025,0.00035343059098800746,56.991761016719835,2.152112882498755,0.017496321182209437,-0.9650658903827198,-15.141065149906368,-0.9650658903827198,-31.91373277648184,-176.25838988593463
99.55977988994498,0.00016827443946624662,18.98521913771381,0.0003523652093427394,54.166208675829985,2.093991282695187,0.017479436761607858,-1.0388735628492287,-15.149451314150479,-1.0388735628492287,-31.877764928946235,-175.99235941417373
99.69984992496248,0.00017234363581058342,19.66229122042569,0.00035033379922659797,51.534722559778594,2.0327631918572093,0.01746141685061862,-1.1016099121572211,-15.158410395331096,-1.101609912157221,-31.840157457465832,-175.7727054015548
99.83991995997998,0.0001763222941061742,20.129979483739355,0.000347552415704929,49.09346554116308,1.9711200870358851,0.017442872997026508,-1.153982996547914,-15.16763962655866,-1.153982996547914,-31.802146498167016,-175.59543293539727
99.9799899949975,0.00018013676420399662,20.42799818234944,0.0003442092513656802,46.8349101160726,1.9108217741486633,0.01742428386337086,-1.1969432676683676,-15.176901246560764,-1.1969432676683676,-31.764656421207526,-175.4557192952072
100.12006003001501,0.0001837423829591233,20.591538209554162,0.0003404629293589023,44.749143695502255,1.8529362897978974,0.017406005906499725,-1.231549880409938,-15.186017468780761,-1.2315498804099383,-31.72833761314266,-175.34851385427837
100.26013006503251,0.00018711609006350676,20.650376453341924,0.0003364436160550591,42.82490278875307,1.7980474898811263,0.017388290936305287,-1.2588753688064436,-15.194862038339965,-1.2588753688064436,-31.693615975312778,-175.26893274963376
100.40020010005001,0.0001902501135734216,20.6289483341614,0.0003322557372798316,41.05034836937422,1.7464154477448286,0.01737130575636647,-1.2799438822802158,-15.203350710488674,-1.2799438822802158,-31.66074306937864,-175.2124876460984
100.54027013506754,0.00019314697435764266,20.546888606007553,0.0003279814097271227,39.413617894187205,1.6980924025235435,0.017355150960914268,-1.2956956631779395,-15.211432086696284,-1.2956956631779395,-31.629840967937906,-175.1751943600286
100.68034017008505,0.00019581574004013416,20.419742360845976,0.00032368400626973264,37.903197319309065,1.6530030027381393,0.01733987740409861,-1.3069703766515741,-15.219079547655532,-1.3069703766515741,-31.600939429325138,-175.1536020573578
100.82041020510255,0.00019826932860232913,20.2596851636106,0.00031941151596366174,36.508155298399316,1.610998121672711,0.017325499816433203,-1.3145030063467233,-15.226284554893093,-1.3145030063467231,-31.574005135592298,-175.1447745613387
100.96048024012005,0.0002005226341138971,20.076176141465616,0.000315199529880787,35.21827620751343,1.571890032632193,0.01731200760279684,-1.3189274875220105,-15.233051316896303,-1.3189274875220103,-31.54896380039758,-175.14624603056885
101.10055027513758,0.00020259126715540065,19.876516045418224,0.0003110737932115679,34.02412166322159,1.5354748384734378,0.017299373134658135,-1.320784632384631,-15.239392676207837,-1.320784632384631,-31.525716359062997,-175.15596559501532
101.24062031015508,0.00020449073954075358,19.66630738094787,0.0003070523280344942,32.91704340170349,1.501546371850745,0.017287557951588792,-1.3205320355943777,-15.245327020595278,-1.3205320355943777,-31.504150492429822,-175.17223985247026
101.38069034517258,0.0002062359616293393,19.44982530214845,0.0003031471643705595,31.889164501185412,1.4699044821067402,0.017276517291220567,-1.3185544980416486,-15.250876016775683,-1.3185544980416486,-31.484148602380813,-175.1936782202095
101.52076038019008,0.0002078409543908327,19.23031220531886,0.00029936573105745313,30.933341178337354,1.4403596824065457,0.01726620332329366,-1.315174106235357,-15.256062984577392,-1.315174106235357,-31.465593162281188,-175.21914360723673
101.66083041520761,0.00020931870557599477,19.010209471834518,0.0002957119606532464,30.043113726899463,1.4127354735904665,0.017256567402451663,-1.3106595061885156,-15.260911758033766,-1.3106595061885158,-31.448370168403915,-175.24770932493885
101.80090045022511,0.0002106811200758764,18.79133863131376,0.0002921871592999913,29.212652437632677,1.3868692135050384,0.01724756159215487,-1.3052341674553685,-15.265445909649497,-1.3052341674553682,-31.432371244540448,-175.27862226539074
101.94097048524262,0.00021193902983051386,18.575042425710965,0.000288790686501206,28.436702357662146,1.3626120999617195,0.017239139656133638,-1.2990835890587837,-15.26968824107728,-1.2990835890587837,-31.417494809652084,-175.3112719094264
102.08104052026013,0.0002131022396452433,18.362294390373112,0.00028552048297794853,27.710529340696237,1.3398286355566311,0.017231257666924977,-1.2923614879728906,-15.273660466227224,-1.2923614879728906,-31.403646607082575,-175.34516451715163
102.22111055527763,0.00021417959304862147,18.153783869513198,0.0002823734781743283,27.029868860832156,1.3183958105206874,0.017223874343430222,-1.2851950566097003,-15.27738303121403,-1.2851950566097001,-31.39073980940473,-175.37990179402925
102.36118059029515,0.00021517904774636857,17.949981936246296,0.00027934590306207777,26.390878395273848,1.2982021529872307,0.01721695120013669,-1.2776893948865156,-15.280875029936865,-1.2776893948865156,-31.378694850302654,-175.4151633477862
102.50125062531265,0.00021610775395783808,17.751192500675934,0.00027643352881698995,25.79009373638277,1.2791467393202431,0.01721045256829944,-1.2699312258605902,-15.28415418511142,-1.26993122586059,-31.367439089133413,-175.45069231352772
102.64132066033017,0.000216972131461032,17.557591939440798,0.0002736318477150321,25.224389305029323,1.2611382202519226,0.017204345532593958,-1.2619919986457675,-15.287236872887446,-1.2619919986457675,-31.356906380831454,-175.486283602164
102.78139069534767,0.00021777794287888063,17.36925983097639,0.0002709362091503369,24.69094235717593,1.2440938947661049,0.017198599814296212,-1.2539304727633114,-15.290138175376878,-1.2539304727633114,-31.3470366003021,-175.52177430694488
102.92146073036518,0.00021853036187016535,17.186202795809844,0.0002683419209066362,24.18720086955312,1.2279388484519385,0.017193187622893815,-1.2457948668694878,-15.29287194998484,-1.2457948668694878,-31.3377751538434,-175.55703587752419
103.0615307653827,0.00021923403562408344,17.00837298735734,0.000265844323608247,23.71085483386141,1.2126051634796586,0.017188083491363738,-1.2376246434655047,-15.29545090777535,-1.2376246434655045,-31.329072498521036,-175.591967737404
103.2016008004002,0.00021989314152447834,16.835682427900878,0.0002634388445337581,23.259810665122505,1.1980312014616985,0.017183264105529897,-1.2294519905456243,-15.29788669552746,-1.2294519905456243,-31.320883682377865,-175.62649207789275
103.3416708354177,0.0002205114381358493,16.66801411385472,0.0002611210356053346,22.832168426854714,1.184160956967988,0.017178708134454598,-1.221303051559879,-15.300189977883292,-1.221303051559879,-31.313167912857946,-175.66054961009536
103.48174087043522,0.00022109231082880295,16.505230605919625,0.00025888659929329007,22.426201585614397,1.1709434775131196,0.017174396066354583,-1.2131989466882513,-15.302370517237529,-1.2131989466882513,-31.305888157113632,-175.69409609673852
103.62181090545273,0.00022163881244895636,16.347180659031036,0.0002567314053372272,22.040339024715692,1.158332344865603,0.01717031005279683,-1.2051566212302245,-15.304437249901737,-1.2051566212302245,-31.29901077541065,-175.72709951884735
103.76188094047023,0.00022215369946856935,16.193704323079068,0.0002546515005313621,21.67314906800992,1.1462852121775744,0.017166433762717495,-1.1971895508198915,-15.30639835769681,-1.1971895508198915,-31.292505187266446,-175.75953775948412
103.90195097548774,0.00022263946406339197,16.044636849692022,0.00025264311331264284,21.32332528713207,1.1347633914565476,0.017162752246975752,-1.1893083280623704,-15.30826133455545,-1.1893083280623706,-31.28634356898047,-175.79139670891985
104.04202101050524,0.00022309836254107336,15.899811666383803,0.0002507026544942551,20.989673888127946,1.123731486142574,0.01715925181359284,-1.1815211509232812,-15.310033048007902,-1.1815211509232812,-31.280500580651605,-175.82266871360994
104.18209104552277,0.00022353244052042656,15.759062622049926,0.00024882671517922927,20.67110249496633,1.1131570639139123,0.01715591991345826,-1.1738342296648736,-15.311719795617677,-1.1738342296648736,-31.274953120490437,-175.85335130593862
104.32216108054027,0.00022394355522838954,15.622225663314973,0.0002470120626495798,20.366610167608584,1.1030103652577266,0.017152745036053265,-1.1662521261960963,-15.313327356557359,-1.1662521261960963,-31.26968010413239,-175.88344616351145
104.46223111555777,0.00022433339524717907,15.489140066643165,0.00024525563484055897,20.07527851080909,1.0932640437698853,0.01714971661460506,-1.1587780372890988,-15.314861038589436,-1.1587780372890988,-31.26466226667198,-175.91295825633972
104.60230115057529,0.00022470349801008408,15.35964932417131,0.00024355453386531168,19.79626374657363,1.0838929345656276,0.017146824940014217,-1.1514140311246719,-15.316325720757733,-1.1514140311246717,-31.259881985229143,-175.9418951480009
104.7423711855928,0.00022505526531189907,15.233601760177036,0.00024190601894323677,19.528789638224456,1.0748738475768813,0.01714406108287213,-1.1441612449903389,-15.317725892112149,-1.1441612449903389,-31.255323119988667,-175.97026642312684
104.8824412206103,0.0002253899770698386,15.110850938632426,0.00024030749899857406,19.272141167406563,1.066185382875802,0.017141416822888965,-1.1370200506057477,-15.319065686791205,-1.1370200506057475,-31.250970871808676,-175.99808321865282
105.0225112556278,0.00022570880354325014,14.991255909386838,0.00023875652512849471,19.025658877225265,1.0578077654943767,0.01713888458507573,-1.1299901924390474,-15.32034891577809,-1.1299901924390474,-31.246811654655904,-176.02535784037937
105.16258129064532,0.00022601281619561814,14.874681330388752,0.0002372507830879962,18.788733805172466,1.0497226975069034,0.017136457382058632,-1.1230709034627784,-15.321579095631064,-1.1230709034627784,-31.242832981286348,-176.05210344974773
105.30265132566284,0.00022630299736018533,14.760997495384409,0.0002357880858987819,18.560802938710864,1.0419132254068206,0.017134128761945165,-1.1162610020433295,-15.322759474470256,-1.1162610020433297,-31.239023360746465,-176.0783338084502
105.44272136068034,0.00022658024885083422,14.650080290251,0.00023436636665844117,18.341345134479088,1.034363621044184,0.01713189276120553,-1.109558973035481,-15.32389305548254,-1.109558973035481,-31.235372206415168,-176.10406307071386
105.58279139569785,0.00022684539964249899,14.541811096165166,0.00023298367160253704,18.12987744917564,1.0270592745972005,0.01712974386207753,-1.1029630356392122,-15.32498261818491,-1.1029630356392122,-31.23186975344247,-176.1293056149051
105.72286143071535,0.00022709921273008764,14.436076653894755,0.00023163815345415058,17.925951836403467,1.0199865982338634,0.01712767695404674,-1.0964712001507493,-15.326030737666265,-1.0964712001507493,-31.228506984564127,-176.15407590757832
105.86293146573286,0.00022734239126148104,14.332768900405387,0.00023032806508169144,17.729152169203758,1.0131329392800148,0.017125687298995395,-1.0900813153876194,-15.327039802007242,-1.0900813153876194,-31.22527556338371,-176.17838839430098
106.00300150075037,0.00022757558402842676,14.23178478652332,0.00022905175347543566,17.539091552778693,1.006486501850851,0.017123770499652555,-1.0837911082754266,-15.328012028059135,-1.0837911082754266,-31.222167774313764,-176.2022574125781
106.14307153576789,0.00022779939038887023,14.133026082456926,0.0002278076540455514,17.355409896082804,1.0000362760263188,0.01712192247101416,-1.0775982168416791,-15.328949475745201,-1.0775982168416791,-31.219176468458517,-176.22569712301112
106.28314157078539,0.00022801436468528237,14.036399176442254,0.00022659428523868282,17.177771714622562,0.9937719737589357,0.01712013941443492,-1.071500217660341,-15.329854061031652,-1.071500217660341,-31.216295014800906,-176.24872145549548
106.42321160580289,0.00022822102021570367,13.941814870561387,0.00022541024346606824,17.005864140012147,0.9876839707973489,0.017118417794124183,-1.0654946486229386,-15.330727567700704,-1.0654946486229386,-31.213517256128064,-176.27134406780974
106.56328164082042,0.0002284198328073691,13.849188176819109,0.0002242541983332758,16.839395114646763,0.9817632539920198,0.01711675431580566,-1.059579027772072,-15.331571658044687,-1.0595790277720718,-31.21083746919313,-176.2935783144038
106.70335167583792,0.00022861124403679393,13.75843811580167,0.00022312488815968236,16.678091752323937,0.9760013734222601,0.017115145907325272,-1.0537508688162898,-15.332387882588034,-1.0537508688162898,-31.208250328668115,-176.31543722356798
106.84342171085542,0.00022879566413497413,13.66948751963953,0.00022202111577457263,16.521698847810786,0.9703903988477467,0.017113589701014207,-1.0480076938475338,-15.333177688932967,-1.0480076938475338,-31.205750874491383,-176.33693348147406
106.98349174587293,0.0002289734746117813,13.582262840521821,0.0002209417445760337,16.369977520261642,0.9649228800437902,0.017112083017633974,-1.0423470437005102,-15.33394242981483,-1.0423470437005102,-31.203334482258484,-176.3580794218355
107.12356178089045,0.00022914503062963274,13.496693965638068,0.0002198856948385162,16.22270397706764,0.959591810628953,0.017110623351748497,-1.0367664863247235,-15.334683370444155,-1.0367664863247235,-31.20099683634372,-176.37888702014726
107.26363181590796,0.00022931066315302076,13.412714039129531,0.0002188519402549281,16.079668386195074,0.9543905950369457,0.01710920835838413,-1.0312636234822201,-15.335401695204638,-1.0312636234822201,-31.198733905474114,-176.3993678916415
107.40370185092546,0.0002294706808974166,13.330259291406449,0.00021783950469935804,15.94067384637306,0.9493130183229891,0.017107835840853222,-1.025836096035697,-15.3360985137689,-1.025836096035697,-31.196541920508448,-176.41953329224157
107.54377188594296,0.00022962537209837567,13.249268876010047,0.00021684745919689293,15.805535445638762,0.9443532185284453,0.017106503739629454,-1.020481588050774,-15.336774866687824,-1.020481588050774,-31.194417354200755,-176.43939412191946
107.68384192096048,0.0002297750061193101,13.169684714063584,0.0002158749190874882,15.674079399764253,0.9395056613572483,0.017105210122174593,-1.01519782990189,-15.337431730503383,-1.01519782990189,-31.192356902751754,-176.45896092996247
107.82391195597799,0.0002299198349143258,13.091451346252883,0.00021492104137140733,15.546142262986253,0.93476511694388,0.01710395317362706,-1.0099826005422199,-15.338070022429733,-1.0099826005422199,-31.19035746897247,-176.47824392173965
107.96398199099549,0.0002300600943606928,13.014515792200559,0.00021398502222435273,15.421570204256058,0.93012663851586,0.017102731188271207,-1.0048337290735434,-15.338690604642988,-1.0048337290735434,-31.188416146903705,-176.49725296662916
108.10405202601301,0.00023019600547391573,12.938827417040168,0.00021306609467103342,15.300218342930204,0.9255855427742279,0.017101542561715016,-0.9997490957312004,-15.33929428821584,-0.9997490957312002,-31.186530207750714,-176.51599760682635
108.24412206103051,0.00023032777551695415,12.86433780495691,0.0002121635264065511,15.181950138449508,0.9211373918337261,0.017100385783710675,-0.9947266323817696,-15.339881836729694,-0.9947266323817696,-31.18469708700836,-176.53448706680112
108.38419209604803,0.00023045559901389728,12.791000639432925,0.0002112766177556173,15.066636829108834,0.916777976580541,0.017099259431559568,-0.9897643226162005,-15.340453969593648,-0.9897643226162005,-31.18291437266351,-176.5527302632148
108.52426213106553,0.0002305796586772917,12.718771589917287,0.00021040469976022058,14.95415691551442,0.9125033013197966,0.017098162164048494,-0.984860201508503,-15.341011365096765,-0.984860201508503,-31.181179794375034,-176.57073581513993
108.66433216608304,0.00023070012625734737,12.647608204630666,0.00020954713238696468,14.844395684766134,0.9083095695977799,0.01709709271586976,-0.9800123550994032,-15.3415546632175,-0.9800123550994032,-31.17949121353991,-176.588512054456
108.80440220110054,0.00023081716332038323,12.577469809210346,0.00020870330284586454,14.737244771794316,0.904193171095237,0.01709604989248182,-0.9752189196552667,-15.342084468211802,-0.9752189196552665,-31.177846614165098,-176.6060670363176
108.94447223611806,0.00023093092196310952,12.508317410901618,0.00020787262401293234,14.632601754631331,0.9001506694982118,0.01709503256537187,-0.970478080744834,-15.34260135099937,-0.970478080744834,-31.176244094471635,-176.62340854961042
109.08454227113558,0.0002310415454686628,12.440113608005415,0.00020705453294939937,14.530369780711005,0.8961787912619512,0.017094039667685267,-0.9657880721697579,-15.343105851365529,-0.9657880721697581,-31.17468185916534,-176.64054412732963
109.22461230615308,0.00023114916890970742,12.372822504298535,0.00020624848951090717,14.430457221569242,0.8922744151914859,0.01709307019018999,-0.9611471747792931,-15.343598479994725,-0.9611471747792931,-31.173158212314934,-176.6574810568255
109.36468234117058,0.00023125391970338268,12.306409628151009,0.00020545397504045698,14.332777353570076,0.8884345627697124,0.01709212317754752,-0.9565537151947447,-15.344079720349983,-0.9565537151947447,-31.17167155078424,-176.6742263898764
109.5047523761881,0.00023135591812239258,12.240841856074965,0.0002046704911393356,14.237248062506465,0.884656389170301,0.01709119772486412,-0.9520060644651859,-15.344550030411323,-0.9520060644651859,-31.170220358169836,-176.69078695255584
109.64482241120561,0.0002314552777661135,12.1760873404498,0.0002038975585106392,14.14379157012711,0.88093717489855,0.017090292974498947,-0.9475026366725166,-15.345009844285023,-0.9475026366725166,-31.168803199201072,-176.7071693548702
109.78489244622311,0.00023155210599521388,12.112115441179323,0.0002031347158703834,14.052334180821862,0.877274318008501,0.01708940811310768,-0.9430418875009406,-15.345459573694386,-0.9430418875009404,-31.16741871456273,-176.72338000014918
109.92496248124061,0.00023164650433293667,12.048896661048333,0.000202381518921546,13.96280604686249,0.8736653268493565,0.017088542368902105,-0.9386223127834601,-15.345899609361826,-0.9386223127834599,-31.16606561610457,-176.7394250941777
110.06503251625811,0.0002317385688358988,11.986402584557002,0.00020163753938670534,13.875140950741876,0.870107813298403,0.017087695009108214,-0.9342424470358011,-15.346330322291017,-0.9342424470358011,-31.16474268240583,-176.75531065406062
110.20510255127564,0.00023182839043698358,11.924605820022943,0.00020090236409524347,13.7892761032882,0.8665994864414739,0.01708686533760667,-0.9299008619863718,-15.346752064957288,-0.9299008619863718,-31.163448754664635,-176.7710425168177
110.34517258629315,0.00023191605526266018,11.86347994475187,0.00020017559412135636,13.70515195635016,0.8631381466653714,0.01708605269274102,-0.9255961651092712,-15.347165172413494,-0.9255961651092712,-31.162182732886542,-176.7866263477072
110.48524262131065,0.00023200164492684754,11.8029994530885,0.00019945684396938291,13.62271202895826,0.8597216801297839,0.01708525644528047,-0.921326998166061,-15.34756996331806,-0.921326998166061,-31.16094357234729,-176.80206764828046
110.62531265632816,0.00023208523680324044,11.743139707169744,0.00019874574080319413,13.541902745964892,0.8563480535889872,0.01708447599652495,-0.9170920357608513,-15.347966740891385,-0.9170920357608515,-31.15973028030808,-176.8173717641704
110.76538269134568,0.00023216690427784015,11.683876890211991,0.00019804192371661108,13.462673288255393,0.8530153095361481,0.017083710776541614,-0.9128899839122903,-15.348355793805979,-0.9128899839122903,-31.15854191296355,-176.83254389262
110.90545272636318,0.00023224671698327453,11.62518796217427,0.0001973450430420302,13.384975453703083,0.8497215616453351,0.017082960242522458,-0.9087195786452379,-15.34873739701557,-0.9087195786452377,-31.157377572603618,-176.84758908975715
111.04552276138068,0.00023232474101634405,11.56705061764737,0.000196654759694613,13.308763528114474,0.8464649904883713,0.017082223877253996,-0.904579584604176,-15.34911181252779,-0.904579584604176,-31.156236404973264,-176.86251227762293
111.1855927963982,0.00023240103914010853,11.509443245828475,0.00019597074454958817,13.23399416547849,0.8432438395055648,0.01708150118769056,-0.9004687936898401,-15.349479290124544,-0.9004687936898399,-31.155117596814602,-176.87731825096236
111.32566283141571,0.00023247567097170411,11.452344892448124,0.00019529267785036445,13.160626276894035,0.8400564112110234,0.01708079170362338,-0.8963860237200301,-15.349840068034148,-0.89638602372003,-31.154020373577495,-176.89201168378617
111.46573286643321,0.00023254869315697985,11.39573522352452,0.00019462024864530807,13.08862092760622,0.8369010636147994,0.01708009497643854,-0.8923301171151276,-15.35019437355864,-0.8923301171151274,-31.152943997286208,-176.906597135713
111.60580290145073,0.00023262015953294746,11.33959449082709,0.0001939531542511789,13.017941241633018,0.8337762068455125,0.0170794105779573,-0.8882999396084987,-15.350542423659533,-0.8882999396084988,-31.151887764550416,-176.92107905810192
111.74587293646823,0.00023269012127894706,11.283903498938205,0.0001932910997413436,12.948552313510698,0.830680299958363,0.017078738099352796,-0.8842943789816422,-15.350884425505038,-0.8842943789816422,-31.15085100471006,-176.93546179998438
111.88594297148573,0.00023275862705735654,11.228643573807911,0.0001926337974570021,12.880421126729393,0.8276118479145915,0.017078077150137757,-0.880312343823662,-15.351220576981513,-0.8803123438236621,-31.149833078104198,-176.9497496138068
112.02601300650325,0.00023282572314460115,11.173796532702804,0.00019198096653977835,12.813516478470444,0.8245693987195077,0.017077427357218258,-0.8763527623144641,-15.351551067171506,-0.8763527623144642,-31.148833374455446,-176.96394666099252
112.16608304152076,0.00023289145355315116,11.119344655455567,0.00019133233248411785,12.74780891029346,0.8215515407071451,0.0170767883640089,-0.8724145810308461,-15.351876076800885,-0.8724145810308461,-31.14785131136109,-176.978057017334
112.30615307653827,0.0002329558601451414,11.065270656926538,0.00019068762670803308,12.683270644454927,0.8185568999604758,0.01707615982960523,-0.8684967637745054,-15.352195778656995,-0.8684967637745052,-31.146886332884268,-176.99208467822498
112.44622311155577,0.00023301898273818633,11.011557660594114,0.00019004658614082135,12.6198755255728,0.8155841378569249,0.017075541428009565,-0.8645982904208723,-15.352510337979941,-0.8645982904208723,-31.145937908238125,-177.00603356374202
112.5862931465733,0.00023308085920392227,10.958189173194482,0.00018940895282645577,12.55759896737975,0.8126319487296124,0.017074932847406694,-0.8607181557875279,-15.352819912828611,-0.860718155787528,-31.145005530556187,-177.01990752358623
112.7263631815908,0.00023314152555975625,10.905149060335834,0.000188774473541423,12.496417904336651,0.809699057635438,0.01707433378948613,-0.8568553685208948,-15.35312465442325,-0.8568553685208947,-31.14408871574414,-177.03371034189382
112.8664332166083,0.0002332010160542651,10.852421523015796,0.0001881428994258482,12.436310747903093,0.8067842182217079,0.017073743968808026,-0.853008949999786,-15.35342470746594,-0.8530089499997858,-31.143187001406822,-177.0474457419256
113.0065032516258,0.00023325936324664615,10.79999107497432,0.0001875139856268032,12.377257347286953,0.8038862106835462,0.017073163112209903,-0.8491779332543365,-15.353720210440505,-0.8491779332543365,-31.142299945846375,-177.0611173906448
113.14657328664333,0.0002333165980805928,10.747842520817585,0.00018688749095275648,12.319238954518061,0.8010038398048361,0.017072590958251848,-0.8453613618987709,-15.354011295892935,-0.8453613618987709,-31.14142712712666,-177.07472890319227
113.28664332166083,0.00023337274995292477,10.69596093485146,0.000186263177538164,12.262238193713786,0.7981359330758901,0.017072027256697587,-0.8415582890764067,-15.354298090693728,-0.8415582890764067,-31.140568142199964,-177.0882838472686
113.42671335667833,0.00023342784677728802,10.644331640565571,0.0001856408105172532,12.206239034425415,0.7952813388814398,0.01707147176802967,-0.8377677764152338,-15.35458071628296,-0.8377677764152339,-31.139722606092533,-177.10178574743196
113.56678339169584,0.00023348191504319777,10.592940190711834,0.00018502015770608822,12.15122676897568,0.792438924752937,0.01707092426299645,-0.83398889299237,-15.354859288899297,-0.83398889299237,-31.138890151145183,-177.11523808932066
113.70685342671335,0.00023353497987068392,10.541772347923363,0.00018440098929204768,12.097187993717613,0.7896075756794834,0.017070384522189407,-0.8302207143056555,-15.355133919793678,-0.8302207143056554,-31.138070426306218,-177.12864432380957
113.84692346173087,0.0002335870650607674,10.490814065821606,0.00018378307752986987,12.044110594165073,0.7867861924719972,0.017069852335648974,-0.8264623212505717,-15.355404715428556,-0.8264623212505717,-31.137263096473543,-177.14200787110863
113.98699349674837,0.00023363819314197693,10.440051470561663,0.00018316619644346017,11.991983733965114,0.7839736901755356,0.01706932750249747,-0.8227127991006734,-15.35567177766346,-0.8227127991006734,-31.13646784188363,-177.15533212481324
114.12706353176588,0.00023368838541309599,10.389470842767057,0.0001825501215326762,11.940797847701818,0.7811689965249168,0.017068809830597775,-0.8189712364896322,-15.355935203927519,-0.8189712364896321,-31.135684357544807,-177.16862045591395
114.26713356678339,0.00023373766198230876,10.339058599806918,0.00018193462948433,11.890544637541392,0.7783710504390189,0.01706829913623656,-0.8152367243929848,-15.356195087379565,-0.8152367243929847,-31.13491235271292,-177.1818762167751
114.4072036018009,0.0002337860418028955,10.288801278369535,0.00018131949788666548,11.841217073747899,0.7755788005493311,0.017067795243830862,-0.8115083551075905,-15.356451517056431,-0.8115083551075903,-31.1341515504073,-177.19510274509082
114.5472736368184,0.0002338335427056125,10.238685517287557,0.00018070450494659247,11.792809399119864,0.7727912037585324,0.01706729798565716,-0.8077852212267984,-15.356704578009841,-0.8077852212267983,-31.13340168696549,-177.20830336782717
114.68734367183592,0.00023388018142787503,10.188698040570621,0.00018008942920896254,11.745317137418626,0.7700072238249879,0.017066807201601964,-0.8040664146092068,-15.35695435143243,-0.8040664146092069,-31.132662511635093,-177.2214814051589
114.82741370685342,0.00023392597363984193,10.138825640602322,0.00017947404927719276,11.698737105881436,0.7672258299692506,0.01706632273893308,-0.8003510253389126,-15.357200914773282,-0.8003510253389126,-31.131933786201337,-177.23464017441017
114.96748374187094,0.00023397093396749455,10.08905516145868,0.00017885814353454954,11.653067431934753,0.7644459954987323,0.017065844452091087,-0.7966381406750188,-15.35744434184323,-0.7966381406750187,-31.131215284649443,-177.24778299400788
115.10755377688845,0.00023401507601277698,10.039373482305692,0.00017824148986540704,11.608307574247094,0.7616666964468359,0.017065372202500137,-0.7929268439881358,-15.357684702910364,-0.7929268439881358,-31.13050679286035,-177.2609131874567
115.24762381190595,0.00023405841237086035,9.989767500833665,0.00017762386537580567,11.564458348285786,0.758886910222926,0.017064905858397785,-0.7892162136815148,-15.357922064785905,-0.7892162136815148,-31.129808108339525,-177.27403408734526
115.38769384692345,0.00023410095464457254,9.940224116686394,0.00017700504611263326,11.521521956569073,0.7561056142695957,0.017064445294683383,-0.785505322094394,-15.35815649090065,-0.785505322094394,-31.12911903997758,-177.2871490393925
115.52776388194097,0.00023414271345602756,9.89073021484255,0.00017638480678075033,11.479502023832985,0.7533217847237246,0.01706399039278466,-0.7817932343850085,-15.358388041372217,-0.7817932343850084,-31.128439407842485,-177.3002614065445
115.66783391695849,0.00023418369845546851,9.841272648906855,0.00017576292045738332,11.438403637363372,0.7505343950779124,0.01706354104054227,-0.7780790073906557,-15.358616773063162,-0.7780790073906558,-31.127769043002978,-177.31337457313126
115.80790395197599,0.0002342239183273312,9.791838224267796,0.0001751391583030978,11.398233392776161,0.7477424148388568,0.017063097132112237,-0.7743616884620705,-15.358842739630003,-0.7743616884620705,-31.127107787382826,-177.3264919490932
115.94797398699349,0.00023426338079351571,9.742413681078133,0.00017451328926866146,11.35899944556471,0.7449448081793067,0.017062658567886045,-0.770640314269259,-15.359065991563327,-0.770640314269259,-31.12645549364572,-177.3396169742894
116.08804402201099,0.0002343020926138444,9.692985677013532,0.00017388507979709513,11.320711568771516,0.7421405325802056,0.017062225254428597,-0.7669139095758112,-15.359286576218787,-0.7669139095758111,-31.125812025111394,-177.3527531228966
116.22811405702852,0.00023434005958366727,9.643540769763698,0.00017325429352020146,11.283381217183857,0.7393285374596564,0.01706179710443401,-0.7631814859785665,-15.359504537839054,-0.7631814859785664,-31.125177255702337,-177.3659039079117
116.36818409204602,0.00023437728652856096,9.594065399209196,0.00017262069094884353,11.247021598498758,0.7365077627853165,0.017061374036699464,-0.7594420406093725,-15.35971991756661,-0.7594420406093725,-31.12455106992229,-177.37907288576906
116.50825412706352,0.00023441377729605664,9.544545869235437,0.00017198402915623388,11.21164775195296,0.7336771376668014,0.01706095597611746,-0.7556945547954717,-15.359932753447168,-0.7556945547954718,-31.123933362866737,-177.39226366108463
116.64832416208104,0.000234449534744309,9.49496832913429,0.00017134406145347935,11.177276634968978,0.7308355789246818,0.01706054285368685,-0.7519379926749372,-15.360143080423562,-0.7519379926749373,-31.12332404026565,-177.4054798915401
116.78839419709855,0.00023448456072760923,9.445318754541285,0.00017070053705660123,11.143927218428958,0.7279819896325576,0.01706013460654302,-0.748171299763317,-15.360350930319894,-0.748171299763317,-31.122723018560393,-177.41872529292067
116.92846423211606,0.0002345188560786224,9.395582927854754,0.0001700532007442411,11.111620591255134,0.7251152576287119,0.01705973117800808,-0.7443934014674888,-15.36055633181553,-0.7443934014674889,-31.122130225014768,-177.43200364431965
117.06853426713356,0.00023455242058721256,9.34574641808079,0.0001694017925052296,11.080380075049847,0.7222342539937323,0.017059332517661462,-0.7406032015424723,-15.36075931040866,-0.7406032015424723,-31.12154559786234,-177.44531879352616
117.20860430215107,0.00023458525297569878,9.29579456004546,0.00016874604717518222,11.05023134962998,0.7193378314904688,0.01705893858143203,-0.7367995804867161,-15.360959888368985,-0.7367995804867161,-31.120969086490845,-177.45867466260998
117.34867433716859,0.0002346173508703659,9.245712432912672,0.00016808569406125584,11.02120259038154,0.7164248229625989,0.017058549331712494,-0.7329813938711056,-15.361158084678998,-0.7329813938711057,-31.120400651665925,-177.4720752537215
117.48874437218609,0.0002346487107690265,9.195484837943502,0.00016742045655418155,10.99332461846143,0.7134940396880329,0.017058164737497356,-0.7291474705966663,-15.361353914963328,-0.7291474705966663,-31.119840265795805,-177.48552465512282
117.6288144072036,0.00023467932800441018,9.145096275428585,0.00016675005172665344,10.966631064985302,0.7105442696832668,0.017057784774545514,-0.7252966110755958,-15.361547391405495,-0.7252966110755958,-31.119287913239184,-177.4990270474696
117.76888444222111,0.0002347091967031268,9.09453092072254,0.00016607418991714242,10.941158550466207,0.7075742759547776,0.017057409425569065,-0.721427585329988,-15.361738522651365,-0.721427585329988,-31.118743590659093,-177.5125867103625
117.90895447723861,0.00023473830973992215,9.043772599304331,0.00016539257429816796,10.91694688090786,0.7045827946934369,0.01705703868044987,-0.7175391310021906,-15.361927313698446,-0.7175391310021906,-31.118207307425024,-177.5262080291887
118.04902451225612,0.00023476665868691295,8.992804760783827,0.00016470490042804045,10.894039262113058,0.701568533407857,0.017056672536485573,-0.7136299512704015,-15.362113765770191,-0.7136299512704014,-31.117679086066907,-177.53989550227624
118.18909454727364,0.00023479423375745193,8.941610451769643,0.00016401085578506754,10.872482533942032,0.6985301689925429,0.01705631099866723,-0.7096987126626729,-15.36229787617419,-0.7096987126626729,-31.117158962784227,-177.55365374838402
118.32916458229114,0.0002348210237442379,8.890172287508387,0.00016331011928319607,10.85232742645178,0.6954663457266501,0.017055954079990693,-0.7057440427620603,-15.362479638143219,-0.7057440427620603,-31.116646988014274,-177.5674875145521
118.46923461730864,0.00023484701595124195,8.838472422199695,0.0001626023607680457,10.833628840066837,0.6923756731991203,0.01705560180180417,-0.7017645277951687,-15.362659040657764,-0.7017645277951687,-31.116143227063716,-177.58140168433903
118.60930465232617,0.00023487219611897697,8.786492517885424,0.00016188724049228152,10.816446152179227,0.6892567241559568,0.017055254194194885,-0.6977587100958416,-15.362836068248749,-0.6977587100958416,-31.115647760808436,-177.5954012864744
118.74937468734367,0.0002348965483425853,8.734213711804944,0.00016116440856927058,10.8008435528531,0.6861080322654212,0.017054911296417785,-0.6937250854351963,-15.363010700778743,-0.6937250854351963,-31.115160686467046,-177.60949150395646
118.88944472236118,0.0002349200549821648,8.681616582101052,0.00016043350440396735,10.786890412622961,0.6829280897969631,0.017054573157369687,-0.6896621002085969,-15.36318291320008,-0.6896621002085969,-31.11468211845366,-177.62367768362654
119.02951475737868,0.00023494269656469254,8.628681111753822,0.0001596941560999972,10.774661685727688,0.6797153452098252,0.017054239836112733,-0.6855681484695529,-15.363352675287818,-0.6855681484695528,-31.114212189317136,-177.63796534625493
119.16958479239621,0.00023496445167683623,8.57538665061119,0.00015894597984193284,10.764238352522215,0.676468200647402,0.017053911402451334,-0.6814415687998474,-15.363519951345463,-0.6814415687998474,-31.113751050773267,-177.6523601971741
119.30965482741371,0.00023498529684786777,8.521711875376296,0.00015818857925180665,10.75570790526069,0.6731850093336682,0.01705358793756718,-0.6772806410044634,-15.363684699881123,-0.6772806410044634,-31.113298874838836,-177.66686813749845
119.44972486243121,0.00023500520642181109,8.467634747402126,0.0001574215447189758,10.749164881957194,0.669864072868325,0.017053269534717554,-0.673083582619132,-15.363846873251369,-0.6730835826191319,-31.11285585507586,-177.68149527597188
119.58979489744871,0.00023502415241786315,8.413132468133735,0.00015664445270255125,10.744711453611675,0.6665036384177399,0.01705295630000271,-0.6688485452174869,-15.36400641726994,-0.6688485452174869,-31.112422207956367,-177.69624794148748
119.72986493246623,0.00023504210437802093,8.358181432027447,0.00015585686500573304,10.742458070749317,0.6631018957993443,0.01705264835320865,-0.6645736105039403,-15.364163270778025,-0.6645736105039403,-31.11199817435868,-177.7111326963265
119.86993496748374,0.00023505902920073637,8.302757176764583,0.00015505832802156766,10.74252417597386,0.6596569744578946,0.017052345828732315,-0.6602567861774871,-15.364317365172548,-0.6602567861774871,-31.11158402120715,-177.7261563501676
120.01000500250125,0.00023507489095928955,8.246834330564951,0.00015424837194986533,10.745038990092478,0.6561669403329775,0.017052048876597215,-0.6558960015506368,-15.36446862388836,-0.6558960015506368,-31.111180043269666,-177.74132597491905
120.15007503751876,0.00023508965070342694,8.190386556391626,0.00015342650998529387,10.750142380348672,0.652629792618333,0.017051757663568107,-0.6514891029066502,-15.364616961829993,-0.6514891029066501,-31.110786565127356,-177.75664892043255
120.29014507253626,0.000235103266242654,8.133386492824801,0.00015259223747703294,10.757985820418515,0.649043460415135,0.01705147237437455,-0.6470338485771872,-15.36476228474794,-0.6470338485771872,-31.11040394333372,-177.77213283115893
120.43021510755378,0.00023511569190938844,8.07580569136696,0.00015174503106081387,10.76873345310651,0.6454057992832528,0.017051193213054098,-0.6425279037212972,-15.364904488553943,-0.6425279037212972,-31.110032568781932,-177.78778566381138
120.57028514257128,0.00023512687829998195,8.017614549925955,0.0001508843477647359,10.782563268147095,0.6417145876969161,0.017050920404427336,-0.6379688347855205,-15.365043458569174,-0.6379688347855205,-31.109672869301164,-177.80361570610506
120.7103551775888,0.00023513677199139097,7.958782242205702,0.0001500096240909457,10.79966840920501,0.6379675234141514,0.01705065419571807,-0.6333541036236351,-15.365179068698414,-0.6333541036236351,-31.109325312505245,-177.81963159664724
120.8504252126063,0.00023514531523102677,7.899276642716487,0.0001491202750761296,10.82025862610933,0.6341622197729994,0.01705039485833396,-0.6286810612533082,-15.365311180522532,-0.6286810612533082,-31.108990408919425,-177.83584234605559
120.99049524762381,0.0002351524455970263,7.839064247098583,0.00014821569333482688,10.84456189059301,0.6302962019319998,0.017050142689824146,-0.6239469412256307,-15.365439642300787,-0.6239469412256307,-31.108668715414932,-177.85225735938772
121.13056528264133,0.00023515809562586895,7.77811008743391,0.00014729524809088847,10.872826196390815,0.6263669030779692,0.01704989801603285,-0.6191488525822199,-15.365564287873319,-0.6191488525822199,-31.10836083898296,-177.86888645996925
121.27063531765883,0.00023516219240390137,7.7163776422006105,0.0001463582842040012,10.90532156753272,0.6223716606308229,0.017049661193469876,-0.6142837723732847,-15.36568493545314,-0.6142837723732846,-31.10806744088494,-177.88573991471262
121.41070535267633,0.00023516465711892907,7.6538287405059,0.0001454041212001799,10.942342302123617,0.6183077124835351,0.017049432611921777,-0.6093485377088055,-15.365801386295585,-0.6093485377088055,-31.107789241219727,-177.90282846102295
121.55077538769385,0.00023516540456756629,7.590423460212376,0.00014443205231753347,10.984209482905243,0.6141721933254691,0.017049212697329733,-0.6043398373138352,-15.36591342323189,-0.6043398373138352,-31.10752702395313,-177.920163335393
121.69084542271136,0.00023516434261352983,7.526120019553491,0.00014344134358157875,11.031273790547235,0.6099621311097785,0.01704900191496436,-0.5992542025578466,-15.366020809051594,-0.5992542025578464,-31.107281642461047,-177.93775630379199
121.83091545772886,0.00023516137159146114,7.4608746618149295,0.00014243123292798787,11.08391866102325,0.6056744437408258,0.017048800772930178,-0.5940879979272109,-15.366123284717048,-0.5940879979272109,-31.107054025643958,-177.95561969395717
121.97098549274637,0.00023515638365020588,7.394641532641692,0.0001414009293950989,11.142563834728112,0.6013059360762759,0.01704860982603765,-0.588837410909289,-15.36622056739078,-0.5888374109092889,-31.10684518467679,-177.97376642970116
122.11105552776387,0.0002351492620287235,7.327372549515192,0.00014034961241394525,11.207669352341073,0.5968532973614076,0.017048429680084926,-0.5834984412563128,-15.366312348254267,-0.5834984412563128,-31.106656220467887,-177.9922100673477
122.2511255627814,0.00023513988025693975,7.25901726293324,0.0001392764312302141,11.279740061023237,0.5923130992412913,0.017048260996596544,-0.578066889597486,-15.366398290094065,-0.578066889597486,-31.106488331908224,-178.0109648344116
122.3911955977989,0.00023512810127289058,7.1895227088187745,0.00013818050450071037,11.359330704575298,0.5876817945309631,0.01704810449807314,-0.5725383453685071,-15.366478024627826,-0.5725383453685071,-31.10634282500406,-178.03004567063505
122.5312656328164,0.00023511377644639146,7.118833251682668,0.00013706092011691204,11.447051682934003,0.5829557169660938,0.017047960973812445,-0.5669081740293713,-15.366551149539543,-0.5669081740293713,-31.106221122997077,-178.0494682714911
122.67133566783392,0.00023509674449821477,7.046890418073993,0.00013591673532050832,11.543575580159645,0.5781310822087561,0.017047831286370142,-0.5611715035439363,-15.366617225189154,-0.5611715035439363,-31.1061247775906,-178.0692491342562
122.81140570285143,0.00023507683030231857,6.973632719871011,0.00013474697719094065,11.649644576222073,0.5732039904470825,0.017047716378737927,-0.5553232100987552,-15.366675770957167,-0.5553232100987552,-31.10605548141525,-178.089405606744
122.95147573786893,0.00023505384355703858,6.8989954670007485,0.00013355064360360373,11.76607887685155,0.5681704310067838,0.017047617282326646,-0.5493579030443472,-15.3667262611797,-0.5493579030443473,-31.106015081885722,-178.10995593877607
123.09154577288643,0.0002350275773092843,6.822910569228996,0.0001323267047803268,11.893786317977257,0.5630262894902398,0.017047535125853767,-0.5432699090499155,-15.366768120623409,-0.5432699090499155,-31.106005596620477,-178.13091933644225
123.23161580790395,0.00023499780631365105,6.745306326743032,0.00013107410558215143,12.03377332739478,0.5577673580799606,0.017047471145248076,-0.5370532554731597,-15.366800719443045,-0.5370532554731596,-31.10602923061925,-178.15231601917193
123.37168584292147,0.00023496428520592064,6.666107209360226,0.00012979176872949874,12.187157456942561,0.5523893497930988,0.017047426694699663,-0.5307016529607805,-15.366823367556536,-0.5307016529607805,-31.106088395420084,-178.17416727959548
123.51175587793897,0.00023492674646763447,6.585233624350025,0.0001284785991783167,12.35518173435231,0.5468879176599716,0.017047403259000837,-0.5242084773137102,-15.366835308363626,-0.5242084773137102,-31.10618573048805,-178.19649554611797
123.65182591295648,0.0002348848981552334,6.502601673063146,0.00012713348993476426,12.539231125882404,0.541258680031199,0.017047402467343476,-0.517566750674932,-15.366835711724098,-0.517566750674932,-31.106324127122157,-178.21932444805583
123.79189594797398,0.0002348384213636056,6.418122896835368,0.00012575532965806966,12.740851449707915,0.5354972535067414,0.017047426108761428,-0.5107691221284265,-15.366823666099831,-0.5107691221284264,-31.106506755207985,-178.24267888308998
123.93196598299149,0.0002347869673897004,6.3317040129931375,0.00012434301248474234,12.961771136688942,0.5295992953406025,0.01704747614943256,-0.5038078478371014,-15.366798169751812,-0.5038078478371014,-31.1067370931882,-178.26658508666765
124.072036018009,0.0002347301545570773,6.243246642256153,0.00012289545061150032,13.203926300365033,0.5235605576258285,0.017047554752085164,-0.4966747708976438,-15.366758120867985,-0.4966747708976438,-31.10701896167648,-178.29107070282697
124.21210605302652,0.00023466756465677547,6.15264702943753,0.0001214115903043979,13.469489652384905,0.5173769561292987,0.01704766429778765,-0.48936130115377724,-15.366702306480597,-0.48936130115377724,-31.10735656120066,-178.31616485571857
124.35217608804402,0.00023459873895361293,6.05979576012197,0.00011989043216437916,13.760903883167462,0.5110446573546374,0.017047807410439385,-0.4818583952898908,-15.36662939001184,-0.4818583952898909,-31.107754514629008,-178.34189822084238
124.49224612306152,0.00023452317369985446,5.96457747700308,0.00011833105668322238,14.080920219609391,0.5045601883021755,0.01704798698432573,-0.47415653762862914,-15.366537897264047,-0.47415653762862914,-31.10821791491395,-178.36830309469477
124.63231615807905,0.00023444031508998683,5.8668706008403335,0.00011673265637906135,14.432642969795479,0.49792057451490396,0.01704820621515043,-0.46624572218410937,-15.366426200645162,-0.46624572218410937,-31.108752378876442,-178.39541346111076
124.77238619309655,0.0002343495535810059,5.766547062629053,0.00011509457612043259,14.819580964076131,0.4911235134085659,0.017048468635017,-0.4581154366835847,-15.366292501390912,-0.4581154366835848,-31.109364107858735,-178.42326505206847
124.91245622811405,0.00023425021749199338,5.663472055658559,0.00011341636364821366,15.245706893557752,0.4841675916569435,0.017048778151895747,-0.4497546494730912,-15.366134809512342,-0.4497546494730912,-31.110059956189676,-178.45189540006876
125.05252626313155,0.00023414156578471887,5.5575038187801065,0.00011169783280537944,15.715525615442637,0.4770525576312232,0.017049139094187156,-0.44115180047696373,-15.365950921160078,-0.4411518004769638,-31.110847508540388,-178.4813438783796
125.19259629814908,0.00023402277991341192,5.448493465574082,0.00010993914260855281,16.234152513793298,0.4697796626859579,0.017049556261075387,-0.43229479770054147,-15.365738393055162,-0.43229479770054147,-31.11173516739944,-178.51165172439406
125.33266633316659,0.0002338929546165854,5.336284878383281,0.00010814089606954896,16.80740293218491,0.4623520885732599,0.017050034979457614,-0.4231710211657923,-15.36549451359006,-0.42317102116579225,-31.1127322520651,-178.54286204004552
125.47273636818409,0.00023375108750679918,5.2207146916123195,0.00010630426362865033,17.44189346469918,0.4547754825977365,0.017050581168337534,-0.41376733667143456,-15.365216270152324,-0.41376733667143456,-31.11384911074238,-178.57501976157465
125.61280640320159,0.00023359606729549617,5.101612395595245,0.00010443113722274508,18.145155399931546,0.4470586274495836,0.01705120141168208,-0.4040701223978632,-15.364900312168173,-0.4040701223978632,-31.11509724754095,-178.60817158887323
125.7528764382191,0.00023342666046965128,4.978800601096241,0.00010252432240242055,18.92575969994456,0.4392142791065211,0.017051903040860066,-0.3940653121640576,-15.3645429093038,-0.3940653121640576,-31.116489466398537,-178.6423658620231
125.89294647323662,0.0002332414962151897,4.852095515637343,0.00010058777753571653,19.79345132266361,0.4312602138468267,0.017052694227905812,-0.38373846012794915,-15.36413990420103,-0.38373846012794915,-31.118040034198096,-178.67765236937498
126.03301650825412,0.00023303904935951958,4.7213076969807615,9.862691095544296e-05,20.75928810862407,0.4232205341830368,0.017053584090977007,-0.37307483295179195,-15.363686659061887,-0.3730748329517919,-31.11976486560149,-178.71408206739576
126.17308654327164,0.00023281762108299316,4.586243167039788,9.66489488072498e-05,21.835775344370226,0.41512729301875767,0.017054582813495145,-0.36205953698920146,-15.363177995339308,-0.3620595369892014,-31.12168173237787,-178.75170668734893
126.31315657828914,0.00023257531712820694,4.446704992280359,9.466338808364139e-05,23.036980786188224,0.40702250459131173,0.01705570177855957,-0.3506776899635992,-15.362608125742609,-0.3506776899635992,-31.12381050024318,-178.79057819739307
126.45322661330665,0.00023231002321912267,4.30249546559511,9.268255039470407e-05,24.37860547220617,0.39896061784334963,0.01705695372029338,-0.33891464898635193,-15.3619705777371,-0.338914648986352,-31.12617339642409,-178.83074808057427
126.59329664832416,0.000232019377392677,4.153419061315675,9.072225155727964e-05,25.877972009105072,0.39101152919541887,0.01705835289378708,-0.3267563097124136,-15.361258107719166,-0.3267563097124136,-31.12879531127643,-178.87226637904968
126.73336668334167,0.00023170073894920767,3.999286381502293,8.880259862772249e-05,27.55387320919836,0.3832642011866409,0.017059915265216434,-0.31418949507458693,-15.360462605101322,-0.3141894950745869,-31.131704137263682,-178.91518044224858
126.87343671835917,0.00023135115375258627,3.8399193704386225,8.694891729686169e-05,29.426199649895757,0.3758309214651569,0.017061658723470638,-0.30120245651656413,-15.359574985673056,-0.30120245651656413,-31.13493114835252,-178.95953330099078
127.01350675337669,0.0002309673156678498,3.6751581484376685,8.519279536784223e-05,31.51523647878581,0.3688521690677505,0.017063603314160142,-0.2877855161149809,-15.358585073852316,-0.2877855161149809,-31.138511422282654,-179.0053615702031
127.1535767883942,0.0002305455240298193,3.504869909351054,8.357319825082061e-05,33.84049318756103,0.3625019336311689,0.01706577149607259,-0.27393188460435686,-15.357481473863352,-0.2739318846043568,-31.14248430704116,-179.05269275908887
127.2936468234117,0.00023008163721399368,3.3289604429247457,8.213756596511912e-05,36.41891800354673,0.35699313930352833,0.017068188418860743,-0.25963869824625807,-15.356251430546436,-0.25963869824625807,-31.146893930962285,-179.1015418386717
127.43371685842921,0.0002295710226637322,3.1473889883043507,8.094273640051676e-05,39.26237462491229,0.3525825492317422,0.017070882218773308,-0.2449083268231273,-15.354880681527268,-0.24490832682312724,-31.15178975283019,-179.1519068818636
127.57378689344671,0.00022900850416094528,2.9601873038256867,8.00554620421347e-05,42.37435821262543,0.3495741886767331,0.017073884326296924,-0.2297500157974468,-15.353353303991131,-0.2297500157974468,-31.157227143693028,-179.2037635501216
127.71385692846424,0.00022838830777384325,2.76748405575383,7.955221645344038e-05,45.74613707632341,0.3483200047710643,0.017077229775292836,-0.2141819376805872,-15.351651561507731,-0.21418193768058721,-31.163267985133444,-179.25705815334993
127.85392696348174,0.0002277040088594163,2.569535888492147,7.95179617286284e-05,49.35283810869288,0.34921634505663235,0.017080957497092847,-0.19823374039453892,-15.349755759483667,-0.19823374039453892,-31.16998125858212,-179.31169895690834
127.99399699849924,0.0002269484838526373,2.366766841151752,8.004362414717443e-05,53.15038587448592,0.3526951261729888,0.017085110574440336,-0.18194969282493795,-15.347644122194847,-0.18194969282493795,-31.17744358572828,-179.36754535398444
128.13406703351674,0.00022611387248429345,2.159818113402642,8.122224896122585e-05,57.07447906581544,0.3592094906378103,0.017089736418351077,-0.16539253791950623,-15.34529271035413,-0.16539253791950623,-31.185739659661028,-179.42439446854425
128.27413706853426,0.00022519155871619293,1.9496105373289963,8.314416602852151e-05,61.04267742089685,0.36921528720935504,0.017094886815027254,-0.14864816829510955,-15.342675406243195,-0.14864816829510955,-31.194962478221836,-179.48196471345284
128.41420710355177,0.00022417218228047413,1.737422439068603,8.58918832454263e-05,64.95998524920657,0.3831513900237731,0.01710061776893383,-0.13183123309679534,-15.339764004044296,-0.13183123309679534,-31.205213253038984,-179.5398758169612
128.5542771385693,0.00022304569748931587,1.5249857941714509,8.953563652639816e-05,68.72717739351106,0.40142283637050213,0.017106989041204477,-0.1150917596868758,-15.336528456539106,-0.1150917596868758,-31.216600817679655,-179.5976248757665
128.69434717358678,0.0002218015021475532,1.3146035537816272,9.413039336247238e-05,72.25003941503151,0.42439024285711213,0.017114063249313707,-0.09862281771433894,-15.332937345940476,-0.09862281771433894,-31.22924029459105,-179.65455813618138
128.8344172086043,0.00022042866704615632,1.1092905132396824,9.971463422904487e-05,75.44731424754266,0.4523669065610476,0.01712190435513982,-0.08266914958130926,-15.328958665867907,-0.08266914958130926,-31.243250702783936,-179.70983850826744
128.9744872436218,0.0002189163054590793,0.9129387458326507,0.0001063106319246552,78.25570624922044,0.48562226418775006,0.017130575326953546,-0.06753651848905888,-15.32456102187038,-0.06753651848905888,-31.258751099583243,-179.76240936697982
129.11455727863932,0.0002172541315842949,0.7305058870099853,0.00011392549432954752,80.6314379560959,0.5243881600720871,0.01714013472293142,-0.053601257106588425,-15.31971537609867,-0.053601257106588425,-31.27585475945528,-179.8109561006429
129.2546273136568,0.00021543326526768202,0.568219663229716,0.00012255209573909943,82.54893907998971,0.5688633813669627,0.017150631921662527,-0.041319110101100204,-15.31439747151638,-0.041319110101100204,-31.294660820643546,-179.85386825922006
129.39469734867436,0.00021344734436851452,0.43378403202129295,0.00013216917299585586,83.997819472155,0.6192120749352927,0.017162100739072667,-0.031231934675984282,-15.308591062158214,-0.031231934675984282,-31.31524281197208,-179.88920715311244
129.53476738369184,0.0002112940002388736,0.33656005053016486,0.00014274017067682798,84.9792923055967,0.6755524080923091,0.01717455125156544,-0.023970163214357982,-15.30229203322447,-0.02397016321435798,-31.337633565642914,-179.91468641081585
129.67483741870936,0.000208976727604888,0.2876772812654384,0.00015421075630130145,85.50289514076923,0.7379326782878307,0.01718795983198938,-0.020248203131677904,-15.29551339848542,-0.0202482031316779,-31.36180631035257,-179.92767619965088
129.81490745372685,0.0002065071264892417,0.3000093544091229,0.0001665052311267154,85.58396052729614,0.8062929059999765,0.017202257742072537,-0.02084930389254104,-15.288290991361963,-0.02084930389254104,-31.387652325119873,-179.92524508749037
129.95497748874436,0.0002039073985800037,0.38792280941620444,0.00017952233297653655,85.241966656009,0.8804110798662385,0.01721731914392801,-0.02659614016839212,-15.280689405607813,-0.02659614016839212,-31.414956514519318,-179.9042558709676
130.09504752376188,0.00020121283563891422,0.5666885255515189,0.00019313118155908786,84.49969387519151,0.9598352955259313,0.017232950084040587,-0.03830386225639503,-15.27280739869666,-0.038303862256395024,-31.443373674425263,-179.86153141032364
130.2351175587794,0.00019847384909082706,0.8514434620759537,0.00020716835011916915,83.38300429408687,1.043806783957534,0.017248880771664598,-0.05671414878570456,-15.264781594905445,-0.05671414878570456,-31.472409930575267,-179.79410125641218
130.37518759379688,0.00019575689188511364,1.2556276642015276,0.00022143721238956403,81.92101325213596,1.1311847580800463,0.017264764100897653,-0.08241225914675165,-15.256787026087721,-0.08241225914675165,-31.50141545609665,-179.69952725840338
130.5152576288144,0.0001931434915225958,1.7889206857083906,0.0002357107172292902,80.14640628368457,1.220391716910194,0.017280183502538807,-0.11573419361128855,-15.249032998994014,-0.11573419361128855,-31.529595376392926,-179.57628536001877
130.6553276638319,0.0001907266628942151,2.4548746931079504,0.0002497384711673194,78.09566246466635,1.3094051318133464,0.017294672455919067,-0.15667698283459583,-15.24175317358856,-0.1566769828345958,-31.5560447788122,-179.4241537436322
130.79539769884943,0.0001886043236946213,3.248665892582037,0.0002632583835115526,75.80897647726259,1.3958236924504839,0.017307746079161093,-0.20482997998446964,-15.235189698614258,-0.2048299799844696,-31.579810134694434,-179.2445317776321
130.93546773386694,0.00018687004287379575,4.15558215717768,0.00027601218343206816,73.32973361074885,1.4770274528083418,0.017318942291036792,-0.2593462626688786,-15.229572698047209,-0.25934626266887856,-31.599973188781128,-179.04060195715664
131.07553776888443,0.00018560238907789172,5.1509030189747556,0.00028776305358126276,70.70348514006535,1.5504275295750491,0.01732786683168519,-0.31896869815989987,-15.225097966964075,-0.31896869815989987,-31.615745864587975,-178.81726061420642
131.21560780390195,0.00018485496889397216,6.201591190641477,0.0002983127854484605,67.97648417917064,1.6137666584421904,0.017334234154511033,-0.3821146077935744,-15.22190682376136,-0.3821146077935744,-31.626558758747688,-178.58078750299669
131.35567783891946,0.00018464950422138968,7.269704217844243,0.0003075156102387747,65.1939487295486,1.6654017650113588,0.01733789603917507,-0.44700889106276154,-15.220072109482224,-0.44700889106276154,-31.63212444854571,-178.3382899162184
131.49574787393698,0.00018497370699328204,8.31683828160915,0.00031528638595696763,62.398288446576096,1.7044929848782149,0.017338852179784443,-0.5118428496683108,-15.219593118098079,-0.5118428496683108,-31.632461698079787,-178.09702036619407
131.63581790895446,0.00018578440092738402,9.30853393727106,0.000321602009405708,59.62754248444364,1.7310495811293107,0.017337241286859765,-0.5749297395620654,-15.220400131620863,-0.5749297395620654,-31.627876441629866,-177.86370152663025
131.77588794397198,0.0001870148651364472,10.21761867513671,0.00032649637318495924,56.91422567392393,1.7458311292353443,0.017333315830083133,-0.6348305974005629,-15.222366992688096,-0.6348305974005629,-31.618906362944145,-177.64398350173892
131.9159579789895,0.00018858437849475309,11.025897276083075,0.0003300504140945797,54.28468882149113,1.7501471581526706,0.01732740678881514,-0.6904336114056829,-15.225328574382848,-0.6904336114056829,-31.60624373062558,-177.442112489969
132.056028014007,0.0001904077680939022,11.724175828623368,0.000332379453846823,51.758997542493084,1.7456191896693287,0.01731988576646154,-0.7409829337900872,-15.229099534035772,-0.7409829337900873,-31.5906534782077,-177.26082839241246
132.1960980490245,0.00019240329846908133,12.311043206654345,0.00033362003953513425,49.35125174273088,1.7339621627575479,0.017311130712281072,-0.7860637459416545,-15.233491287079069,-0.7860637459416545,-31.57290067717547,-177.10145617560522
132.33616808404201,0.00019449808656080597,12.791003109371148,0.00033391801369385665,47.07022074840236,1.7168190165689048,0.017301499168380616,-0.8255567626821008,-15.238325275701765,-0.8255567626821007,-31.55369583707229,-176.96412649876203
132.47623811905953,0.00019663100057228485,13.17248588946093,0.00033341885251564666,44.92015823103084,1.6956576101695435,0.017291310458132977,-0.8595768031258683,-15.24344183121022,-0.8595768031258681,-31.5336605197291,-176.8480566712395
132.61630815407705,0.00019875349037091252,13.466089726233301,0.00033226064778005715,42.9016771389073,1.6717223288003367,0.01728083628398108,-0.8884079049199887,-15.248704884395487,-0.8884079049199887,-31.51331134095896,-176.75183572149297
132.75637818909453,0.00020082898457787247,13.683212998502084,0.0003305696147831288,41.01259491357217,1.6460254254532107,0.017270298082119447,-0.912443623883867,-15.254003330473797,-0.9124436238838669,-31.493058112769447,-176.67367709218402
132.89644822411205,0.00020283146300528144,13.83510134802798,0.00032845772308930413,39.248692143752066,1.6193627863382891,0.01725986911065517,-0.932137222936309,-15.259250041121062,-0.932137222936309,-31.473211337310275,-176.61162139158398
133.03651825912956,0.00020474368090657363,13.932255475505178,0.0003260219391149224,37.60435637590027,1.5923418865546777,0.017249679383248697,-0.9479633128203598,-15.264379453363699,-0.9479633128203598,-31.45399483158375,-176.56368574834795
133.17658829414708,0.00020655536524131918,13.984116410952353,0.00032334458191196245,36.07310399983746,1.5654136194148147,0.017239821946539228,-0.960390443270349,-15.269344477872743,-0.960390443270349,-31.435560303580967,-176.52796483619522
133.31665832916457,0.00020826156739688404,13.998944989151424,0.00032049436978914684,34.64798675933338,1.5389030909307466,0.017230359447005333,-0.9698630516545806,-15.274113250498411,-0.9698630516545806,-31.418001782307122,-176.50269252345086
133.45672836418208,0.0002098612572790717,13.983825912078412,0.0003175278337109863,33.32189679885819,1.5130369360588578,0.01722133033263173,-0.9767907927636718,-15.278666054339114,-0.9767907927636718,-31.401368705232056,-176.48627388565026
133.5967983991996,0.00021135617960450857,13.944744165086135,0.00031449086839935634,32.08778701752483,1.4879662803701044,0.0172127543429272,-0.9815433238005988,-15.282992587328293,-0.981543323800599,-31.38567711943637,-176.47729638924224
133.73686843421712,0.0002127499570245919,13.886697602117817,0.0003114202716348831,30.938823507714883,1.4637853562475025,0.017204637153534687,-0.9844488860208787,-15.287089644628448,-0.9844488860208789,-31.370918874296226,-176.47452741109703
133.8769384692346,0.00021404740767153139,13.813822316433637,0.0003083451829696598,29.868485292573094,1.4405462150835016,0.017196974174065564,-0.985795364935203,-15.290959218901246,-0.985795364935203,-31.357068924939963,-176.4769035059414
134.01700850425212,0.00021525403949973845,13.72951674654281,0.00030528837614956144,28.870624327497172,1.4182701372716047,0.017189753570682555,-0.9858328426134312,-15.294606984719037,-0.9858328426134313,-31.34409098218322,-176.48351527516178
134.15707853926963,0.00021637568509673993,13.6365568379673,0.00030226738819244536,27.939496342718996,1.3969563542100578,0.017182958617766926,-0.9847769401274363,-15.29804111651323,-0.9847769401274363,-31.331941782574585,-176.4935904370114
134.29714857428715,0.00021741824500777387,13.537198692947364,0.00029929548584897486,27.069770877142037,1.3765886383558723,0.017176569491080925,-0.982812473881597,-15.301271384969867,-0.982812473881597,-31.320574245507636,-176.50647675626914
134.43721860930467,0.0002183875130082834,13.433267648506233,0.0002963824802771299,26.256526924720212,1.3571402329486126,0.01717056460909656,-0.9800971189617418,-15.304308479277926,-0.9800971189617417,-31.309939755651367,-176.5216258191265
134.57728864432215,0.00021928906206555637,13.326234153447896,0.00029353540573227855,25.495239022548848,1.3385775057240488,0.01716492161678091,-0.9767648942552913,-15.30716350853837,-0.9767648942552916,-31.299989772049738,-176.53857818010218
134.71735867933964,0.00022012817443949601,13.217277552204157,0.0002907590797935382,24.781757339882496,1.32086263166397,0.01715961809147944,-0.972929368095765,-15.309847642759491,-0.9729293680957649,-31.290676927898566,-176.55695010761875
134.85742871435718,0.00022090980330610787,13.107339195006322,0.0002880565624316959,24.11228434005541,1.303955542581987,0.017154632036076548,-0.9686865390225267,-15.312371860954695,-0.9686865390225267,-31.28195575109087,-176.57642196774918
134.9974987493747,0.00022163855644712044,12.997166356835805,0.0002854295299554203,23.483349835375645,1.2878153265879053,0.017149942211554782,-0.964117381810475,-15.314746780297952,-0.9641173818104752,-31.273783106663792,-176.59672817601773
135.1375687843922,0.00022231869501893042,12.887348375324132,0.0002828785781147814,22.891785692136963,1.27240121704877,0.017145528349899377,-0.9592900703656992,-15.316982545826189,-0.9592900703656992,-31.266118438523307,-176.61764858886673
135.2776388194097,0.000222954142305971,12.778346280132551,0.0002804034667380102,22.334701027831525,1.2576732768355505,0.01714137127906367,-0.9542619009826198,-15.319088764764853,-0.9542619009826198,-31.25892386886818,-176.6390011809393
135.41770885442722,0.00022354849879054035,12.670517024759565,0.0002780033164258593,21.809458440992543,1.2435928576122617,0.017137452984272643,-0.9490809451104845,-15.321074473260037,-0.9490809451104845,-31.25216419891135,-176.6606358489754
135.5577788894447,0.00022410506093396753,12.564133269489382,0.00027567676613054326,21.313651598099558,1.230122894064277,0.017133756624058003,-0.9437874624860476,-15.322948126240375,-0.9437874624860476,-31.245806843085123,-176.68242918938842
135.69784892446222,0.0002246268418472631,12.459399513379424,0.0002734220989472077,20.84508434981754,1.217228077903189,0.017130266514828622,-0.9384151048254171,-15.32471760343066,-0.9384151048254171,-31.23982172023443,-176.70428010898854
135.83791895947974,0.00022511659260115923,12.356465239152602,0.0002712373421548408,20.401751443691893,1.204874945115192,0.01712696809424025,-0.9329919382758515,-15.326390226316065,-0.9329919382758517,-31.23418111876507,-176.726106143392
135.97798899449725,0.00022557682333894833,12.255435619123023,0.00026912034645117593,19.98182082955001,1.1930319013616029,0.0171238478709219,-0.9275413101842748,-15.327972782217312,-0.927541310184275,-31.22885954783232,-176.7478403733114
136.11805902951477,0.00022600982365176352,12.156380232265299,0.0002670688484136719,19.5836175076965,1.181669204012885,0.017120893366064587,-0.9220825828677407,-15.329471552671537,-0.9220825828677407,-31.223833583040687,-176.76942884397138
136.25812906453228,0.00022641768188593023,12.059340160635672,0.0002650805194635314,19.20560884142538,1.1707589144785944,0.017118093050832155,-0.9166317542267486,-15.330892344094426,-0.9166317542267488,-31.219081712467087,-176.79082840671117
136.39819909954977,0.00022680230319902628,11.964333765570771,0.0002631530039892634,18.846391239198002,1.1602748308880189,0.017115436282397728,-0.911201982368718,-15.332240519284714,-0.911201982368718,-31.21458418688224,-176.81200491415402
136.53826913456726,0.00022716542628260807,11.87136138837233,0.00026128394877911524,18.504678104228645,1.1501924084788395,0.01711291324054966,-0.9058040289779276,-15.3335210287682,-0.9058040289779276,-31.210322876644195,-176.83293171108383
136.6783391695848,0.00022750863873797388,11.780409174606397,0.0002594710254987523,18.17928894742555,1.1404886730371153,0.017110514866176773,-0.9004466340069838,-15.33473844130108,-0.9004466340069837,-31.206281136734813,-176.85358837244095
136.8184092046023,0.00022783339113621577,11.691452183982951,0.00025771194761530565,17.869139561664245,1.1311421312305634,0.017108232802478217,-0.8951368323736447,-15.335896973089206,-0.8951368323736447,-31.20244368070197,-176.87395964774814
136.9584792396198,0.00022814100982199956,11.60445691755063,0.0002560044828973059,17.573233159821008,1.1221326805603518,0.017106059339406236,-0.8898802217109143,-15.3370005154523,-0.8898802217109144,-31.19879646377726,-176.89403457796504
137.09854927463732,0.00022843270853700002,11.519383369383991,0.0002543464624003562,17.29065238487312,1.113441520828261,0.017103987361608883,-0.884681188815211,-15.338052660786069,-0.884681188815211,-31.195326575104076,-176.91380575639226
137.23861930965484,0.0002287095989472916,11.436186690005377,0.0002527357866708748,17.020552106987274,1.1050510684036496,0.01710201029996863,-0.8795431012414101,-15.339056726763257,-0.8795431012414101,-31.192022138789103,-176.93326870995998
137.37868934467232,0.0002289727001618619,11.354818532605988,0.0002511704297569232,16.76215292940184,1.0969448741241625,0.017100122086715,-0.8744684694789842,-15.340015778775879,-0.8744684694789842,-31.188872223351712,-176.95242138117328
137.51875937968984,0.00022922294732860392,11.27522814000091,0.00024964844149948133,16.514735331755286,1.0891075453348757,0.017098317114009314,-0.8694590842857061,-15.340932650662564,-0.869459084285706,-31.185866759064304,-176.9712636942703
137.65882941470736,0.00022946119939099596,11.197363219591432,0.0002481679484842221,16.277634386114375,1.0815246723318581,0.017096590195848405,-0.8645161330320495,-15.341809963792052,-0.8645161330320497,-31.182996462637117,-176.98979719188162
137.79889944972484,0.00022968824608409716,11.121170644944554,0.0002467271539585638,16.050234987192777,1.0741827593050977,0.017094936533102966,-0.8596402983004544,-15.342650144590671,-0.8596402983004544,-31.180252768689325,-177.0080247307554
137.9389694847424,0.00022990481424313544,11.046597015555172,0.00024532433695807293,15.831967544059175,1.0670691597550914,0.017093351681489545,-0.8548318414716316,-15.343455440610771,-0.8548318414716316,-31.177627767455878,-177.0259502270031
138.0790395197599,0.0002301115734922666,10.973589100621934,0.00024395785083733933,15.622304085982815,1.060172016274262,0.017091831522269375,-0.8500906735999314,-15.344227935240895,-0.8500906735999314,-31.175114148199818,-177.0435784428935
138.2191095547774,0.00023030914137534876,10.902094187994427,0.00024262612136095174,15.420754739946155,1.053480204528787,0.017090372235467798,-0.8454164155184174,-15.344969561158653,-0.8454164155184173,-31.172705147827084,-177.06091480853237
138.35917958979488,0.00023049808798499216,10.832060355637008,0.00024132764447837722,15.22686454178692,1.0469832812413185,0.017088970275414096,-0.8408084488108489,-15.345682112624868,-0.840808448810849,-31.170394504233627,-177.0779652728517
138.49924962481242,0.00023067894014082758,10.763436679841135,0.00024006098388088887,15.040210546934278,1.0406714359548108,0.017087622348410315,-0.8362659590328337,-15.346367256713389,-0.8362659590328337,-31.16817641394845,-177.09473617924124
138.6393196598299,0.00023085218516296307,10.696173391871085,0.00023882476841800452,14.860399210302544,1.0345354463481187,0.01708632539234834,-0.8317879723501596,-15.347026543566082,-0.8317879723501596,-31.16604549367072,-177.1112341619084
138.7793896948474,0.00023101827428200134,10.6302219926433,0.00023761768943425388,14.687064008135636,1.028566636872184,0.017085076558106566,-0.8273733865821423,-15.347661415756624,-0.8273733865821424,-31.163996745332817,-177.12746605968445
138.9194597298649,0.0002311776257227677,10.565535333330926,0.0002364384980736914,14.519863277486754,1.0227568404791587,0.01708387319256913,-0.8230209974862824,-15.348273216841115,-0.8230209974862825,-31.16202552435403,-177.14343884451878
139.05952976488246,0.0002313306274950677,10.502067668382438,0.00023528600258881146,14.35847825159926,1.017098363223988,0.017082712823123423,-0.8187295209928398,-15.348863199167353,-0.8187295209928398,-31.16012751077948,-177.15915956234426
139.19959979989994,0.00023147763992131495,10.439774686290535,0.00023415906568185932,14.202611271758782,1.0115839515274816,0.01708159314350268,-0.8144976119903234,-15.349432531009112,-0.8144976119903234,-31.158298683027972,-177.1746352843637
139.33966983491746,0.00023161899792773963,10.378613522500912,0.0002330566018996271,14.051984158243238,1.0062067619010078,0.017080512000852314,-0.8103238801721779,-15.349982303085948,-0.8103238801721779,-31.156535293998306,-177.18987306711392
139.47973986993497,0.0002317550131230703,10.318542758069448,0.00023197757509727326,13.906336724826918,1.0009603329447065,0.0170794673839086,-0.8062069033782652,-15.350513534524218,-0.8062069033782652,-31.154833849307995,-177.20487991992474
139.61980990495246,0.00023188597568606,10.259522407034009,0.00023092099598229468,13.765425422926668,0.9958385594432335,0.01707845741218891,-0.8021452387999393,-15.351027178309646,-0.8021452387999392,-31.153191087460527,-177.21966277860344
139.75987993996998,0.00023201215608096865,10.20151389493672,0.00022988591974627438,13.629022102930396,0.9908356683950981,0.017077480326101135,-0.7981374323627228,-15.351524126277674,-0.7981374323627228,-31.151603961756788,-177.23422848436047
139.8999499749875,0.00023213380661809267,10.1444800304954,0.00022887144378926067,13.49691288154318,0.9859461968234586,0.017076534477889035,-0.794182026554121,-15.352005213683292,-0.7941820265541211,-31.150069623785434,-177.2485837671421
140.040020010005,0.00023225116287463527,10.088384972060974,0.0002278767055394439,13.368897105137371,0.9811649712274956,0.017075618323337476,-0.7902775669247267,-15.352471223388413,-0.7902775669247267,-31.148585408342203,-177.26273523266707
140.1800900450225,0.00023236444498959965,10.033194190199819,0.00022690088036911088,13.244786400121967,0.9764870885443196,0.017074730414168945,-0.7864226074573617,-15.35292288970125,-0.7864226074573617,-31.14714881964405,-177.27668935257148
140.32016008004004,0.0002324738588449568,9.978874427492867,0.00022594317960652598,13.124403802261257,0.9719078985014556,0.017073869391068905,-0.7826157149705695,-15.353360901898936,-0.7826157149705695,-31.145757518716806,-177.2904524571582
140.46023011505753,0.00023257959714406294,9.925393656439613,0.0002250028486424004,13.007582957690078,0.9674229872495248,0.017073033977283786,-0.7788554726986253,-15.353785907461685,-0.7788554726986254,-31.144409311847152,-177.30403073032411
140.60030015007501,0.00023268184039715951,9.872721036186135,0.00022407916512883307,12.894167389101215,0.9630281621735383,0.01707222297274019,-0.7751404831696233,-15.354198515044239,-0.7751404831696234,-31.143102140000593,-177.3174302063048
140.74037018509253,0.00023278075782277863,9.820826868657392,0.00022317143726807085,12.78400982123227,0.958719437789512,0.017071435248639258,-0.7714693704856942,-15.354599297207812,-0.7714693704856942,-31.141834069116705,-177.33065676793052
140.88044022011005,0.00023287650817296776,9.769682554558674,0.00022227900218802673,12.67697156036063,0.9544930226406959,0.017070669742484085,-0.7678407820944305,-15.354988792933623,-0.7678407820944305,-31.14060328120191,-177.34371614613514
141.02051025512756,0.00023296924048944452,9.71926054961558,0.00022140122440122327,12.572921923034402,0.950345307114716,0.017069925453502312,-0.7642533901277823,-15.355367509937143,-0.7642533901277823,-31.139408066147254,-177.35661392049877
141.16058029014508,0.00023305909479706858,9.669534321344024,0.00022053749434366375,12.471737709733862,0.9462728521094285,0.017069201438429306,-0.7607058923738117,-15.355735926800367,-0.7607058923738117,-31.138246814206745,-177.36935552063858
141.3006503251626,0.00023314620274037865,9.620478306576791,0.00021968722699003987,12.373302719574314,0.9422723784812138,0.017068496807620858,-0.7571970129373149,-15.356094494937825,-0.7571970129373149,-31.137118009076797,-177.38194622829172
141.44072036018008,0.00023323068816836598,9.572067869919572,0.00021884986054165065,12.277507302534039,0.9383407572148739,0.017067810721466962,-0.7537255026373045,-15.35644364041061,-0.7537255026373045,-31.136020221524106,-177.39439117995715
141.5807903951976,0.00023331266767214503,9.524279263266397,0.00021802485518343132,12.18424794602767,0.9344750002593241,0.017067142387081062,-0.750290139182522,-15.356783765601321,-0.750290139182522,-31.134952103513868,-177.40669536998513
141.7208604302151,0.0002333922510797203,9.477089586467802,0.00021721169190654023,12.093426892944919,0.9306722519778378,0.01706649105524141,-0.7468897271602242,-15.35711525076168,-0.7468897271602243,-31.133912382794776,-177.4188636540201
141.8609304652326,0.00023346954191164298,9.430476749216286,0.00021640987139303513,12.004951788545995,0.9269297811657843,0.017065856017563347,-0.7435230978684724,-15.357438455443532,-0.7435230978684725,-31.132899857901613,-177.43090075271706
142.00100050025011,0.0002335446378009777,9.384419434189297,0.0002156189129592693,11.918735353847385,0.9232449735926527,0.017065236603883347,-0.7401891090177718,-15.357753719822846,-0.7401891090177718,-31.13191339353966,-177.44281125566582
142.14107053526766,0.00023361763088067472,9.338897061471195,0.000214838353554756,11.83469508335169,0.9196153250286548,0.017064632179837155,-0.7368866443242298,-15.358061365925655,-0.7368866443242298,-31.13095191631887,-177.4545996254663
142.28114057028515,0.00023368860814114485,9.293889754259574,0.0002140677468133733,11.752752965172075,0.9160384347194159,0.017064042144616293,-0.733614613013161,-15.35836169876383,-0.733614613013161,-31.13001441080818,-177.46627020190917
142.42121060530263,0.00023375765176057313,9.249378305848856,0.000213306662153908,11.672835221779385,0.9125119992751634,0.017063465928888348,-0.7303719492492954,-15.358655007388082,-0.7303719492492955,-31.1290999158836,-177.47782720622226
142.56128064032015,0.00023382483941026177,9.205344147874678,0.0002125546839270788,11.594872069762257,0.9090338069435684,0.017062902992867824,-0.7271576115074232,-15.358941565864852,-0.7271576115074232,-31.12820752134582,-177.48927474535145
142.70135067533766,0.00023389024453708912,9.161769319794073,0.00021181141060630615,11.5187974971345,0.9056017322377813,0.017062352824525614,-0.7239705818951976,-15.359221634183093,-0.7239705818951975,-31.1273363647855,-177.50061681624874
142.84142071035515,0.00023395393662496814,9.118636439570954,0.0002110764540196311,11.444549056856243,0.9022137308934878,0.017061814937926044,-0.7208098654381075,-15.359495459096543,-0.7208098654381075,-31.126485628675823,-177.5118573101469
142.9814907453727,0.00023401598143702316,9.07592867553151,0.00021034943862031506,11.372067675354248,0.8988678351308367,0.017061288871681533,-0.7176744893350683,-15.359763274906497,-0.7176744893350682,-31.125654537674766,-177.52300001680211
143.1215607803902,0.00023407644124004092,9.033629719350975,0.00020963000079378505,11.301297474935296,0.8955621491990025,0.017060774187515733,-0.7145635021918032,-15.360025304189728,-0.7145635021918031,-31.124842356120034,-177.53404862869164
143.2616308154077,0.00023413537501261605,8.9917237601306,0.00020891778819870236,11.232185609084079,0.8922948451828141,0.017060270468926778,-0.7114759732380349,-15.360281758475738,-0.711475973238035,-31.124048385701588,-177.5450067451547
143.40170085042521,0.00023419283863827865,8.950195459522016,0.00020821245914005745,11.1646821097267,0.8890641590524933,0.017059777319943018,-0.7084109915335293,-15.360532838877196,-0.7084109915335294,-31.123271963298208,-177.55587787646846
143.54177088544273,0.00023424888508478083,8.909029927855437,0.00020751368197230604,11.098739745622048,0.8858683869389662,0.017059294363964278,-0.705367665167214,-15.360778736677144,-0.705367665167214,-31.122512458965282,-177.5666654478526
143.68184092046022,0.00023430356457061324,8.868212701227383,0.00020682113453066866,11.034313891117328,0.8827058816185357,0.017058821242682282,-0.7023451204528383,-15.361019633876065,-0.7023451204528383,-31.12176927406242,-177.577372803398
143.8219109554777,0.00023435692471972708,8.827729719503633,0.0002061345035888143,10.971362404571485,0.8795750491918912,0.01705835761507429,-0.6993425011240277,-15.361255703701955,-0.6993425011240277,-31.12104183951045,-177.58800320991625
143.96198099049528,0.00023440901070535442,8.787567305193566,0.00020545348434125563,10.90984551581268,0.8764743459435735,0.01705790315646475,-0.6963589675310551,-15.361487111085912,-0.6963589675310552,-31.120329614168014,-177.5985598607084
144.10205102551276,0.00023445986538373915,8.747712143152343,0.00020477777990886474,10.849725722052005,0.8734022753689894,0.017057457557649897,-0.6933936958411557,-15.361714013105871,-0.6933936958411558,-31.119632083319043,-177.60904587925256
144.24212106053025,0.00023450952941852306,8.708151261068089,0.00020410710086600904,10.790967691727829,0.8703573853570121,0.017057020524080944,-0.6904458772438241,-15.361936559400684,-0.6904458772438241,-31.118948757263283,-177.61946432280988
144.38219109554777,0.0002345580413964659,8.668872010692438,0.00020344116478789183,10.733538175803469,0.8673382655170699,0.017056591775101618,-0.6875147171621958,-15.36215489255663,-0.6875147171621957,-31.118279170002182,-177.62981818595046
144.52226113056528,0.00023460543793512058,8.629862049773367,0.00020277969581675265,10.677405926084303,0.8643435446403879,0.017056171043236347,-0.6845994344712798,-15.362369148468328,-0.6845994344712798,-31.11762287801344,-177.6401104040011
144.66233116558277,0.00023465175378303173,8.591109324650532,0.00020212242424565605,10.62254162016159,0.8613718882857633,0.01705575807352557,-0.681699260723575,-15.362579456675736,-0.681699260723575,-31.116979459108354,-177.65034385641616
144.8024012006003,0.00023469702191297707,8.552602053474338,0.00020146908611866644,10.568917792628081,0.8584219964809304,0.017055352622904918,-0.6788134393823673,-15.362785940678918,-0.6788134393823673,-31.116348511365814,-177.66052137007517
144.94247123561783,0.00023474127360872696,8.514328710011233,0.00020081942284626975,10.516508772245599,0.8554926015311689,0.017054954459625564,-0.6759412250628104,-15.362988718232,-0.6759412250628105,-31.115729652138103,-177.67064572250973
145.08254127063532,0.00023478453854575875,8.476278007998472,0.00020017318083495383,10.465290624777086,0.8525824659273324,0.017054563362712737,-0.6730818827807121,-15.36318790161773,-0.6730818827807122,-31.11512251712363,-177.680719645063
145.22261130565283,0.00023482684486632088,8.438438886013138,0.0001995301111299243,10.415241101227016,0.8496903803460383,0.017054179121460174,-0.6702346872088137,-15.363383597903857,-0.6702346872088137,-31.114526759502215,-177.69074582598546
145.36268134067035,0.00023486821924921454,8.40080049282112,0.00019888996906997775,10.366339591262498,0.8468151617351818,0.017053801534958148,-0.6673989219402264,-15.363575909182472,-0.6673989219402263,-31.113942049128745,-177.70072691347113
145.50275137568784,0.00023490868697462268,8.363352173172553,0.00019825251395359805,10.31856708161429,0.843955651478378,0.017053430411652925,-0.6645738787585436,-15.363764932793442,-0.6645738787585433,-31.11336807178194,-177.71066551863757
145.64282141070532,0.0002349482719842937,8.326083454011648,0.000197617508715393,10.27190611928338,0.8411107136323341,0.017053065568935957,-0.6617588569140818,-15.363950761532738,-0.6617588569140818,-31.112804528464515,-177.72056421845414
145.78289144572287,0.0002349869969373552,8.288984031069544,0.00019698471961202146,10.226340779403051,0.8382792332315107,0.01705270683276076,-0.6589531624056075,-15.36413348384674,-0.6589531624056075,-31.112251134751652,-177.73042555862304
145.92296148074036,0.00023502488326201257,8.252043755809792,0.0001963539159168033,10.181856637629984,0.835460114654763,0.017052354037286117,-0.6561561072668176,-15.364313184013197,-0.6561561072668175,-31.111707620185264,-177.74025205641712
146.06303151575787,0.00023506195120336404,8.215252622696703,0.00019572486962223375,10.138440746960578,0.83265228004894,0.01705200702454403,-0.6533670088567678,-15.364489942309614,-0.6533670088567678,-31.111173727711137,-177.750046203479
146.2031015507754,0.00023509821986754097,8.178600756758142,0.00019509735514966237,10.09608161889134,0.8298546678047334,0.01705166564413112,-0.650585189153416,-15.364663835169779,-0.6505851891534159,-31.11064921315672,-177.7598104685863
146.3431715857929,0.00023513370726236434,8.142078401414334,0.0001944711490654165,10.05476920886315,0.8270662310802755,0.017051329752922163,-0.6478099740493365,-15.364834935329018,-0.6478099740493365,-31.110133844747693,-177.76954730038725
146.4832416208104,0.00023516843033469063,8.105675906545548,0.0001938460298026846,10.014494905951079,0.824285936368261,0.017050999214804827,-0.6450406926486495,-15.365003311958725,-0.6450406926486495,-31.10962740266078,-177.7792591301118
146.6233116558279,0.00023520240500460223,8.069383716771569,0.00019322177738849102,9.975251526782044,0.8215127621025399,0.01705067390043441,-0.642276676564134,-15.365169030790739,-0.642276676564134,-31.10912967861157,-177.78894837426242
146.76338169084542,0.00023523564619658036,8.033192359916889,0.00019259817317512047,9.937033313684472,0.8187456973003622,0.017050353687007785,-0.6395172592134605,-15.365332154231945,-0.6395172592134606,-31.10864047547562,-177.79861743729026
146.9034517258629,0.00023526816786778755,7.997092435635582,0.00019197499957536877,9.899835937094528,0.8159837402365966,0.017050038458055684,-0.6367617751134171,-15.3654927414696,-0.6367617751134171,-31.10815960694127,-177.80826871426038
147.04352176088045,0.00023529998303356876,7.961074604170413,0.00019135203980101244,9.863656502265842,0.8132258971464246,0.017049728103252643,-0.6340095591709682,-15.365650848567666,-0.6340095591709682,-31.107686897193037,-177.81790459351257
147.18359179589797,0.00023533110379026642,7.925129575221053,0.0001907290776039083,9.82849356035132,0.8104711809531617,0.017049422518243887,-0.6312599459699382,-15.365806528554575,-0.6312599459699382,-31.107222180624383,-177.8275274593213
147.32366183091546,0.0002353615413354358,7.889248096896382,0.00019010589701914552,9.79434712394843,0.8077186100179714,0.017049121604488637,-0.6285122690520534,-15.365959831502602,-0.6285122690520534,-31.10676530157893,-177.8371396945609
147.46373186593297,0.00023539130598552958,7.853420944726019,0.00018948228210968545,9.761218687222843,0.804967206908371,0.01704882526911929,-0.6257658601910404,-15.366110804599229,-0.6257658601910405,-31.106316114119316,-177.84674368338113
147.6038019009505,0.00023542040719111334,7.817638910706601,0.00018885801671193915,9.729111250750268,0.8022159971825423,0.017048533424816138,-0.623020048658433,-15.366259492210574,-0.6230200486584329,-31.105874481822813,-177.85634181389798
147.74387193596797,0.00023544885354965758,7.781892792357822,0.00018823288418173505,9.698029351241265,0.7994640081865406,0.017048245989697217,-0.6202741604796693,-15.366405935937166,-0.6202741604796693,-31.10544027760313,-177.86593648090573
147.88394197098546,0.00023547665281594297,7.746173381763684,0.00018760666714014157,9.667979096342004,0.7967102678615944,0.017047962887222948,-0.6175275176790247,-15.366550174662164,-0.6175275176790246,-31.105013383558173,-177.8755300886156
148.024012006003,0.00023550381191010571,7.7104714545738995,0.00018697914721861806,9.638968204731867,0.793953803558772,0.017047684046115518,-0.6147794375118665,-15.366692244592116,-0.6147794375118665,-31.104593690843036,-177.88512505342672
148.16408204102052,0.00023553033692333417,7.6747777589405235,0.00018635010480296923,9.61100605177047,0.7911936408583611,0.017047409400292746,-0.6120292316826524,-15.366832179290338,-0.6120292316826524,-31.104181099568265,-177.89472380673556
148.304152076038,0.00023555623312122075,7.639083004364154,0.00018571931877558168,9.584103720978568,0.7884288023913498,0.017047138888816257,-0.6092762055470309,-15.366970009703033,-0.6092762055470309,-31.10377551872316,-177.90432879778956
148.44422211105552,0.00023558150494476166,7.603377850423992,0.00018508656625543381,9.558274061673666,0.7856583066605007,0.01704687245585428,-0.6065196572963316,-15.367105764177936,-0.6065196572963316,-31.103376866124055,-177.91394249659146
148.58429214607304,0.00023560615600898283,7.5676528953656295,0.0001844516223353637,9.533531753118796,0.782881166858523,0.01704661005065877,-0.6037588771226842,-15.367239468475715,-0.6037588771226842,-31.10298506838788,-177.9235673968607
148.72436218109053,0.00023563018909916132,7.531898664519465,0.00018381425981608656,9.509893375584381,0.780096389680913,0.01704635162755716,-0.6009931463628846,-15.367371145773907,-0.6009931463628847,-31.102600060931067,-177.93320601905862
148.86443221610804,0.00023565360616460037,7.49610559852252,0.00018317424893645837,9.48737748876809,0.7773029741310813,0.01704609714595903,-0.5982217366190882,-15.367500816663256,-0.5982217366190882,-31.102221787994214,-177.94286091348462
149.0045022511256,0.0002356764083098998,7.460264041315429,0.0001825313570994803,9.466004718066468,0.7744999103154311,0.01704584657037771,-0.5954439088543039,-15.36762849913648,-0.5954439088543039,-31.10185020269311,-177.95253466344988
149.14457228614307,0.0002356985957836568,7.424364227885435,0.00018188534859354347,9.445797849245274,0.7716861782260788,0.01704559987046749,-0.5926589124605515,-15.367754208569057,-0.5926589124605515,-31.101485267096564,-177.96222988853694
149.2846423211606,0.00023572016796451298,7.3883962717257194,0.00018123598430841691,9.426781932114286,0.7688607465089771,0.017045357021076582,-0.5898659842974899,-15.36787795769202,-0.5898659842974898,-31.101126952331917,-177.97194924795227
149.4247123561781,0.00023574112334445282,7.352350151979947,0.00018058302144548363,9.408984393875821,0.7660225712152267,0.017045118002316548,-0.5870643476991706,-15.367999756556346,-0.5870643476991706,-31.100775238719237,-177.98169544398044
149.5647823911956,0.00023576145950924415,7.316215700239991,0.00017992621322173685,9.392435162886994,0.7631705945334207,0.017044882799648695,-0.5842532114464833,-15.36811961248873,-0.5842532114464833,-31.100430115935094,-177.9914712255482
149.70485242621308,0.0002357811731158931,7.279982586963661,0.00017926530856705384,9.377166803652804,0.7603037435009278,0.017044651403988222,-0.5814317687027403,-15.3682375300383,-0.5814317687027404,-31.10009158320713,-178.00127939190722
149.8449224612306,0.00023580025986697143,7.243640307477734,0.00017860005181427312,9.36321466395274,0.7574209286920708,0.017044423811826834,-0.5785991959096994,-15.36835351091392,-0.5785991959096994,-31.099759649541248,-178.0111227964453
149.98499249624814,0.00023581871448165513,7.207178167530288,0.000177930182381614,9.35061703509747,0.7545210428812493,0.017044200025374826,-0.5757546516412176,-15.368467553911604,-0.5757546516412176,-31.09943433398225,-178.02100435063508
150.12506253126563,0.00023583653066329324,7.170585268354661,0.00017725543444698717,9.339415326416717,0.7516029596791218,0.017043980052723517,-0.5728972754115425,-15.368579654831532,-0.5728972754115425,-31.099115665910574,-178.03092702813126
150.26513256628314,0.00023585370106330773,7.1338504912058545,0.0001765755366137739,9.329654255194328,0.7486655321401023,0.017043763908029416,-0.570026186435141,-15.368689806384007,-0.570026186435141,-31.098803685376637,-178.0408938690264
150.40520260130066,0.00023587021724119937,7.096962481328261,0.00017589021156766397,9.321382053394995,0.7457075913395194,0.017043551611721202,-0.5671404823347691,-15.368797998083801,-0.5671404823347691,-31.098498443474934,-178.05090798427702
150.54527263631815,0.00023588606962041115,7.0599096313116245,0.00017519917572417996,9.314650692668378,0.7427279449189653,0.017043343190730986,-0.5642392377943172,-15.3689042161321,-0.5642392377943172,-31.09820000276092,-178.06097256031148
150.68534267133566,0.00023590124743977654,7.0226800637903075,0.00017450213886655271,9.309516129275016,0.7397253755985396,0.017043138678751582,-0.5613215031528085,-15.369008443285232,-0.5613215031528085,-31.097908437713006,-178.07109086383258
150.82541270635318,0.00023591573870024828,6.985261613438601,0.00017379880377366012,9.30603857075348,0.736698639654927,0.01704293811652142,-0.5583863029357073,-15.369110658709273,-0.5583863029357075,-31.097623835242835,-178.08126624682717
150.96548274137066,0.00023592953010657066,6.947641808212478,0.00017308886583779443,9.30428276634434,0.7336464653645063,0.01704274155213903,-0.5554326343195167,-15.369210837819612,-0.5554326343195167,-31.09734629525751,-178.09150215179747
151.1055527763882,0.00023594260700352963,6.90980784978584,0.00017237201267210356,9.304318323404974,0.7305675514110299,0.017042549041409432,-0.5524594655254139,-15.369308952104237,-0.5524594655254139,-31.09707593127705,-178.1018021172277
151.24562281140572,0.00023595495330637055,6.871746593126814,0.00017164792370763328,9.30622005229308,0.7274605652578133,0.017042360648224664,-0.5494657341374873,-15.369404968929652,-0.5494657341374873,-31.096812871111936,-178.11216978330157
151.3856928464232,0.00023596655142493425,6.833444525156806,0.00017091626978000152,9.310068342469814,0.7243241414848302,0.017042176444981152,-0.5464503453408733,-15.369498851327982,-0.5464503453408734,-31.096557257604516,-178.1226088978867
151.5257628814407,0.00023597738218101983,6.794887742432238,0.00017017671270586803,9.315949572878806,0.7211568800916874,0.017041996513036846,-0.5434121700748797,-15.369590557763841,-0.5434121700748799,-31.09630924944023,-178.13312332280216
151.6658329164582,0.00023598742471842547,6.756061927786205,0.0001694289048495145,9.32395655999968,0.7179573447681502,0.01704182094321129,-0.5403500430959433,-15.369680041879317,-0.5403500430959431,-31.09606902203344,-178.1437170403876
151.80590295147573,0.00023599665640507093,6.716952325864044,0.00016867248868003622,9.33418904735896,0.7147240611346725,0.017041649836332287,-0.5372627609450125,-15.369767252215198,-0.5372627609450126,-31.095836768494696,-178.15439416039092
151.94597298649322,0.00023600505272653783,6.677543717483855,0.00016790709631986844,9.346754240712356,0.7114555149563878,0.017041483303832965,-0.534149079813704,-15.36985213190653,-0.5341490798137041,-31.095612700685766,-178.16515892719536
152.08604302151076,0.00023601258717029987,6.637820392749788,0.0001671323490856336,9.36176739359799,0.7081501503351417,0.01704132146840365,-0.531007713303314,-15.369934618350234,-0.5310077133033139,-31.095397050370465,-178.17601572740483
152.22611305652828,0.0002360192310998405,6.597766122843033,0.00016634785702262158,9.379352448505758,0.7048063678855616,0.017041164464703235,-0.5278373300705619,-15.370014642842415,-0.5278373300705619,-31.09519007046896,-178.18696909780863
152.36618309154576,0.00023602495361777157,6.557364130411968,0.00016555321843458602,9.399642739523559,0.7014225229027675,0.017041012440135537,-0.5246365513536385,-15.370092130182558,-0.5246365513536385,-31.094992036425403,-178.19802373374824
152.50625312656328,0.00023602972141697522,6.5165970584800155,0.00016474801941099252,9.422781763015392,0.6979969235312747,0.01704086555569617,-0.5214039483719435,-15.37016699824177,-0.5214039483719435,-31.094803247698515,-178.20918449790733
152.6463231615808,0.00023603349861869223,6.475446937787113,0.00016393183335440488,9.448924023669287,0.6945278289469994,0.017040723986896694,-0.5181380395926888,-15.370239157491671,-0.5181380395926888,-31.09462402938659,-178.2204564295494
152.78639319659828,0.0002360362465963623,6.433895152477443,0.00016310422051131734,9.478235964139932,0.6910134475669596,0.017040587924772952,-0.5148372878573051,-15.370308510490391,-0.5148372878573051,-31.09445473399913,-178.23184475422667
152.9264632316158,0.00023603792378390265,6.391922404044018,0.00016226472751051571,9.510896987512323,0.6874519353045668,0.01704045757698564,-0.5115000973604811,-15.370374951321566,-0.5115000973604811,-31.094295743389257,-178.24335489398482
153.06653326663334,0.00023603848546696707,6.349508673438934,0.00016141288691395858,9.5471005829479,0.6838413938923018,0.017040333169021718,-0.5081248104745445,-15.370438364981933,-0.5081248104745445,-31.09414747086125,-178.25499247808855
153.20660330165083,0.00023603788355557536,6.306633181256122,0.0001605482167862334,9.587055566161645,0.6801798692981086,0.01704021494550654,-0.5047097044118174,-15.370498626712585,-0.5047097044118175,-31.094010363470982,-178.26676335429337
153.34667333666832,0.0002360360663363289,6.263274345893244,0.00015967022028993386,9.630987447838102,0.6764653502673571,0.017040103171637233,-0.5012529877176242,-15.370555601268387,-0.5012529877176242,-31.09388490453723,-178.27867360068862
153.48674337168583,0.0002360329782022363,6.219409739599785,0.0001587783853158255,9.679139944751455,0.6726957670287158,0.017039998134749455,-0.49775279658676275,-15.370609142119513,-0.49775279658676275,-31.09377161638477,-178.2907295381372
153.62681340670335,0.00023602855935795709,6.175016042319625,0.0001578721841584702,9.731776650238869,0.6688689902099678,0.017039900146030535,-0.4942071909964657,-15.370659090578354,-0.4942071909964657,-31.093671063342228,-178.30293774333543
153.76688344172084,0.00023602274549803316,6.130068993239785,0.00015695107325013624,9.789182882817904,0.6649828300189998,0.017039809542393963,-0.490614150649285,-15.370705274844319,-0.4906141506492851,-31.093583855020086,-178.3153050625168
153.90695347673835,0.0002360154674554067,6.084543339962291,0.0001560144929683798,9.851667734175594,0.6610350357561101,0.017039726688531313,-0.4869715707199402,-15.370747508958196,-0.4869715707199402,-31.09351064989729,-178.3278386258207
154.0470235117559,0.00023600665081722458,6.038412785223839,0.00015506186753573835,9.91956634053095,0.6570232957368056,0.01703965197915995,-0.48327725740098054,-15.37078559165688,-0.48327725740098054,-31.093452159248063,-178.34054586234404
154.18709354677338,0.000235996215504594,5.991649931098361,0.00015409260503359464,9.993242404532555,0.6529452377196914,0.01703958584148669,-0.47952892324321394,-15.370819305118072,-0.47952892324321394,-31.093409151443637,-178.35343451589216
154.3271635817909,0.00023598407531257585,5.944226220632756,0.0001531060975566161,10.07309099845032,0.6487984299526033,0.017039528737909947,-0.4757241822883612,-15.370848413583571,-0.4757241822883611,-31.093382456668568,-178.36651266143815
154.46723361680841,0.0002359701374062819,5.896111876885056,0.0001521017215393278,10.159541683519874,0.644580382972132,0.01703948116898557,-0.4718605449932827,-15.370872661848322,-0.4718605449932826,-31.09337297209475,-178.3797887222954
154.6073036518259,0.00023595430176846885,5.847275839359513,0.00015107883829254816,10.253061984965074,0.6402885523180455,0.017039443676684234,-0.4679354129475805,-15.370891773601008,-0.4679354129475805,-31.093381667562173,-178.39327148799973
154.74737368684342,0.00023593646059349155,5.7976856978655915,0.00015003679479479035,10.35416126753615,0.6359203423556368,0.017039416847971927,-0.46394607338948796,-15.370905449600183,-0.46394607338948807,-31.093409591820315,-178.40697013288744
154.8874437218609,0.00023591649762188212,5.747307623868861,0.00014897492479254732,10.463395062441354,0.6314731114367363,0.017039401318748194,-0.459889693528871,-15.370913365668331,-0.459889693528871,-31.093457879391163,-178.42089423534227
155.02751375687845,0.0002358942874091547,5.696106299453208,0.00014789255027392872,10.581369903411098,0.6269441786753045,0.017039397778181437,-0.45576331469100523,-15.370915170483814,-0.45576331469100523,-31.09352775812148,-178.43505379767
155.16758379189596,0.00023586969452168253,5.644044844079405,0.00014678898339278435,10.708748737407731,0.6223308326678256,0.01703940697348471,-0.4515638463009182,-15.37091048314868,-0.4515638463009182,-31.093620557500472,-178.44945926653762
155.30765382691345,0.00023584257265165463,5.5910847394050185,0.0001456635289356135,10.846256984287855,0.6176303425538109,0.017039429715181083,-0.447288059735513,-15.370898890507378,-0.44728805973551305,-31.093737717827192,-178.46412155389143
155.44772386193097,0.00023581276364216847,5.537185752531541,0.00014451548744179483,10.994689329628546,0.6128399718901064,0.017039466882913006,-0.442932582079981,-15.370879944188697,-0.442932582079981,-31.093880800323316,-178.47905205823653
155.58779389694845,0.00023578009641245625,5.482305858168844,0.00014334415910959066,11.15491734603912,0.6079569959070463,0.017039519431857126,-0.4384938898363952,-15.37085315733976,-0.4384938898363952,-31.094051498297553,-178.49426268612362
155.72786393196597,0.00023574438577204416,5.426401160359191,0.00014214884864671733,11.327898050667082,0.6029787228280797,0.017039588399812844,-0.4339683026462331,-15.370818001017305,-0.43396830264623304,-31.094251649480896,-178.5097658736438
155.8679339669835,0.0002357054311113094,5.3694258145930736,0.00014092887125605555,11.514683520296451,0.5979025200717729,0.01703967491504166,-0.42935197710578377,-15.37077390019725,-0.4293519771057837,-31.094483249666677,-178.52557460767375
156.008004002001,0.00023566301495439297,5.311331951379301,0.00013968355998529399,11.716431700415624,0.5927258463205457,0.017039780204943122,-0.4246409007741417,-15.370720229358861,-0.42464090077414174,-31.094748467805495,-178.5417024465476
156.14807403701852,0.00023561690135874767,5.252069602616713,0.0001384122747154469,11.93441856075887,0.5874462906406782,0.017039905605663857,-0.4198308864990244,-15.370656307594624,-0.4198308864990244,-31.09504966272297,-178.5581635397453
156.28814407203603,0.0002355668341437155,5.191586632463569,0.00013711441311883133,12.170051766830753,0.5820616200801002,0.017040052572747613,-0.4149175672167341,-15.370581393191076,-0.4149175672167341,-31.09538940164918,-178.5749726460855
156.42821410705352,0.00023551253492842995,5.12982867482676,0.00013578942398421624,12.424886054295698,0.5765698374631371,0.01704022269294708,-0.40989639142039824,-15.37049467761931,-0.4098963914203982,-31.09577048077087,-178.5921451497857
156.56828414207104,0.00023545370095699237,5.066739080115873,0.00013443682338785306,12.700640509999882,0.5709692514555509,0.01704041769733275,-0.4047626195367422,-15.370395278866617,-0.40476261953674225,-31.096195948043626,-178.60969707359806
156.70835417708852,0.00023539000268627582,5.002258874546574,0.00013305621428676536,12.999217978437908,0.5652585614016099,0.01704063947584996,-0.39951132150777996,-15.370282234032665,-0.39951132150777996,-31.096669128528966,-178.62764508804466
156.84842421210604,0.0002353210811088259,4.936326736058991,0.00013164731022828442,13.322726823605203,0.5594369599526156,0.017040890093492862,-0.39413737594199133,-15.370154491104739,-0.3941373759419914,-31.097193652553152,-178.6460065155463
156.98849424712358,0.00023524654478015923,4.8688789918741975,0.00013020996401128955,13.673505280250183,0.5535042571314803,0.01704117180828345,-0.3886354712826369,-15.370010899816894,-0.3886354712826369,-31.097773487018785,-178.66479932796346
157.12856428214107,0.0002351659665162868,4.79984964388017,0.00012874420230423025,14.054148620958603,0.5474610302308087,0.017041487091264913,-0.38300010954164315,-15.369850201486994,-0.3830001095416431,-31.098412970239085,-178.6840421357298
157.2686343171586,0.00023507887972351853,4.729170429470018,0.00012725026742776025,14.467539339520544,0.5413088048463652,0.017041838648741574,-0.3772256132701891,-15.369671017714431,-0.3772256132701891,-31.099116850705624,-178.70375416634803
157.4087043521761,0.0002349847743185495,4.656770927203917,0.00012572866775079764,14.916880496984717,0.535050273429025,0.017042229447022137,-0.37130613658601985,-15.369471837808657,-0.37130613658601985,-31.099890330245366,-178.72395522951672
157.5487743871936,0.00023488309219252441,4.582578718805153,0.0001241802384332677,15.40573228090719,0.5286895590231844,0.017042662739948918,-0.36523568125835604,-15.369251004806017,-0.36523568125835604,-31.10073911207102,-178.74466566554887
157.6888444222111,0.00023477322216829808,4.506519621617667,0.00012260621458118657,15.938051671118838,0.5222325333734008,0.017043142099522617,-0.3590081190708434,-15.36900669991875,-0.3590081190708434,-31.101669454278582,-178.76590627300055
157.8289144572286,0.00023465449439556138,4.428518008851946,0.00012100831926277186,16.5182348598273,0.5156872003430965,0.017043671449958987,-0.35261722194925754,-15.368736925246862,-0.3526172219492575,-31.102688229397145,-178.78769821052745
157.9689844922461,0.0002345261741240705,4.348497238858385,0.00011938886926699399,17.151161702821536,0.5090641576058549,0.01704425510554001,-0.3460567016633978,-15.36843948457058,-0.34605670166339775,-31.103802990647672,-178.8100628668909
158.10905452726365,0.00023438745479114955,4.266380219451662,0.00011775090196085449,17.842240931605726,0.5023771518222944,0.017044897812645073,-0.33932026130349235,-15.36811196203001,-0.3393202613034924,-31.105022045613758,-178.8330216917029
158.24912456228114,0.00023423745035633183,4.182090139153725,0.00011609832709984004,18.597454066720626,0.49564374494012975,0.01704560479636611,-0.3324016612039072,-15.367751698489862,-0.3324016612039072,-31.106354538068995,-178.8565959778864
158.38919459729865,0.00023407518681399373,4.09555140436133,0.00011443610793051255,19.42339485422457,0.48888611171524315,0.0170463818121197,-0.325294802557429,-15.367355765383273,-0.325294802557429,-31.10781053873252,-178.88080658486678
158.52926463231614,0.0002338995928149037,4.006690830152139,0.00011277047632967586,20.327299493681235,0.48213199079365954,0.017047235202665496,-0.31799383265049264,-15.366920935831615,-0.31799383265049264,-31.10940114573112,-178.9056735891437
158.66933466733366,0.00023370948933080864,3.9154391430498534,0.00011110918694284462,21.317060812894262,0.4754158132859251,0.01704817196091548,-0.3104932764747812,-15.366443652850956,-0.3104932764747812,-31.111138595521833,-178.93121584603452
158.80940470235117,0.000233503578304018,3.8217328669689654,0.00010946181514580908,22.40121674221866,0.4687800330121344,0.01704919979886514,-0.3027882004582284,-15.365919994484434,-0.30278820045822835,-31.113036384955425,-178.95745044294065
158.94947473736866,0.00023328043023843027,3.725516679201493,0.00010784010290057876,23.5888998428553,0.4622766804328936,0.017050327222881325,-0.2948744152345047,-15.365345635750536,-0.2948744152345047,-31.115109405021492,-178.98439202036624
159.0895447723862,0.00023303847071233773,3.626746342216363,0.00010625835484217082,24.889730222514224,0.455969156154204,0.01705156361542683,-0.2867487257626608,-15.364715807377962,-0.2867487257626608,-31.11737408657615,-179.0120519320046
159.22961480740372,0.00023277596583037144,3.525392339793293,0.00010473388371219244,26.31362908418666,0.4499342676490671,0.01705291932306497,-0.27840923874461954,-15.364025251420623,-0.27840923874461954,-31.11984855798021,-179.04043720938253
159.3696848424212,0.00023249100668706538,3.421444373228544,0.00010328749890904949,27.870524903564736,0.4442644916931141,0.017054405750239032,-0.2698557391910068,-15.363268174026297,-0.26985573919100686,-31.122552814012387,-179.06954928971413
159.50975487743872,0.00023218149299436227,3.3149169056505787,0.00010194402372293571,29.56991991055318,0.4390704117205891,0.017056035457821972,-0.26109015016926773,-15.362438195889565,-0.26109015016926773,-31.125508894601804,-179.09938245766966
159.6498249124562,0.00023184511613864108,3.2058559804287867,0.0001007328150881531,31.420283139190932,0.4344832307268266,0.01705782226472937,-0.25211709222894374,-15.361528301280604,-0.25211709222894374,-31.128741070757787,-179.12992194267704
159.78989494747373,0.0002314793420908747,3.0943475836064183,9.96882440874708e-05,33.428240941388125,0.4306571946637681,0.017059781349917435,-0.24294456170274828,-15.36053078703864,-0.24294456170274828,-31.132276033439172,-179.16114160318924
159.92996498249124,0.00023108139481092802,2.9805278702238454,9.885007652001555e-05,35.5975508416483,0.42777168019474343,0.017061929350764428,-0.2335847499453922,-15.359437213595758,-0.2335847499453922,-31.136143078854918,-179.19300111827337
160.07003501750876,0.00023064824108226208,2.864595629583689,9.826367272882553e-05,37.92787480308257,0.4260326125521122,0.0170642844520533,-0.22405502843233518,-15.358238361005068,-0.22405502843233518,-31.140374280626553,-179.22544259535817
160.21010505252627,0.00023017657810938603,2.7468274230353185,9.797990909370048e-05,40.41341698522646,0.42567280258696794,0.01706686645741107,-0.21437912721836347,-15.356924194150006,-0.21437912721836344,-31.14500463513679,-179.25838649184618
160.35017508754376,0.00022966282573491355,2.6275958858727004,9.805471741488349e-05,43.04155787272653,0.4269507574902973,0.017069696831967594,-0.2045885360960967,-15.355483842883238,-0.20458853609609673,-31.150072160955755,-179.29172673898034
160.49024512256128,0.0002291031258180904,2.507391735617581,9.854815207251819e-05,45.79169106782102,0.4301475666061674,0.017072798701012665,-0.19472415819405242,-15.353905604863398,-0.19472415819405245,-31.15561792614914,-179.32532495112676
160.6303151575788,0.00022849335219689293,2.3868500609349796,9.95229365776977e-05,48.634528325306015,0.4355616284710931,0.01707619678438939,-0.18483824366181567,-15.352176981407926,-0.18483824366181567,-31.161685968189392,-179.35900360599769
160.77038519259628,0.00022782913576498926,2.2667814606923655,0.00010104251291494142,51.532149180657754,0.44350127816474266,0.017079917240127328,-0.17499662498853516,-15.35028475982514,-0.17499662498853516,-31.168323059782455,-179.39253809649568
160.9104552276138,0.00022710591055825194,2.1482085337702577,0.00010316870877739875,54.439001386285426,0.4542757540911129,0.017083987383328534,-0.16528126327159662,-15.348215159455185,-0.16528126327159665,-31.17557825996336,-179.4256475902701
161.05052526263134,0.00022631898836665266,2.0324080467254215,0.00010595922478759226,57.303896672980976,0.46818530584773943,0.017088435237671874,-0.15579309354438353,-15.345954062979887,-0.15579309354438353,-31.183502173324364,-179.45798469907774
161.19059529764883,0.00022546367122631088,1.9209587708937574,0.00010946519274288484,60.07282357805679,0.4855114446930491,0.0170932888674816,-0.14665512342423176,-15.343487359251036,-0.14665512342423176,-31.192145821700606,-179.48912407035803
161.33066533266634,0.0002245354130859627,1.815794404824449,0.00011372903946948971,62.692187263971384,0.5065082514442784,0.01709857542897953,-0.13801568843348183,-15.340801428486724,-0.13801568843348183,-31.201559013362925,-179.51855018536176
161.47073536768383,0.0002235300437382942,1.7192600810941077,0.00011878280439727667,65.11196997770365,0.5313952541267601,0.01710431987170353,-0.13005169451974233,-15.337883804375487,-0.13005169451974233,-31.211788077367547,-179.54564490188667
161.61080540270135,0.00022244406932290245,1.634169577661891,0.00012464692773641385,67.28833623360674,0.5603517689450056,0.01711054321778009,-0.12297157906708972,-15.334724049057751,-0.12297157906708972,-31.22287281977264,-179.56967563592372
161.75087543771886,0.00022127506363525565,1.563858385146267,0.00013132939565154575,69.18537055009493,0.5935119551836436,0.017117260351816765,-0.11701759350218306,-15.33131487408357,-0.11701759350218306,-31.234842561230273,-179.5897855515037
161.89094547273635,0.0002200221620560515,1.5122251193618064,0.0001388250436294202,70.77586290007245,0.6309593648754982,0.017124477273285088,-0.11246685552799224,-15.327653530432466,-0.11246685552799224,-31.247711142650875,-179.60498772397514
162.0310155077539,0.0002186866636986784,1.4837503952662738,0.0001471148041158797,72.04126278556826,0.6727195962831307,0.017132187803581545,-0.10963044775748104,-15.323743469941387,-0.10963044775748103,-31.261470851421286,-179.6141659318873
162.17108554277138,0.00021727273558459694,1.483478364235366,0.0001561647390729262,72.97104891034917,0.7187498176094081,0.01714036980945114,-0.108849676623855,-15.319596245088578,-0.10884967662385499,-31.27608534184685,-179.61608543896608
162.3111555777889,0.00021578819347516033,1.516942169363471,0.00016592480436922,73.56179433378793,0.7689243869049761,0.017148981109966984,-0.11048849487003472,-15.315233560728139,-0.1104884948700347,-31.291481816349282,-179.60941769646394
162.4512256128064,0.00021424530617208297,1.5900116223345402,0.00017632742704681956,73.81616813572057,0.8230165234294208,0.017157955377923848,-0.11492109954694131,-15.310689319194902,-0.11492109954694131,-31.307543007703874,-179.59278307527973
162.5912956478239,0.00021266153408443732,1.7086411578544656,0.00018728611645501926,73.74203857158014,0.8806769746175971,0.017167198520425142,-0.12251393232256304,-15.30601141343209,-0.12251393232256301,-31.324099848724146,-179.56481517409844
162.7313656828414,0.0002110600723125393,1.8785009646633133,0.00019869445638151889,73.35175957697611,0.941411865373052,0.017176586203283217,-0.13360182228640058,-15.301262933906681,-0.13360182228640055,-31.340926093997137,-179.52424853475603
162.87143571785893,0.0002094700319551699,2.1044868219262196,0.0002104259167816554,72.66165074846269,1.0045633488359331,0.01718596332378499,-0.14845888811440117,-15.296522387181046,-0.1484588881144012,-31.357736483130637,-179.47002838087909
163.01150575287642,0.00020792607504521805,2.390126604489036,0.00022233495525977368,71.69162838363007,1.069298091696398,0.01719514626981586,-0.1672660428288373,-15.291882510305896,-0.16726604282883734,-31.37419017234189,-179.40143620257282
163.15157578789396,0.00020646733692339275,2.7369332964530337,0.00023425982209188999,70.46491329015812,1.1346095977341408,0.0172039286550358,-0.1900783708474069,-15.28744734275543,-0.19007837084740692,-31.389900947100674,-179.3182190986042
163.29164582291145,0.00020513554230269313,3.143790869617717,0.00024602731614844483,69.0077289406784,1.1993402673507099,0.017212090832949563,-0.21679695256317455,-15.283327413783471,-0.21679695256317458,-31.404455021737753,-179.2207049720053
163.43171585792896,0.00020397235440544053,3.6064900383783707,0.00025745946064258286,67.34890971815219,1.2622272336515996,0.01721941286746738,-0.2471504325780767,-15.279633216442601,-0.2471504325780767,-31.417435997917895,-179.1098818951003
163.57178589294648,0.00020301617531931496,4.117540806571226,0.00026838170992733013,65.51936144642205,1.3219720522525098,0.01722568986579726,-0.2806912835939686,-15.2764675231493,-0.2806912835939686,-31.42845495110931,-178.98742041803317
163.71185592796397,0.00020229879750156802,4.666363907368053,0.0002786319342487215,63.551351414954745,1.3773286726855696,0.01723074785087913,-0.3168100247632247,-15.273917456837243,-0.3168100247632247,-31.437182026768244,-178.8556238337905
163.85192596298148,0.00020184242827417842,5.239899098637002,0.00028806915822805583,61.47764633311324,1.4271982391965126,0.01723445790813766,-0.3547677406204607,-15.272047446354895,-0.3547677406204607,-31.443374887170556,-178.71730324879732
163.99199599799897,0.0002016576115843623,5.823576756970679,0.0002965809456759941,59.33055541291642,1.4707153543367302,0.017236746389113478,-0.393743745365854,-15.270894165311828,-0.393743745365854,-31.44689933489744,-178.57558924895108
164.1320660330165,0.00020174242941671503,6.4025084995081185,0.0003040884774876638,57.140963010671754,1.5073104768632726,0.017237599554647334,-0.43289212964599283,-15.270464251329784,-0.43289212964599283,-31.447738633817394,-178.43370569621345
164.27213606803403,0.00020208310975445356,6.962696201148939,0.0003105487367657287,54.93744438530177,1.5367377171851184,0.017237062059342226,-0.4713991786933528,-15.270735095171776,-0.4713991786933528,-31.445990195398505,-178.29473926218512
164.41220610305152,0.00020265587824135395,7.492058866430796,0.00031595370101845363,52.74554751789159,1.5590650701094746,0.017235229825817294,-0.5085337956879974,-15.27165842096959,-0.5085337956879973,-31.441850762982824,-178.16143805056785
164.55227613806903,0.00020342965991681873,7.981131997770985,0.0003203269145366669,50.58729750288297,1.574632306162468,0.017232238800576886,-0.5436849749702968,-15.27316591288839,-0.5436849749702968,-31.435593262772986,-178.03606447548182
164.69234617308655,0.00020436913017778525,8.42338081493992,0.00032371815856931807,48.480945645374554,1.583987553735285,0.017228251586669838,-0.5763833429987627,-15.275175895899377,-0.5763833429987627,-31.427539557732867,-177.9203145893398
164.83241620810404,0.00020543764184347135,8.8151545405969,0.00032619709043422496,46.44095192781853,1.587815589719257,0.017223443949395623,-0.6063068792417047,-15.277600078883973,-0.6063068792417047,-31.418033299211405,-177.8153026005613
164.97248624312155,0.00020659968112125113,9.155368629074546,0.00032784668855536856,44.47816385573863,1.5868692864194638,0.01721799279334945,-0.633273350931396,-15.280349565821215,-0.633273350931396,-31.40741616231493,-177.7215990013697
165.11255627813907,0.00020782267056176695,9.445025699460645,0.00032875717135743535,42.600140222951126,1.581911975574029,0.017212066605929208,-0.6572233394630962,-15.283339639687647,-0.6572233394630962,-31.396009419590097,-177.63930530735288
165.25262631315658,0.00020907808892041966,9.686679072269866,0.000329020826230527,40.81156487934952,1.5736743526279338,0.01720581874875552,-0.6781980086153194,-15.28649312793491,-0.6781980086153194,-31.384101489638148,-177.56814773673943
165.3926963481741,0.00021034198545928558,9.883917768372918,0.00032872795492819556,39.11470056623276,1.56282614814352,0.017199383488606845,-0.6963152482338236,-15.289742401676103,-0.6963152482338235,-31.371941081200212,-177.50757483515773
165.53276638319159,0.0002115950223827671,10.040921396601131,0.00032796395552436256,37.509842810867646,1.5499606362719092,0.01719287434945382,-0.7117468974632492,-15.293030215187093,-0.711746897463249,-31.359734945290118,-177.45684833505777
165.6728364182091,0.00021282219244830996,10.162106346048844,0.0003268074352469563,35.99574551283831,1.5355890825451906,0.017186384229718365,-0.7246987372448269,-15.296309661385708,-0.7246987372448268,-31.347649014301755,-177.41512097644525
165.8129064532266,0.00021401234436187376,10.251865138138113,0.0003253291810547437,34.57000087518419,1.520142130234526,0.017179986721761166,-0.7353940569034201,-15.299543523279064,-0.7353940569034201,-31.335811742737167,-177.38149872064008
165.9529764882441,0.00021515762080312294,10.314389102842712,0.0003235917933403179,33.22936542645993,1.5039755140089421,0.017173738142467247,-0.744060941411796,-15.30270326627371,-0.744060941411796,-31.324318652030207,-177.3550874146204
166.09304652326165,0.00021625288336794764,10.353559227764558,0.00032164979722385174,31.97003058921773,1.4873780742917286,0.01716767989036187,-0.7509230050587282,-15.305767863646025,-0.7509230050587282,-31.31323732637853,-177.33502553562207
166.23311655827914,0.00021729517146911834,10.372889024609362,0.00031955007168576994,30.787840680647296,1.4705806370445922,0.017161840855168566,-0.7561930761884395,-15.308722592676267,-0.7561930761884395,-31.30261234508761,-177.3205053775155
166.37318659329665,0.0002182832208666511,10.375504703386468,0.0003173324689154507,29.6784637753552,1.453764827436318,0.017156239702759507,-0.7600692615129534,-15.311557890648173,-0.7600692615129534,-31.292469837441214,-177.31078519570207
166.51325662831417,0.00021921705232019376,10.364150474097901,0.00031503052809740944,28.63752200072277,1.4370712714322433,0.017150886934946027,-0.7627328341725693,-15.31426832171132,-0.7627328341725692,-31.28282149796175,-177.3051946415116
166.65332666333165,0.0002200976310281656,10.341209549539347,0.00031267221585587284,27.660688025238084,1.42060691155672,0.0171457866789128,-0.764347454899514,-15.316851677861575,-0.764347454899514,-31.273668005289036,-177.30313546736755
166.79339669834917,0.0002209265918037515,10.308733940492532,0.00031028064832706436,26.743754109542518,1.4044513419311961,0.017140938198070665,-0.765059320745396,-15.319308218691214,-0.765059320745396,-31.26500185485101,-177.30407908678168
166.93346673336666,0.0002217060221177658,10.268478222764518,0.00030787476723577597,25.882679392123677,1.3886621765837244,0.017136337138671257,-0.7649979225217798,-15.321640043143924,-0.7649979225217799,-31.256809653613292,-177.3075621956591
167.0735367683842,0.00022243829420105118,10.221934077922725,0.0003054699550129004,25.073620262823283,1.373279525047971,0.017131976538657757,-0.7642771704897948,-15.32385058032027,-0.7642771704897948,-31.24907394328773,-177.3131813356573
167.21360680340172,0.00022312593758661353,10.170363609148351,0.0003030785827647433,24.312947854147332,1.3583296771451931,0.017127847630298104,-0.7629967137101531,-15.325944183739495,-0.7629967137101531,-31.241774623548263,-177.3205870167211
167.3536768384192,0.00022377154425835894,10.114830284348358,0.00030071049067870815,23.597255918572316,1.3438281068102125,0.01712394046876918,-0.7612433310473316,-15.327925813071497,-0.7612433310473317,-31.234890044293383,-177.32947781239238
167.49374687343672,0.00022437769961812452,10.056226938862261,0.00029837340401227345,22.92336169105109,1.32978190132123,0.01712024441691282,-0.7590923121553519,-15.329800788268166,-0.7590923121553519,-31.22839782942502,-177.33959469026072
167.6338169084542,0.0002249469335794871,9.995300649821012,0.0002960732898095631,22.288301769413852,1.316191712855436,0.01711674851314297,-0.7566087766947376,-15.331574602603881,-0.7566087766947376,-31.222275486335406,-177.3507157312745
167.77388694347172,0.00022548168713146512,9.932674530697994,0.00029381466042280026,21.6893245783163,1.3030533173698235,0.017113441745763708,-0.7538489015637181,-15.33325278296963,-0.7538489015637182,-31.216500846728444,-177.36265131609275
167.91395697848924,0.00022598429063284002,9.868866631987324,0.0002916008301558962,21.123880605282434,1.2903588534375796,0.01711031325325034,-0.7508610409613691,-15.334840787604477,-0.7508610409613692,-31.211052376348075,-177.37523980595847
168.05402701350675,0.00022645695087966032,9.80430620492322,0.00028943413115980907,20.589611297908668,1.2780978019686176,0.017107352466615933,-0.7476867342544545,-15.336343933156423,-0.7476867342544546,-31.205909384023546,-177.38834371295636
168.19409704852427,0.00022690174463617005,9.739347613129294,0.00028731609427813464,20.084337276787277,1.266257757245706,0.0171045492069588,-0.7443616032044752,-15.337767344476571,-0.7443616032044752,-31.20105215430716,-177.40184633472398
168.3341670835418,0.00022732061684494143,9.674282178374856,0.00028524759998973013,19.606046337280382,1.2548250306055675,0.017101893748697732,-0.7409161441486356,-15.339115921846647,-0.7409161441486357,-31.196462022861095,-177.4156488177392
168.47423711855927,0.0002277153821517184,9.609348232302304,0.00028322900400248603,19.15288157446678,1.2437851203823418,0.017099376856839182,-0.7373764229909474,-15.340394321424588,-0.7373764229909474,-31.192121409559945,-177.42966760830166
168.6143071535768,0.00022808772871148978,9.544739623412386,0.0002812602414676323,18.723129860516732,1.2331230753031914,0.01709698980484398,-0.7337646819182178,-15.34160694558606,-0.7337646819182178,-31.18801382089898,-177.44383224917135
168.75437718859428,0.00022843922350069336,9.480612902465678,0.0002793409132352054,18.315210825068313,1.2228237732315594,0.017094724378221134,-0.7300998670227643,-15.34275794056411,-0.7300998670227643,-31.184123830606868,-177.458083481059
168.8944472236118,0.00022877131856037687,9.41709338269388,0.00027747035707294005,17.927666430941557,1.212872132831243,0.017092572867822117,-0.7263980857816984,-15.343851199371386,-0.7263980857816984,-31.18043704523766,-177.47237161077857
169.03451725862934,0.00022908535774864095,9.354280245527985,0.0002756477063284025,17.559151194990893,1.20325327221852,0.017090528055890904,-0.7226730028149932,-15.34489036845238,-0.7226730028149932,-31.176940059855124,-177.48665511119341
169.17458729364682,0.00022938258369770416,9.29225083885997,0.0002738719381277127,17.208423073306733,1.193952625839456,0.017088583197201142,-0.7189361816593429,-15.345878856879358,-0.718936181659343,-31.17362040763033,-177.5008994216763
169.31465732866434,0.00022966414475951267,9.231064293580761,0.0002721419128708137,16.874335008430037,1.1849560285336687,0.01708673199704387,-0.7151973795439813,-15.346819847192881,-0.7151973795439813,-31.17046650617542,-177.51507592138609
169.45472736368183,0.00022993110179039746,9.170764565382813,0.00027045640649820454,16.555827121463125,1.1762497739203175,0.01708496858738681,-0.7114648013968965,-15.347716307212105,-0.7114648013968964,-31.16746760267107,-177.52916105107008
169.59479739869934,0.0002301844346749428,9.111382992502195,0.0002688141367620781,16.251919522207228,1.1678206527808304,0.017083287502182895,-0.7077453185813869,-15.348571002314294,-0.7077453185813869,-31.16461371926,-177.54313556224682
169.73486743371686,0.00023042504852594667,9.052940446027346,0.0002672137845305703,15.961705704417042,1.1596559759451721,0.017081683652541375,-0.7040446571843663,-15.349386507817249,-0.7040446571843663,-31.161895599736447,-177.55698387546397
169.87493746873434,0.00023065377952422362,8.995449137390088,0.00026565401098205266,15.684346489901964,1.1517435852558977,0.017080152302271716,-0.7003675600592245,-15.350165221201733,-0.7003675600592245,-31.159304658227246,-177.57069353185372
170.01500750375186,0.00023087140038140902,8.938914137444812,0.00026413347140252173,15.419064483784256,1.1440718554405718,0.017078689044155788,-0.6967179262710995,-15.350909373989925,-0.6967179262710995,-31.156832930311495,-177.58425472442988
170.1550775387694,0.00023107862542272618,8.883334652897394,0.00026265082617883944,15.165139003157792,1.13662968913008,0.017077289777187078,-0.6930989311001873,-15.351621043155356,-0.6930989311001874,-31.15447302684035,-177.5976598975106
170.2951475737869,0.00023127611529625972,8.828705098549802,0.00026120474948021597,14.92190144225648,1.129406506787864,0.017075950684927052,-0.6895131293259733,-15.352302161985328,-0.6895131293259734,-31.152218090584412,-177.61090340432884
170.4352176088044,0.00023146448132174683,8.775015997683797,0.0002597939360367347,14.68873103872577,1.1223922329387919,0.017074668215063822,-0.6859625441374347,-15.352954530349951,-0.6859625441374346,-31.15006175573839,-177.62398121434165
170.5752876438219,0.0002316442894960425,8.722254737743302,0.00025841710635414277,14.465051007459795,1.1155772797868073,0.01707343906020977,-0.6824487436859954,-15.353579824356958,-0.6824487436859953,-31.14799811024359,-177.63689066299227
170.7153576788394,0.0002318160641748762,8.670406204138317,0.0002570730106462601,14.250325010548021,1.1089525290720608,0.017072260139939916,-0.678972907013965,-15.354179605389412,-0.6789729070139648,-31.146021660842372,-177.64963023774453
170.85542771385693,0.0002319802914517545,8.619453311355478,0.0002557604317182996,14.044053934062319,1.1025093128288044,0.017071128584048138,-0.6755358808462325,-15.354755328536186,-0.6755358808462325,-31.144127300746213,-177.66219939511893
170.9954977488744,0.00023213742225522465,8.569377447508025,0.0002544781869944187,13.845772944605983,1.0962393935546997,0.017070041716981017,-0.6721382285220933,-15.355308350434154,-0.6721382285220934,-31.142310279781128,-177.67459840423638
171.13556778389196,0.00023228787518547785,8.520158845897997,0.0002532251298496446,13.655048800695582,1.0901349441827246,0.017068997043398045,-0.6687802721629557,-15.355839936546811,-0.6687802721629557,-31.140566176862077,-177.68682821303685
171.27563781890947,0.00023243203911060638,8.471776895017358,0.0002520001503787589,13.471477396112967,1.084188528152269,0.017067992234799594,-0.6654621290162892,-15.356351267907929,-0.6654621290162893,-31.138890874645135,-177.69889033390447
171.41570785392696,0.00023257027554191242,8.424210396611798,0.0002508021757118121,13.294681514316558,1.0783930798010086,0.017067025117160652,-0.6621837427828844,-15.356843447360744,-0.6621837427828845,-31.137280536205537,-177.71078674590916
171.55577788894448,0.0002327029208065714,8.377437779920061,0.0002496301699669462,13.1243087748395,1.0727418852402166,0.017066093659506495,-0.6589449106204089,-15.357317505324296,-0.6589449106204089,-31.13573158359366,-177.72251981128412
171.69584792396196,0.0002328302880347877,8.331437278930892,0.0002484831339153959,12.960029754304957,1.0672285638295884,0.017065195963367145,-0.6557453064184674,-15.35777440511817,-0.6557453064184674,-31.13424067812641,-177.73409220410528
171.83591795897948,0.00023295266897736867,8.286187078431938,0.00024736010442040864,12.801536266264375,1.0618470503312398,0.01706433025304852,-0.6525845008566155,-15.358215047876584,-0.6525845008566155,-31.13280470227876,-177.74550684943415
171.975987993997,0.0002330703356684511,8.241665433728224,0.0002462601537009511,12.648539785516856,1.0565915777941937,0.017063494866660724,-0.6494619786851514,-15.358640277081523,-0.6494619786851515,-31.131420743047485,-177.75676687143815
172.1160580290145,0.00023318354194694845,8.197850768151195,0.0002451823884619867,12.500770003891141,1.0514566611985339,0.017062688247846694,-0.6463771536070085,-15.359050882743245,-0.6463771536070085,-31.13008607666729,-177.76787554921597
172.25612806403203,0.00023329252484917314,8.154721751843423,0.00024412594892560418,12.357973505685123,1.0464370818715043,0.017061908938157348,-0.6433293810864812,-15.35944760525515,-0.6433293810864811,-31.12879815456885,-177.77883627923939
172.3961980990495,0.00023339750588403596,8.112257364767713,0.00024309000779103415,12.21991255206175,1.0415278726749289,0.017061155570022902,-0.6403179693653911,-15.359831138948149,-0.6403179693653911,-31.12755459047451,-177.78965254347702
172.53626813406703,0.00023349869220124186,8.070436946435985,0.00024207376914639275,12.086363964699688,1.0367243039535332,0.017060426860273165,-0.6373421889285599,-15.360202135368272,-0.6373421889285599,-31.126353148537312,-177.80032788240095
172.67633816908454,0.0002335962776619809,8.029240234471898,0.0002410764673507017,11.957118099909987,1.0320218702266515,0.017059721604163046,-0.6344012806272699,-15.360561206299417,-0.6344012806272699,-31.12519173243497,-177.81086587218843
172.81640820410203,0.00023369044382076898,7.988647393797338,0.0002400973659011544,11.831977905251149,1.0274162776005478,0.01705903866986253,-0.6314944626408274,-15.360908926551705,-0.6314944626408274,-31.12406837533827,-177.8212701055292
172.95647823911955,0.00023378136082631502,7.948639037960311,0.0002391357562976475,11.71075805142338,1.0229034318750092,0.01705837699337375,-0.6286209364318456,-15.361245836534277,-0.6286209364318456,-31.122981230680253,-177.8315441755318
173.0965482741371,0.00023386918824857083,7.909196243890058,0.00023819095691414134,11.593284132895914,1.0184794273154831,0.01705773557384029,-0.6257798918297512,-15.361572444630028,-0.6257798918297512,-31.121928563657875,-177.84169166229316
173.23661830915458,0.00023395407583847385,7.870300561169318,0.0002372623118843889,11.479391931332426,1.0141405360605862,0.01705711346921693,-0.6229705113588718,-15.361889229388215,-0.6229705113588718,-31.12090874340478,-177.85171612175645
173.3766883441721,0.00023403616422629122,7.83193401674783,0.00023634919000789964,11.368926736431325,1.009883198134165,0.01705650979227053,-0.6201919739118265,-15.362196641549852,-0.6201919739118265,-31.119920235778014,-177.8616210765348
173.51675837918958,0.00023411558556393547,7.794079115879867,0.00023545098368062657,11.261742719295249,1.0057040120309564,0.017055923706885082,-0.6174434578554474,-15.362495105919278,-0.6174434578554475,-31.118961596707205,-177.8714100084227
173.6568284142071,0.00023419246411612326,7.756718839949051,0.00023456710785371988,11.157702353895289,1.0015997258451956,0.017055354424646122,-0.6147241436448307,-15.362785023094581,-0.6147241436448307,-31.11803146605911,-177.8810863523566
173.7968984492246,0.000234266916804808,7.719836641742459,0.00023369699902277957,11.05667588260301,0.9975672289122101,0.017054801201681995,-0.6120332160110893,-15.363066771068098,-0.6120332160110893,-31.117128561974006,-177.89065349161652
173.9369684842421,0.00023433905371090434,7.68341643864883,0.00023284011424925052,10.958540822129544,0.9936035439338122,0.017054263335741154,-0.609369865779656,-15.363340706707548,-0.609369865779656,-31.116251675634903,-177.90011475409332
174.07703851925964,0.0002344089785369589,7.647442604183066,0.0002319959302150087,10.863181506546015,0.9897058195594256,0.017053740163486444,-0.6067332913685285,-15.363607167127407,-0.6067332913685284,-31.11539966643384,-177.90947340946562
174.21710855427713,0.00023447678903408317,7.611899958176416,0.00023116394231067054,10.770488664359306,0.9858713233959755,0.017053231057988928,-0.6041227000093241,-15.363866470959291,-0.6041227000093241,-31.11457145750208,-177.9187326671556
174.35717858929465,0.0002345425773961685,7.576773755918053,0.00023034366375774873,10.680359026888528,0.9820974354207452,0.017052735426405417,-0.6015373087283639,-15.364118919529412,-0.6015373087283639,-31.11376603157471,-177.92789567494944
174.49724862431216,0.00023460643062412162,7.542049676489561,0.00022953462476446866,10.592694965436593,0.978381641772732,0.017052252707824993,-0.5989763451201794,-15.364364797950456,-0.5989763451201793,-31.112982427162134,-177.9369655181825
174.63731865932965,0.000234668430862619,7.507713810494137,0.00022873637171478612,10.507404154971653,0.9747215288991912,0.017051782371271248,-0.5964390479415427,-15.36460437613464,-0.5964390479415427,-31.11221973500404,-177.94594521940607
174.77738869434717,0.00023472865571164616,7.473752647350286,0.0002279484663899534,10.424399262237342,0.9711147780353587,0.017051323913847876,-0.5939246675504929,-15.364837909734197,-0.5939246675504929,-31.11147709478235,-177.9548377384611
174.91745872936468,0.00023478717851489183,7.440153062291465,0.0002271704852218272,10.34359765639343,0.9675591599965433,0.017050876859016535,-0.5914324662116048,-15.365065641014839,-0.5914324662116047,-31.110753692073295,-177.96364597289613
175.05752876438217,0.00023484406862687684,7.40690230318942,0.00022640201857698772,10.264921140454993,0.9640525302629552,0.017050440754996673,-0.5889617182859925,-15.365287799667493,-0.5889617182859925,-31.110048755518957,-177.97237275867494
175.1975987993997,0.00023489939166053335,7.373987977298585,0.0002256426700706541,10.188295701948975,0.9605928243387847,0.0170500151732778,-0.5865117103221087,-15.365504603563023,-0.5865117103221087,-31.10936155420141,-177.98102087112704
175.3376688344172,0.0002349532097167991,7.341398038001889,0.00022489205590932621,10.113651281345257,0.9571780533681575,0.01704959970723581,-0.584081741061312,-15.365716259454263,-0.584081741061312,-31.10869139520343,-177.98959302610047
175.47773886943472,0.0002350055815976518,7.3091207716232995,0.0002241498042610298,10.040921556942703,0.9538062999915978,0.017049193970845186,-0.5816711213703277,-15.365922963629458,-0.5816711213703277,-31.108037621341317,-177.99809188128242
175.61780890445223,0.00023505656300388747,7.277144784360245,0.00022341555465203296,9.970043745005665,0.9504757144276716,0.017048797597480077,-0.579279174111146,-15.366124902520674,-0.5792791741111459,-31.107399609056724,-178.00652003765782
175.75787893946972,0.0002351062067188287,7.2454589893782275,0.00022268895738888,9.900958414048885,0.9471845107653882,0.017048410238797385,-0.5769052339574903,-15.366322253270594,-0.5769052339574903,-31.106776766455056,-178.0148800410803
175.89794897448724,0.0002351545627790531,7.214052594101093,0.00022196967300459856,9.833609312263714,0.943930963453842,0.017048031563696005,-0.5745486471657898,-15.36651518426078,-0.5745486471657898,-31.1061685314797,-178.02317438393362
176.03801900950472,0.00023520167863313042,7.182915087722667,0.0002212573717279414,9.767943207164349,0.9407134039764254,0.01704766125734631,-0.5722087713075213,-15.366703855604268,-0.5722087713075213,-31.105574370211677,-178.03140550686553
176.17808904452227,0.00023524759928928083,7.152036228958982,0.00022055173297453855,9.703909736611404,0.9375302176976906,0.01704729902028508,-0.569884974968845,-15.366888419604994,-0.569884974968845,-31.104993775285482,-178.0395758005773
176.31815907953978,0.000235292367452781,7.121406034055062,0.0002198524448588672,9.641461270442669,0.9343798408717515,0.017046944567570804,-0.5675766374226829,-15.367069021186623,-0.5675766374226829,-31.10442626441255,-178.04768760765626
176.45822911455727,0.00023533602365388278,7.091014765055179,0.00021915920372595727,9.58055278200576,0.9312607578017152,0.017046597627995368,-0.5652831482776243,-15.367245798292746,-0.5652831482776243,-31.103871379004346,-178.05574322443977
176.59829914957479,0.0002353786063669383,7.060852918342038,0.00021847171370179228,9.521141728948873,0.9281714981403646,0.017046257943347798,-0.5630039071074748,-15.3674188822607,-0.5630039071074747,-31.10332868288836,-178.06374490290108
176.7383691845923,0.00023542015212137107,7.030911213446963,0.00021778968626139217,9.463187942681015,0.9251106343228871,0.017045925267726643,-0.5607383230646978,-15.367588398170717,-0.5607383230646977,-31.102797761109603,-178.0716948525494
176.8784392196098,0.00023546069560507796,7.001180582130009,0.00021711283981358856,9.406653525963607,0.9220767791229879,0.01704559936689748,-0.5584858144805003,-15.367754465172148,-0.5584858144805003,-31.102278218812444,-178.07959524233706
177.0185092546273,0.000235500269760799,6.971652157727238,0.00021644089930154673,9.351502758143125,0.9190685833242945,0.01704528001769252,-0.5562458084539346,-15.367917196788369,-0.5562458084539346,-31.10176968019649,-178.08744820256948
177.15857928964482,0.00023553890587594653,6.9423172647601445,0.0002157735958181169,9.297702007577959,0.9160847334994432,0.017044967007449386,-0.5540177404320021,-15.368076701201787,-0.5540177404320021,-31.101271787541723,-178.09525582681258
177.29864932466234,0.00023557663366634564,6.91316740880048,0.00021511066623512365,9.245219650851874,0.9131239498896628,0.01704466013348648,-0.5518010537824055,-15.368233081520273,-0.5518010537824055,-31.100784200298122,-178.1030201737949
177.43871935967985,0.00023561348135429954,6.884194266582819,0.0002144518528457449,9.194025998405053,0.910184984378151,0.01704435920261247,-0.5495951993603443,-15.368386436026285,-0.5495951993603443,-31.10030659423557,-178.1107432693017
177.57878939469734,0.00023564947574136185,6.8553896763557,0.00021379690301915529,9.144093226247321,0.9072666185508897,0.01704406403066778,-0.5473996350704756,-15.368536858409765,-0.5473996350704757,-31.099838660649596,-178.11842710805914
177.71885942971485,0.00023568464227616205,6.826745628461645,0.00021314556886664068,9.095395313451219,0.9043676618389442,0.01704377444209587,-0.5452138254249459,-15.36868443798587,-0.5452138254249459,-31.099380105620106,-178.12607365560703
177.85892946473234,0.00023571900511760636,6.798254256135297,0.00021249760691842223,9.047907985152179,0.9014869497366224,0.017043490269542532,-0.543037241098211,-15.368829259898533,-0.543037241098211,-31.098930649318866,-178.1336848501599
177.99899949974986,0.00023575258719374742,6.769907826508629,0.00021185277781045323,9.001608660812089,0.8986233420901858,0.01704321135348143,-0.5408693584791834,-15.368971405310656,-0.5408693584791834,-31.098490025363205,-178.14126260445562
178.1390695347674,0.00023578541025659174,6.741698731811483,0.0002112108459804805,8.956476407528692,0.8957757214521113,0.017042937541864294,-0.5387096592210976,-15.369110951581806,-0.5387096592210976,-31.098057980213007,-178.1488088075917
178.2791395697849,0.000235817494933092,6.713619480755389,0.00021057157937268516,8.912491898199068,0.8929429914961576,0.017042668689794243,-0.5365576297893365,-15.369247972434161,-0.5365576297893365,-31.097634272608087,-178.1563253268502
178.4192096048024,0.00023584886077255058,6.685662690088362,0.0002099347491502462,8.869637374369095,0.8901240754887699,0.017042404659221,-0.5344127610073649,-15.369382538107342,-0.5344127610073649,-31.097218673044132,-178.16381400951113
178.55927963981992,0.00023587952629064202,6.657821076308003,0.000209300129415187,8.827896613624128,0.8873179148125604,0.017042145318656648,-0.5322745476007793,-15.369514715502797,-0.5322745476007793,-31.096810963284266,-178.17127668465665
178.6993496748374,0.0002359095090102425,6.63008744752014,0.00020866749693489048,8.787254901397917,0.8845234675378463,0.017041890542910807,-0.5301424877394085,-15.369644568318341,-0.5301424877394085,-31.096410935904856,-178.17871516496595
178.83941970985492,0.0002359388254992402,6.602454695430033,0.00020803663087468757,8.747699007098346,0.8817397070384142,0.017041640212844295,-0.5280160825772963,-15.369772157173289,-0.5280160825772963,-31.096018393873504,-178.18613124850347
178.9794897448724,0.0002359674914054822,6.57491578745303,0.00020740731253593886,8.709217164469209,0.8789656206478627,0.017041394215140122,-0.5258948357903317,-15.369897539724786,-0.5258948357903316,-31.095633150157393,-178.19352672050152
179.11955977988995,0.00023599552148900467,6.547463758931357,0.00020677932509905283,8.671799056127453,0.876200208353051,0.017041152442091225,-0.5237782531111971,-15.37002077077564,-0.5237782531111971,-31.095255027360604,-178.20090335513953
179.25962981490747,0.00023602292965167022,6.520091705443944,0.000206152453370894,8.635435802235646,0.8734424815213506,0.017040914791403797,-0.5216658418612754,-15.370141902374218,-0.5216658418612755,-31.09488385738913,-178.20826291732178
179.39969984992496,0.0002360497289643343,6.492792775195586,0.00020552648353605176,8.600119953288784,0.8706914616585117,0.017040681166015894,-0.5195571104790498,-15.370260983906585,-0.5195571104790498,-31.094519481141994,-178.21560716445597
179.53976988494247,0.00023607593169164398,6.465560161471945,0.00020490120291145251,8.565845487014645,0.8679461791941118,0.0170404514739303,-0.5174515680444964,-15.370378062181375,-0.5174515680444964,-31.094161748227673,-178.22293784823503
179.67983991995996,0.00023610154931456078,6.438387095146937,0.0002042763997038134,8.532607809406997,0.8652056722916868,0.01704022562806136,-0.5153487237989269,-15.370493181507614,-0.515348723798927,-31.093810516704615,-178.23025671642444
179.81990995497748,0.00023612659255069408,6.411266837228444,0.00020365186276944237,8.500403759930716,0.8624689856807225,0.01704000354609511,-0.5132480866596556,-15.370606383765708,-0.5132480866596556,-31.093465652845026,-178.23756551465814
179.959979989995,0.00023615107137251525,6.384192671428604,0.00020302738137590174,8.46923162095886,0.8597351695078159,0.017039785150362252,-0.5111491647288285,-15.37071770847197,-0.5111491647288285,-31.093127030920975,-178.24486598824515
180.1000500250125,0.00023617499502351545,6.3571578967445825,0.0002024027449650621,8.439091131522895,0.8570032782044064,0.017039570367723605,-0.5090514647957197,-15.370827192836746,-0.5090514647957197,-31.09279453301251,-178.25215988399057
180.24012006003002,0.00023619837203236378,6.330155820035497,0.00020177774291708076,8.409983505478918,0.8542723693685462,0.0170393591294678,-0.5069544918317144,-15.37093487181636,-0.5069544918317143,-31.09246804883657,-178.2594489520333
180.38019009504754,0.0002362212102251051,6.303179748581154,0.00020115216431484468,8.381911454215889,0.8515415026582852,0.017039151371220678,-0.5048577484771883,-15.371040778159061,-0.5048577484771883,-31.092147475596803,-178.26673494770424
180.52026013006503,0.00023624351673543666,6.276222982607821,0.00020052579770842602,8.354879214055535,0.8488097386942896,0.017038947032866306,-0.502760734519421,-15.3711449424451,-0.5027607345194212,-31.091832717853507,-178.2740196334077
180.66033016508254,0.00023626529801308962,6.249278807766137,0.0001998984308791059,8.32889257851878,0.8460761379694071,0.017038746058479583,-0.5006629463606362,-15.371247393120884,-0.5006629463606362,-31.091523687413492,-178.28130478052984
180.80040020010003,0.00023628655983033155,6.222340487545936,0.00019926985060252209,8.303958935660168,0.8433397597629346,0.017038548396269917,-0.4985638764752208,-15.371348156527503,-0.4985638764752208,-31.091220303239574,-178.28859217137756
180.94047023511754,0.00023630730728660144,6.195401255612372,0.0001986398424105052,8.28008731070011,0.8405996610574049,0.017038353998536263,-0.4964630128551145,-15.371447256923474,-0.4964630128551145,-31.090922491379658,-178.29588360115162
181.0805402701351,0.00023632754481127635,6.168454308047505,0.00019800819035117125,8.25728841421487,0.8378548954557721,0.017038162821633285,-0.49435983844231524,-15.371544716501832,-0.49435983844231524,-31.09063018491544,-178.3031808799578
181.22061030515258,0.0002363472761645627,6.141492795480957,0.0001973746767468426,8.235574696176654,0.8351045120969176,0.017037974825948713,-0.49225383054738814,-15.371640555401505,-0.49225383054738814,-31.090343323930338,-178.31048583486015
181.3606803401701,0.00023636650443649478,6.114509815092856,0.00019673908194937047,8.214960406171102,0.8323475545674404,0.01703778997589199,-0.4901444602528116,-15.37173479171295,-0.4901444602528116,-31.090061855497247,-178.31780031198048
181.50075037518758,0.00023638523204401468,6.0874984024719545,0.00019610118409244318,8.195461660157038,0.829583059807769,0.0170376082398943,-0.48803119179993676,-15.371827441477992,-0.48803119179993676,-31.089785733686348,-178.32512617864865
181.6408204102051,0.0002364034607260986,6.06045152331089,0.00019546075884045808,8.177096514174025,0.8268100570106396,0.017037429590420212,-0.4859134819582679,-15.37191851868375,-0.4859134819582679,-31.089514919592823,-178.33246532560787
181.7808904452226,0.00023642119153688542,6.033362064920508,0.00019481757913355246,8.159885045447751,0.8240275665100768,0.017037254003991083,-0.4837907793757226,-15.372008035250566,-0.4837907793757226,-31.08924938138541,-178.33981966928042
181.9209604802401,0.00023643842483675172,6.006222827544063,0.00019417141492838444,8.143849441391394,0.8212345986590359,0.01703708146122065,-0.48166252390844577,-15.372096001013734,-0.48166252390844577,-31.088989094376007,-178.34719115409771
182.0610305152576,0.0002364551602812685,5.979026515451624,0.00019352203293426323,8.129014097053277,0.8184301526939172,0.01703691194686301,-0.47952814592868526,-15.372182423698913,-0.47952814592868526,-31.088734041111064,-178.35458175490135
182.20110055027516,0.00023647139680796412,5.9517657277945055,0.00019286919634424585,8.11540572161959,0.815613215584263,0.017036745449873585,-0.47738706560918476,-15.372267308890917,-0.47738706560918465,-31.088484211485582,-178.361993479419
182.34117058529264,0.00023648713262080498,5.924432949198297,0.00019221266456081234,8.103053454642783,0.8127827608659601,0.017036581963483427,-0.4752386921824307,-15.372350659995728,-0.4752386921824307,-31.088239602880545,-178.36942837082213
182.48124062031016,0.00023650236517229383,5.897020540072533,0.00019155219291575504,8.091988992736267,0.8099377474563849,0.017036421485287497,-0.4730824231730402,-15.372432478195364,-0.4730824231730402,-31.088000220324492,-178.37688851037086
182.62131065532765,0.00023651709114307296,5.869520726614291,0.0001908875323839321,8.082246727551581,0.8070771184500201,0.01703626401734754,-0.4709176436014898,-15.372512762395322,-0.4709176436014898,-31.08776607668082,-178.38437602015216
182.76138069034516,0.0002365313064189041,5.841925590481534,0.00019021842929054758,8.073863895938095,0.8041997998931482,0.0170361095663103,-0.46874372515726803,-15.372591509164204,-0.46874372515726803,-31.08753719286195,-178.39189306591828
182.90145072536268,0.00023654500606488314,5.814227058111618,0.0001895446250116522,8.066880743277308,0.8013046995363793,0.01703595814354189,-0.4665600253394771,-15.372668712665106,-0.4665600253394771,-31.08731359807149,-178.39944186003189
183.04152076038017,0.00023655818429673138,5.7864168896588195,0.00018886585566758085,8.061340701086051,0.7983907055638932,0.017035809765279193,-0.4643658865627755,-15.372744364578324,-0.4643658865627755,-31.087095330076345,-178.4070246645253
183.1815907953977,0.00023657083444898497,5.758486667523982,0.00018818185180908355,8.0572905800951,0.7954566852984737,0.01703566445279939,-0.46216063522648126,-15.372818454014814,-0.46216063522648126,-31.08688243551045,-178.4146437942811
183.32166083041523,0.00023658294893988847,5.730427784447885,0.00018749233809594129,8.054780780134722,0.7925014838815784,0.017035522232608645,-0.45994358074451913,-15.37289096741991,-0.45994358074451913,-31.08667497021198,-178.4223016203423
183.4617308654327,0.00023659451923277694,5.7022314311390225,0.00018679703296792043,8.053865518296451,0.7895239229279757,0.017035383136651337,-0.4577140145338114,-15.372961888466543,-0.4577140145338114,-31.086472999596513,-178.43000057335982
183.60180090045023,0.00023660553579370511,5.6738885834048665,0.00018609564830796734,8.054603076994109,0.7865227991547205,0.017035247202541095,-0.4554712089585703,-15.373031197937362,-0.4554712089585704,-31.086276599068242,-178.4377431471862
183.74187093546772,0.00023661598804506295,5.645389988754709,0.0001853878890976339,8.057056073716813,0.783496882984624,0.01703511447381524,-0.45321441622785924,-15.373098873594904,-0.45321441622785924,-31.086085854472024,-178.44553190262465
183.88194097048523,0.00023662586431488455,5.616726152440366,0.00018467345306479637,8.06129175445654,0.7804449171247245,0.01703498500021433,-0.45094286724363336,-15.373164890038993,-0.45094286724363336,-31.08590086258956,-178.45336947134234
184.02201100550275,0.00023663515178153335,5.587887322900221,0.00018395203032385945,8.067382313002929,0.7773656151208165,0.0170348588379887,-0.4486557703963949,-15.37322921855036,-0.44865577039639504,-31.085721731682234,-178.46125855995803
184.16208104052026,0.00023664383641340802,5.558863476569917,0.00018322330300873384,8.075405238533483,0.774257659889563,0.017034736050233954,-0.44635231030541256,-15.373291826919504,-0.4463523103054126,-31.08554858208516,-178.4692019543146
184.30215107553778,0.00023665190290328544,5.52964430202224,0.00018248694489905637,8.08544369418853,0.7711197022304733,0.017034616707257876,-0.44403164650038357,-15.373352679259533,-0.44403164650038357,-31.08538154685546,-178.47720252394637
184.44222111055527,0.00023665933459687027,5.500219183397011,0.00018174262104028206,8.09758692961294,0.767950359320775,0.01703450088698106,-0.44169291204127076,-15.373411735801842,-0.4416929120412708,-31.085220772479836,-178.48526322675286
184.58229114557278,0.00023666611341508528,5.470577183080221,0.0001809899873584936,8.111930730773514,0.7647482131971207,0.017034388675374188,-0.4393352120729086,-15.373468952673061,-0.43933521207290865,-31.085066419645948,-178.49338711389004
184.7223611805903,0.00023667221976958263,5.440707023590734,0.0001802286902710292,8.128577910726063,0.7615118092292147,0.0170342801669349,-0.4369576223108944,-15.373524281651886,-0.4369576223108944,-31.08491866408292,-178.5015773348915
184.86243121560778,0.00023667763247091044,5.4105970686312554,0.0001794583662943255,8.147638845415505,0.7582396545917045,0.017034175465207697,-0.4345591874551382,-15.373577669903893,-0.4345591874551382,-31.08477769747683,-178.50983714303075
185.0025012506253,0.00023668232862870633,5.380235303259171,0.00017867864165071936,8.16923205905099,0.7549302167422063,0.01703407468335048,-0.4321389195273667,-15.373629059692654,-0.4321389195273667,-31.084643728467775,-178.5181699009385
185.14257128564284,0.00023668628354322916,5.349609313132251,0.0001778891318763784,8.193484864112039,0.7515819219151673,0.0170339779447519,-0.42969579612880154,-15.373678388064906,-0.4296957961288015,-31.084516983735252,-178.52657908648615
185.28264132066033,0.00023668947058746946,5.318706262782912,0.00017708944143301022,8.220534061619523,0.7481931536433353,0.017033885383704005,-0.42722875861415355,-15.373725586507561,-0.42722875861415355,-31.08439770918021,-178.53506829895025
185.42271135567785,0.00023669186107900058,5.2875128728746965,0.00017627916332658367,8.250526707953284,0.744762251321126,0.01703379714613511,-0.4247367101780528,-15.373770580573984,-0.4247367101780528,-31.084286171211897,-178.5436412654693
185.56278139069533,0.00023669342414064598,5.256015396394569,0.00017545787873698174,8.283620955228129,0.7412875088271258,0.01703371339040846,-0.4222185138500471,-15.373813289476795,-0.4222185138500471,-31.084182658149526,-178.55230184780714
185.70285142571285,0.0002366941265489443,5.224199593734847,0.00017462515666330703,8.319986973059963,0.7377671732264025,0.017033634288192642,-0.4196729903943284,-15.373853625644037,-0.41967299039432837,-31.084087481748778,-178.56105404943582
185.84292146073037,0.0002366939325692864,5.192050706619882,0.00017378055359051133,8.359807960478436,0.7341994435773773,0.017033560025410583,-0.4170989161104555,-15.373891494235341,-0.4170989161104555,-31.084000978865348,-178.56990202294995
185.98299149574785,0.00023669280377648058,5.15955343083427,0.00017292361318414667,8.403281257782751,0.7305824698728316,0.017033490803274456,-0.41449502053151227,-15.37392679261429,-0.41449502053151227,-31.083923513268005,-178.57885007782505
186.1230615307654,0.00023669069885937154,5.126691887712325,0.00017205386602135256,8.450619569311646,0.7269143521502609,0.017033426839414705,-0.41185998401639146,-15.373959409772816,-0.41185998401639146,-31.083855477615664,-178.58790268853133
186.26313156578288,0.00023668757340799445,5.093449594352343,0.00017117082936775977,8.502052309421687,0.7231931398134747,0.017033368369112355,-0.4091924352332437,-15.373989225702973,-0.40919243523324367,-31.083797295614097,-178.5970645030125
186.4032016008004,0.00023668337968157924,5.059809432524733,0.0001702740070118311,8.557827085461668,0.7194168312152225,0.017033315646644537,-0.40649094853161927,-15.374016110711018,-0.4064909485316193,-31.083749424369863,-178.6063403515384
186.54327163581792,0.00023667806635554523,5.025753616250179,0.0001693628891703387,8.61821133321715,0.715583373559916,0.01703326894675453,-0.40375404120146435,-15.374039924668041,-0.40375404120146435,-31.083712356960824,-178.61573525593784
186.6833416708354,0.0002366715782454201,4.991263658033245,0.0001684369524812462,8.683494122200884,0.7116906631965034,0.01703322856625858,-0.4009801706179429,-15.374060516190912,-0.4009801706179429,-31.083686625244688,-178.62525443921504
186.82341170585292,0.00023666385600539482,4.956320333748917,0.0001674956601033084,8.753988150314163,0.7077365463845493,0.017033194825803274,-0.3981677312721233,-15.374077721746527,-0.39816773127212335,-31.083672802929563,-178.63490333555018
186.96348174087044,0.00023665483579897654,4.920903646194667,0.00016653846194530163,8.830031949826797,0.7037188206319419,0.01703316807178874,-0.395315051688889,-15.37409136467156,-0.39531505168888903,-31.08367150893273,-178.64468760067945
187.10355177588792,0.00023664444893892035,4.884992787339126,0.00016556479505204285,8.911992329359592,0.6996352367207918,0.017033148678474552,-0.3924203912350532,-15.374101254099173,-0.3924203912350532,-31.08368341105756,-178.65461312264515
187.24362181090547,0.00023663262149331083,4.848566099322743,0.00016457408417942302,9.000267079634332,0.6954835015597173,0.017033137050287236,-0.38948193682278104,-15.374107183782996,-0.389481936822781,-31.083709230020702,-178.66468603289903
187.38369184592295,0.00023661927385431382,4.811601034294429,0.00016356574259664296,9.09528797422903,0.6912612820262063,0.017033133624350324,-0.3864977995159072,-15.374108930807802,-0.3864977995159072,-31.083749743866427,-178.67491271773378
187.52376188094047,0.0002366043202657313,4.7740741132042235,0.00016253917316094558,9.19752410047925,0.6869662099931106,0.017033138873260172,-0.3834660110498822,-15.374106254174972,-0.3834660110498822,-31.083805792808388,-178.68529983000724
187.66383191595799,0.00023658766830505853,4.735960883716504,0.00016149376971856825,9.307485560047372,0.6825958887693866,0.017033153308133656,-0.38038452027993225,-15.374098893249554,-0.3803845202799323,-31.08387828454399,-178.69585430111098
187.80390195097547,0.00023656921831525436,4.697235877462003,0.00016042891889565017,9.425727583585406,0.6781479012280502,0.01703317748195648,-0.3772511895766737,-15.374086566054208,-0.37725118957667375,-31.083968200091636,-178.70658335311896
187.943971985993,0.00023654886278089664,4.657872566912816,0.00015934400235473876,9.55285510938846,0.673619819945324,0.017033211993264463,-0.37406379119412236,-15.37406896739365,-0.37406379119412236,-31.08407660020677,-178.71749451103386
188.08404202101048,0.00023652648564278557,4.6178433222454665,0.00015823839960673008,9.689527882009513,0.6690092197357966,0.01703325749019349,-0.37082000364201523,-15.374045766791394,-0.37082000364201523,-31.08420463243935,-178.72859561502432
188.22411205602802,0.0002365019615443879,4.5771193686540785,0.00015711149148494707,9.83646613351814,0.6643136930408062,0.01703331467493843,-0.36751740810270833,-15.37401660621832,-0.36751740810270833,-31.084353538902036,-178.73989483251864
188.36418209104554,0.00023647515500275338,4.5356707446950795,0.0001559626644082061,9.994456917435006,0.6595308687138408,0.017033384308665234,-0.3641534849431784,-15.373981097590585,-0.3641534849431784,-31.084524664827164,-178.75140066998716
188.50425212606302,0.00023644591949570292,4.49346626238837,0.00015479131558371835,10.164361173353718,0.6546584348499678,0.01703346721692634,-0.3607256103849497,-15.373938820011428,-0.3607256103849497,-31.084719467998735,-178.7631219842022
188.64432216108054,0.00023641409645614773,4.450473469974686,0.00015359685932932776,10.347121608798457,0.6496941664297853,0.01703356429563438,-0.35723105340972894,-15.373889316728825,-0.35723105340972894,-31.084939529156266,-178.77506799271669
188.78439219609805,0.00023637951416336495,4.406658618439871,0.00015237873472877876,10.54377149383931,0.6446359586959293,0.017033676517656346,-0.3536669729965299,-15.373832091777551,-0.3536669729965299,-31.085186563478015,-178.78724828324042
188.92446223111554,0.00023634198651989832,4.361986633173065,0.00015113641487454375,10.755444473163195,0.6394818673567303,0.017033804940096656,-0.35003041580789757,-15.373766606270795,-0.3500304158078975,-31.085462433263796,-178.79967282152006
189.06453226613306,0.00023630131170148405,4.31642109243464,0.00014986941800146668,10.983385509320495,0.6342301569226771,0.017033950712345786,-0.34631831446905237,-15.3736922743024,-0.3463183144690524,-31.08576916195097,-178.8123519572417
189.20460230115057,0.0002362572706659982,4.269924214684998,0.00014857732087268218,11.228963079154603,0.6288793587340176,0.01703411508497973,-0.34252748661556615,-15.373608458416491,-0.34252748661556615,-31.086108949612413,-178.82529642736606
189.3446723361681,0.00023620962550587258,4.222456857277315,0.00014725977484861516,11.493682752143878,0.6234283405396366,0.017034299419604503,-0.33865463492333037,-15.37351446459667,-0.33865463492333037,-31.086484190102265,-178.83851735618018
189.4847423711856,0.00023615811762675443,4.173978529566318,0.00014591652515256038,11.77920228327092,0.6178763898481779,0.017034505199750718,-0.33469634838078705,-15.373409536721468,-0.33469634838078705,-31.086897490032538,-178.85202625119118
189.6248124062031,0.00023610246573334688,4.124447424146013,0.00014454743394458122,12.08734835231345,0.612223313702418,0.017034734042934156,-0.3306491051188181,-15.373292850427323,-0.3306491051188181,-31.087351689784878,-178.86583499380285
189.7648824412206,0.00023604236360140593,4.07382047073225,0.00014315250793211161,12.420135073520122,0.6064695580402117,0.01703498771401014,-0.32650927718079065,-15.373163506314322,-0.3265092771807906,-31.08784988678178,-178.87995582348762
189.9049524762381,0.0002359774776127769,4.02205341817374,0.0001417319313834448,12.779784380912234,0.6006163504129717,0.01703526813996263,-0.32227313769581406,-15.373020522423303,-0.32227313769581406,-31.088395461265748,-178.89440131389406
190.0450225112556,0.00023590744402815064,3.9691009512472197,0.00014028610557247548,13.168748359855964,0.5946658705510592,0.01703557742628197,-0.31793687101540524,-15.372862825906425,-0.31793687101540524,-31.088992104858143,-178.9091843390015
190.18509254627315,0.00023583186596996475,3.914916850310146,0.00013881569587268964,13.589733538091297,0.5886214541098913,0.017035917875099303,-0.3134965864907181,-15.372689243806278,-0.3134965864907181,-31.08964385219516,-178.9243180270356
190.32516258129064,0.00023575031008561236,3.8594542035967905,0.00013732168793816486,14.045727059492673,0.582487835915451,0.0170362920052592,-0.3089483367080645,-15.37249849285172,-0.30894833670806454,-31.090355115963618,-178.9398156993818
190.46523261630816,0.00023566230285894656,3.802665684015551,0.00013580545466117494,14.540024528422153,0.5762714401652097,0.017036702574525345,-0.30428814116957614,-15.372289168172241,-0.30428814116957614,-31.091130725683996,-178.9556907911556
190.60530265132567,0.0002355673265361324,3.744503904807558,0.00013426883587987735,15.076259114126016,0.5699807263350785,0.0170371526041259,-0.299512016608889,-15.372059730826567,-0.29951201660888893,-31.09197597061093,-178.97195674939903
190.74537268634316,0.00023546481463037255,3.6849218714493115,0.00013271423312240157,15.658431220015272,0.5636266009880645,0.017037645405854302,-0.2946160153753427,-15.371808494037118,-0.29461601537534265,-31.092896647140122,-178.98862690403513
190.88544272136068,0.00023535414696919553,3.62387355082794,0.00013114472200697317,16.290937621676534,0.5572229072476812,0.01703818461194612,-0.2895962736118644,-15.371533608019455,-0.2895962736118644,-31.093899111123374,-179.00571430571608
191.02551275637816,0.00023523464424823177,3.5613145831142483,0.00012956418525475688,16.97859842159481,0.5507870053274723,0.017038774207951357,-0.28444907130058666,-15.371233043297112,-0.28444907130058666,-31.094990335494526,-179.0232315234978
191.1655827913957,0.0002351055620571937,3.4972031670453756,0.00012797746958291003,17.7266794104698,0.5443404590818536,0.01703941856880999,-0.2791709066659272,-15.37090457239829,-0.2791709066659272,-31.09617797359514,-179.04119039384264
191.30565282641322,0.000234966084347849,3.4315011556815214,0.00012639056998109928,18.540906408713386,0.5379098448693042,0.017040122498314037,-0.27375858791926466,-15.370545749844084,-0.27375858791926466,-31.097470428553176,-179.0596017107382
191.4457228614307,0.00023481531632103735,3.364175407306101,0.00012481084495843402,19.427466826155193,0.5315276997851102,0.017040891272094724,-0.26820934591437806,-15.37015389036116,-0.26820934591437806,-31.098876928997228,-179.07847484468917
191.58579289644823,0.00023465227672149895,3.295199445216511,0.00012324726616400278,20.39299196476323,0.5252336260529059,0.01704173068420248,-0.26252097197197305,-15.369726045288699,-0.26252097197197305,-31.10040761127591,-179.09781727593221
191.7258629314657,0.0002344758895471095,3.2245554909370395,0.00012171070516560051,21.44451145925446,0.5190755663649892,0.01704264709723877,-0.2566919859379396,-15.369258977205542,-0.2566919859379397,-31.102073608174386,-179.11763402439553
191.86593296648323,0.00023428497520525557,3.152236948122781,0.0001202142588852014,22.58936871385874,0.5131112602499689,0.01704364749584145,-0.2507218404754745,-15.368749132884645,-0.2507218404754745,-31.1038871438592,-179.13792695562015
192.00600300150074,0.00023407824118640904,3.0782514293537218,0.00011877361292802276,23.835083358851406,0.5074098828068218,0.017044739543099572,-0.24461116866479668,-15.368192614797945,-0.24461116866479668,-31.105861634405436,-179.15869393804343
192.14607303651826,0.00023385427237722158,3.002624435343009,0.00011740743842141882,25.189143900630963,0.5020538527174447,0.017045931639160263,-0.23836208319833482,-15.367585151555584,-0.23836208319833477,-31.108011792730863,-179.1799278226856
192.28614307153578,0.00023361152120748654,2.9254038159221367,0.0001161378125672652,26.65871143532623,0.49714077442317234,0.01704723298085881,-0.23197853680566688,-15.366922067884332,-0.23197853680566688,-31.110353736028745,-179.20161521139306
192.4262131065533,0.00023334829792325844,2.846665164473921,0.00011499064549419227,28.250214502065596,0.4927854478373328,0.01704865362061945,-0.22546675499466032,-15.366198255048628,-0.22546675499466037,-31.11290509279162,-179.22373497443974
192.56628314157078,0.0002330627614100217,2.7665183219363154,0.00011399608592435952,29.968817344881245,0.4891218366876249,0.01705020452209386,-0.2188357536982671,-15.365408143016193,-0.2188357536982671,-31.115685105172474,-179.24625647262923
192.7063531765883,0.00023275291116462327,2.6851151923221375,0.00011318886579880398,31.817751038990966,0.4863048338791642,0.017051897608972605,-0.2120979558731047,-15.364545676196293,-0.2120979558731047,-31.118714720639268,-179.26913743337008
192.84642321160578,0.00023241658124425901,2.6026590973928894,0.00011260853024342757,33.79751144221227,0.48451160257400583,0.017053745802058626,-0.205269922345077,-15.363604295264278,-0.205269922345077,-31.122016664526264,-179.29232142502872
192.9864932466233,0.00023205143731861848,2.5194159211140885,0.00011229948616788872,35.904951759043634,0.4839422132675515,0.017055763037957403,-0.19837321298754404,-15.362576928467925,-0.19837321298754407,-31.125615482031534,-179.31573487001123
193.12656328164084,0.00023165497833238204,2.435727310629894,0.00011231079389244666,38.13233110466725,0.4848192544832835,0.017057964260537285,-0.1914353942706783,-15.361455996928736,-0.1914353942706783,-31.129537534303445,-179.33928353574854
193.26663331665833,0.00023122454476509516,2.352026203233053,0.00011269562636793083,40.466420941600596,0.4873860881958712,0.017060365373568687,-0.18449120778414324,-15.36023343984243,-0.18449120778414324,-31.133810928342925,-179.36284844592652
193.40670335167584,0.00023075733606783496,2.2688549284668564,0.0001135103351104528,42.88781060836331,0.49190347333999623,0.017062983139600883,-0.17758391072962681,-15.358900767177575,-0.17758391072962681,-31.13846535438658,-179.38628116460143
193.54677338669333,0.00023025044056919434,2.1868860769766862,0.00011481309466625464,45.370577669951764,0.4986444081602149,0.01706583500616047,-0.1707667925352533,-15.357449149477203,-0.17076679253525331,-31.143531797152,-179.40939842703023
193.68684342171085,0.0002297008819729452,2.1069462132136407,0.00011666214755125758,47.88248161153273,0.5078872425269937,0.017068938835814833,-0.1641048602454859,-15.355869556653056,-0.1641048602454859,-31.149042078873936,-179.4319761281905
193.82691345672836,0.00022910568748980893,2.0300423106872634,0.00011911373142716837,50.385787010351514,0.5199073525071994,0.01707231251173623,-0.15767666739422678,-15.354152960121503,-0.15767666739422678,-31.155028182722763,-179.4537427396422
193.96698349174585,0.00022846198359173378,1.9573904711888765,0.0001222198247168987,52.838724012049106,0.534967887415825,0.017075973385551037,-0.15157623452962507,-15.352290615045002,-0.15157623452962507,-31.161521295654513,-179.47437231568966
194.10705352676337,0.00022776712622524757,1.8904460102750391,0.00012602587739918706,55.19746862683555,0.5533102141990205,0.017079937530227622,-0.1459149720726863,-15.350274441422261,-0.1459149720726863,-31.168550501272108,-179.4934773799962
194.2471235617809,0.0002270188728599255,1.8309333017514156,0.00013056868608593051,57.41840965748003,0.5751446319905464,0.01708421875878874,-0.14082346554522024,-15.348097523679755,-0.14082346554522024,-31.17614104804553,-179.51060216323216
194.3871935967984,0.0002262156036485109,1.7808728266086737,0.00013587452482563526,59.46040362033156,0.6006417003698572,0.01708882737160168,-0.13645291799651776,-15.345754747307554,-0.13645291799651774,-31.18431211959093,-179.5252168982283
194.5272636318159,0.00022535659775707104,1.742601634833048,0.00014195756942040797,61.286728889506676,0.6299241772075154,0.017093768603515573,-0.13297596523786165,-15.343243586633266,-0.13297596523786162,-31.193074046460083,-179.53671417258857
194.6673336668334,0.00022444236794419954,1.718781909978413,0.00014881857894897865,62.866531507906984,0.6630592089724239,0.017099040760528133,-0.1305864904520282,-15.340565048356947,-0.1305864904520282,-31.202424929396678,-179.54440867859736
194.80740370185092,0.00022347505095057375,1.7123906137930682,0.00015644375047337618,64.17567671637207,0.7000501837136935,0.0171046330677938,-0.12949797598463644,-15.33772475907059,-0.12949797598463644,-31.212346699837962,-179.54754205424985
194.94747373686843,0.000222458842402329,1.726681501872576,0.0001648036592807815,65.19704044963991,0.7408276402999755,0.01711052330020953,-0.12993986019988144,-15.334734159895158,-0.12993986019988146,-31.222800732153058,-179.5452948134266
195.08754377188592,0.00022140045214746166,1.7651095562250467,0.00017385224089459247,65.92036035013152,0.7852388701482861,0.01711667533549972,-0.13215134521695765,-15.331611736659536,-0.13215134521695765,-31.23372324887068,-179.53680751232434
195.22761380690346,0.0002203095392780176,1.831207735840917,0.00018352585273341196,66.34180212673002,0.8330363421159589,0.01712303685586728,-0.13637216659212525,-15.328384170716834,-0.13637216659212525,-31.245020923605573,-179.52121314317628
195.36768384192095,0.0002191990668059088,1.9284078006730863,0.00019374255437202474,66.46338896030184,0.8838657809778694,0.01712953751953458,-0.1428300340834698,-15.325087247849252,-0.1428300340834698,-31.25656727309113,-179.49768210227828
195.50775387693847,0.000218085497198541,2.0598018341746367,0.00020440184332388688,66.2924045296568,0.9372555532099561,0.017136088010269005,-0.1517248237887816,-15.321766319694142,-0.1517248237887816,-31.26820060817941,-179.46547977075645
195.64782391195598,0.00021698873720610838,2.2278497964062525,0.00021538515391050203,65.84083148383833,0.9926098316610638,0.01714258042331588,-0.1632101615307513,-15.318476087811703,-0.1632101615307513,-31.279724430884805,-179.42403467721078
195.78789394697347,0.00021593174115456927,2.4340510749548145,0.00022655744592217346,65.12484069902285,1.0492086282025488,0.017148890424418164,-0.17737374995644134,-15.315279492713628,-0.17737374995644134,-31.29091114957541,-179.37301247135028
195.92796398199098,0.000214939704192692,2.6786132501879174,0.00023777015636133075,64.16431116613124,1.1062179379765564,0.01715488149013533,-0.19421854758780963,-15.312245556020482,-0.19421854758780965,-31.30150976387653,-179.31238791102822
196.0680340170085,0.00021403882630938992,2.960165907102556,0.00024886564982962774,62.982340118622965,1.1627126448072378,0.0171604112838169,-0.21364751676019536,-15.309446152362685,-0.21364751676019536,-31.31125769848468,-179.24250447824144
196.20810405202602,0.00021325470285765247,3.2755762356620113,0.00025968308701288407,61.604699033929705,1.2177132955713645,0.01716533985755211,-0.2354548778715076,-15.30695187058253,-0.2354548778715076,-31.31989625968361,-179.16411007091912
196.34817408704353,0.00021261048595507795,3.6199207013845434,0.0002700653669027633,60.059201960029704,1.2702354057919085,0.01716953895771173,-0.2593264215520055,-15.304827330056643,-0.2593264215520055,-31.327188363495836,-179.07835841343467
196.48824412206102,0.00021212504095357695,3.986649398447671,0.00027986654234505464,58.374974558740846,1.3193470279932804,0.01717290135416777,-0.28485034710027224,-15.303126495499486,-0.28485034710027224,-31.332936446359128,-178.98676987020113
196.62831415707853,0.00021181136550503957,4.36794757982996,0.00028895892924574206,56.58163967839589,1.3642276870117573,0.017175348929906825,-0.311538440238884,-15.301888623257945,-0.311538440238884,-31.33699806532059,-178.8911518364981
196.76838419209605,0.00021167552349873883,4.755259139692032,0.0002972390880101193,54.70846132647252,1.4042203987363246,0.017176838347238956,-0.33885553467745755,-15.301135430194833,-0.33885553467745755,-31.339296819073326,-178.7934864171031
196.90845422711354,0.00021171626732806678,5.139901041583794,0.0003046319792741394,52.783507042507225,1.438869025600637,0.017177363463201756,-0.36625361955660257,-15.300869896486578,-0.36625361955660257,-31.33982691685393,-178.69579962439073
197.04852426213105,0.0002119253972458218,5.51367768065968,0.0003110928642156003,50.83289439967168,1.467935737096907,0.01717695422151637,-0.3932061184127286,-15.301076835721833,-0.39320611841272857,-31.33865083637002,-178.60002986663187
197.1885942971486,0.00021228877126735308,5.869406709247601,0.000316606867660059,48.88017966757632,1.4913971463018616,0.017175672353563824,-0.4192380095016862,-15.30172506351002,-0.4192380095016862,-31.335890739437584,-178.50791300293284
197.32866433216608,0.00021278777190475448,6.201291439846942,0.0003211864628591129,46.945928184798625,1.5094216175301585,0.01717360471491924,-0.44394849847056694,-15.302770749628184,-0.44394849847056694,-31.331715316001223,-178.42089701778244
197.4687343671836,0.00021340098344043985,6.505110736776189,0.0003248673923634165,45.04748191489063,1.5223331548239416,0.017170855352951424,-0.46702453870650507,-15.304161405042843,-0.46702453870650507,-31.32632426311585,-178.34009289230912
197.6088044022011,0.0002141058408896886,6.778233553969545,0.00032770366573633004,43.19891586633378,1.530568546727173,0.01716753741338389,-0.4882451557698819,-15.30583994935882,-0.4882451557698819,-31.319932610677924,-178.26626149150368
197.7488744372186,0.00021488006530122843,7.019492347029855,0.00032976226979116596,41.411156267431025,1.534634072867069,0.017163765797039095,-0.5074778694110509,-15.307748402600973,-0.5074778694110509,-31.312756683936655,-178.1998309295121
197.88894447223612,0.00021570277561401379,7.2289630315169795,0.000331118121770239,39.69222210681554,1.535066578664493,0.017159651165503383,-0.5246693002058619,-15.309830901300359,-0.5246693002058619,-31.305002843140883,-178.14093581226865
198.0290145072536,0.00021655524166330002,7.407699766562194,0.00033184963714896906,38.04754807315485,1.5324017770252298,0.017155295563830754,-0.5398322783681506,-15.312035904032095,-0.5398322783681506,-31.296859467732254,-178.08946902250398
198.16908454227115,0.00021742130063457743,7.55746465093619,0.00033203511631479704,36.480349569320246,1.5271508143208674,0.017150789651585507,-0.5530315641401996,-15.31431759000472,-0.5530315641401996,-31.28849210265094,-178.04513774124536
198.30915457728864,0.00021828749440349192,7.680480264676834,0.000331750010084777,34.99199708018397,1.5197847727893936,0.01714621134548936,-0.5643698262947321,-15.316636548546885,-0.5643698262947321,-31.280041324012707,-178.00751739974987
198.44922461230615,0.00021914299936900858,7.779220778502835,0.0003310650187026393,33.58237550067022,1.5107259627544316,0.017141625580311477,-0.5739749804926848,-15.318959905984954,-0.5739749804926848,-31.271622709501223,-177.97609950833646
198.58929464732367,0.0002199794191367963,7.856247385738074,0.0003300449149576523,32.25021233904941,1.5003445151949,0.017137084871971908,-0.5819894855135619,-15.321261048077302,-0.5819894855135619,-31.26332827430831,-177.95033132433255
198.72936468234116,0.00022079050013879315,7.914086910173857,0.00032874795331066674,30.99336591349182,1.4889587781358775,0.017132630393175464,-0.5885617978275569,-15.323519083263141,-0.588561797827557,-31.255228802482367,-177.92964686034645
198.86943471735867,0.0002215718163479246,7.955148443698561,0.0003272257237483762,29.809070267366543,1.4768382059681628,0.01712829332367384,-0.5938399116827366,-15.325718166250866,-0.5938399116827366,-31.247376617416485,-177.91348974967892
199.0095047523762,0.0002223204552980914,7.981671129880664,0.0003255233217717693,28.69413748262063,1.4642076966570692,0.017124096296612032,-0.5979667513140445,-15.327846771843248,-0.5979667513140445,-31.239808458543262,-177.90132904586173
199.14957478739368,0.00022303472562809816,7.995695989710721,0.00032367972647318635,27.645120566874986,1.4512526045514091,0.01712005481812301,-0.6010771089211927,-15.329896981011839,-0.6010771089211927,-31.232548242970424,-177.89266925287012
199.28964482241122,0.0002237138970785074,7.9990553369384845,0.00032172830143111197,26.658441434540723,1.4381238967832588,0.017116178583777678,-0.603295809124121,-15.331863817928928,-0.6032958091241208,-31.225609581149733,-177.88705587862373
199.4297148574287,0.00022435797726410602,7.993374377708755,0.0003196973547011972,25.73048901496009,1.424943113677929,0.017112472650984128,-0.604736803717949,-15.333744658816038,-0.604736803717949,-31.218997982742316,-177.88407767401895
199.56978489244622,0.00022496752522318815,7.980080726609644,0.0003176107127500321,24.85769248247337,1.4118069371787485,0.01710893845158081,-0.6055029416419555,-15.335538720784614,-0.6055029416419555,-31.21271273489193,-177.88336653307735
199.70985492746374,0.00022554349918485524,7.960418627470784,0.00031548827815999005,24.036574236383682,1.398791272194532,0.017105574645391152,-0.6056862059822806,-15.337246630485879,-0.6056862059822806,-31.20674846419872,-177.88459583198622
199.84992496248123,0.0002260871346925937,7.935465564126012,0.0003133465524119223,23.263786724345103,1.3859548126786319,0.017102377825408074,-0.6053682552381452,-15.338870067356014,-0.6053682552381452,-31.201096410136806,-177.88747780138957
199.98999499749874,0.00022659984875559377,7.9061496631702015,0.0003111991134594897,22.53613660959959,1.3733421057802342,0.017099343090430746,-0.6046211462201859,-15.340411473604414,-0.6046211462201859,-31.195745445326413,-177.89176036918826
200.13006503251623,0.00022708316574806894,7.8732668380036195,0.0003090570437045818,21.850599198571828,1.3609861509833647,0.01709646450293176,-0.6035081493632614,-15.3418738220704,-0.6035081493632612,-31.190682880030394,-177.89722378370323
200.27013506753377,0.0002275386611134415,7.837497025716268,0.0003069293079280842,21.204325508731404,1.3489105826067147,0.01709373544987787,-0.6020845938525465,-15.343260433071528,-0.6020845938525465,-31.18589508676918,-177.903677227938
200.4102051025513,0.00022796791940230058,7.799419154030577,0.00030482308322101994,20.594643885340577,1.3371314877120546,0.017091148923014093,-0.6003987004316347,-15.344574831955102,-0.6003987004316347,-31.181367977626596,-177.9109555611653
200.55027513756878,0.00022837250368469225,7.759524671508064,0.0003027440444069781,20.019057674831945,1.325658910430691,0.01708869773332812,-0.5984923750358284,-15.34582063995095,-0.5984923750358284,-31.1770873626976,-177.91891626973472
200.6903451725863,0.00022875393387257082,7.718229603603458,0.0003006966091682407,19.475240129747192,1.3144980900557806,0.01708637467241698,-0.596401947476466,-15.347001491917442,-0.596401947476466,-31.173039213856075,-177.92743667055288
200.8304152076038,0.00022911367193783594,7.675885178501464,0.0002986841473260806,18.96102744896992,1.3036504753287739,0.017084172631504402,-0.5941588472190836,-15.348120975559388,-0.5941588472190836,-31.16920985396942,-177.93641138433043
200.9704852426213,0.00022945311240289134,7.632787114337522,0.0002967091586560263,18.474410639373232,1.2931145520268281,0.017082084687032643,-0.5917902136417496,-15.349182587611622,-0.5917902136417494,-31.16558608804518,-177.9457500782903
201.1105552776388,0.0002297735768118805,7.589183684095349,0.0002947734233656015,18.013526712592892,1.2828865157412659,0.017080104160134748,-0.5893194416753703,-15.350189703294781,-0.5893194416753704,-31.162155289638243,-177.95537546710457
201.25062531265633,0.00023007631116504215,7.54528268397972,0.0002928781290104412,17.576649595573166,1.2729608169019584,0.01707822465590082,-0.5867666659222717,-15.351145556050605,-0.5867666659222717,-31.15890545317653,-177.96522155446849
201.39069534767384,0.00023036248552215085,7.501257430912017,0.00029102397723130646,17.162181028755587,1.2633306007775411,0.017076440087179238,-0.5841491876105075,-15.352053225155123,-0.5841491876105075,-31.15582522065029,-177.97523209450438
201.53076538269136,0.00023063319516078353,7.45725190883631,0.0002892112732957809,16.768641645322475,1.2539880614070333,0.017074744686681423,-0.5814818493592029,-15.352915629298689,-0.5814818493592029,-31.15290388929872,-177.9853592510735
201.67083541770884,0.00023088946281830846,7.413385174359186,0.0002874400010461108,16.394662363664036,1.2449247251803046,0.017073133010363506,-0.578777362917045,-15.353735524623618,-0.578777362917045,-31.150131405465448,-177.99556243330875
201.81090545272636,0.00023113224165945026,7.369755121606436,0.0002857098855011442,16.0389761791194,1.2361316770427404,0.017071599934414032,-0.5760465949447917,-15.354515506035938,-0.5760465949447917,-31.147498348623305,-178.00580728674478
201.95097548774385,0.00023136241869978002,7.32644169516671,0.0002840204450413463,15.700410406675994,1.2275997399988123,0.017070140647659295,-0.5732988156514306,-15.355258010869814,-0.5732988156514305,-31.144995908638855,-178.01606482094567
202.09104552276136,0.00023158081848431787,7.283509629285927,0.00028237103482319295,15.377879401045005,1.2193196166733233,0.017068750640785228,-0.5705419147372118,-15.355965324192258,-0.5705419147372118,-31.142615858613212,-178.02631065627364
202.2311155577789,0.00023178820687367157,7.24101078146169,0.0002807608828219422,15.070377762228224,1.2112820001017635,0.017067425693447873,-0.5677825886959589,-15.35663958520155,-0.5677825886959589,-31.140350525061166,-178.03652437424233
202.3711855927964,0.0002319852948310251,7.198986119463116,0.00027918911968766326,14.776974021717146,1.2034776596120922,0.01706616186008643,-0.5650265031172756,-15.357282794303796,-0.5650265031172756,-31.13819275674168,-178.0466889576583
202.5112556278139,0.0002321727421345244,7.157467412638683,0.0002776548034153449,14.496804795497976,1.195897506583557,0.017064955455050834,-0.5622784332276317,-15.35789682055471,-0.5622784332276317,-31.13613589310568,-178.05679030840975
202.65132566283143,0.0002323511609632819,7.116478671170542,0.0002761569396727058,14.22906938409391,1.188532643985138,0.01706380303749808,-0.5595423855305386,-15.358483409233939,-0.5595423855305386,-31.13417373305812,-178.06681683228615
202.7913956978489,0.00023252111932305363,7.076037370638633,0.00027469449849564415,13.973024796170645,1.1813744028730433,0.0170627013963891,-0.5568217030569865,-15.359044189381532,-0.5568217030569864,-31.132300504527564,-178.07675908158757
202.93146573286643,0.00023268314429092274,7.036155493798742,0.00027326642794798535,13.727981170174433,1.1744143684353925,0.01706164753582321,-0.5541191564209222,-15.359580681174547,-0.5541191564209224,-31.13051083517769,-178.0866094475104
203.07153576788392,0.00023283772506814827,6.996840416772522,0.0002718716652465385,13.493297567614519,1.1676443976892728,0.017060638660875083,-0.5514370225913585,-15.3600943030585,-0.5514370225913585,-31.128799724479236,-178.09636189537972
203.21160580290146,0.00023298531583746624,6.958095662806691,0.0002705091457717405,13.26837811158586,1.1610566305408336,0.01705967216404316,-0.5487771530414435,-15.360586378576976,-0.5487771530414435,-31.12716251727042,-178.10601173674925
203.35167583791898,0.0002331263384262482,6.919921543304293,0.00026917781031636224,13.052668444721064,1.1546434955976426,0.01705874561237733,-0.5461410327137329,-15.361058142863818,-0.5461410327137328,-31.1255948788692,-178.11555543321825
203.49174587293646,0.00023326118478047932,6.882315702881061,0.00026787661086761903,12.845652481734398,1.1483977118598454,0.01705785673532162,-0.5435298310471245,-15.361510748778716,-0.5435298310471245,-31.12409277175237,-178.12499042753288
203.63181590795398,0.00023339021925693155,6.845273582689784,0.00026660451517015744,12.64684943296244,1.1423122872028384,0.017057003413285057,-0.5409444461421055,-15.36194527267854,-0.5409444461421055,-31.122652433782033,-178.1343149981625
203.77188594297147,0.00023351378074243498,6.808788814120435,0.00026536051027717383,12.45581107669144,1.1363805143897083,0.017056183666936377,-0.5383855429942295,-15.36236271982591,-0.5383855429942295,-31.12127035793577,-178.14352813407658
203.91195597798898,0.0002336321846100498,6.772853553169475,0.0002641436052631886,12.272119259516181,1.1305959652094368,0.01705539564720675,-0.5358535865985521,-15.362764029442346,-0.5358535865985521,-31.11994327348077,-178.1526294269101
204.0520260130065,0.00023374572452235934,6.7374587642319845,0.0002629528332437259,12.0953836054504,1.1249524832210256,0.01705463762597575,-0.5333488706177804,-15.363150079417974,-0.5333488706177805,-31.118668128521314,-178.16161897810224
204.192096048024,0.0002338546740921887,6.702594460763259,0.0002617872528234472,11.925239415959643,1.1194441754892916,0.017053907987410813,-0.5308715422119135,-15.363521690692373,-0.5308715422119136,-31.117442073843343,-178.17049731893306
204.33216608304153,0.0002339592884108884,6.668249909147163,0.0002606459490743995,11.761345744489274,1.1140654036211761,0.017053205219926468,-0.5284216235451961,-15.363879631323345,-0.5284216235451961,-31.116262447977093,-178.1792653416766
204.47223611805904,0.0002340598054540077,6.634413801167516,0.0002595280341293868,11.603383630397838,1.1088107743487958,0.01705252790872831,-0.5259990304155976,-15.364224620260917,-0.5259990304155976,-31.115126763398013,-178.18792424033762
204.61230615307653,0.00023415644737373573,6.601074399679491,0.0002584326474614948,11.451054478465734,1.1036751298545795,0.017051874728905635,-0.5236035883911568,-15.364557330844619,-0.5236035883911568,-31.114032693787756,-178.19647545965603
204.75237618809405,0.00023424942168699705,6.568219661399882,0.0002573589559090907,11.30407857132998,1.0986535379923905,0.017051244439037036,-0.5212350467851491,-15.364878394041934,-0.5212350467851491,-31.112978062279616,-178.2049206512457
204.89244622311153,0.000234338922367544,6.535837340158424,0.0002563061534957908,11.162193703290153,1.0937412825249437,0.017050635875274136,-0.5188930907568698,-15.365188401445288,-0.5188930907568697,-31.111960830615292,-178.2132616358934
205.03251625812905,0.0002344251308498396,6.503915073462719,0.00025527346108665717,11.025153924945428,1.0889338534705646,0.017050047945869756,-0.5165773517859746,-15.365487908044548,-0.5165773517859746,-31.11097908914485,-178.2215003711783
205.1725862931466,0.00023450821695196832,6.472440454812672,0.00025426012591496473,10.892728389056197,1.0842269376302578,0.01704947962611829,-0.5142874167348233,-15.36577743479124,-0.5142874167348234,-31.110031047604178,-178.22963892368927
205.31265632816408,0.00023458833972428357,6.4414010938455295,0.00025326542100809115,10.764700288878599,1.0796164093482188,0.01704892995367796,-0.5120228356843963,-15.36605747096964,-0.5120228356843963,-31.10911502660992,-178.2376794452164
205.4527263631816,0.00023466564822997507,6.41078466609097,0.00025228864453621203,10.640865881005983,1.0750983215445586,0.01704839802424617,-0.5097831287045056,-15.366328476389368,-0.5097831287045056,-31.108229449814683,-178.24562415237966
205.59279639819908,0.0002347402822632533,6.380578953858412,0.00025132911910342125,10.52103358546875,1.0706688970475213,0.01704788298756109,-0.5075677916975527,-15.366590883412876,-0.5075677916975527,-31.107372836670187,-178.25347530922988
205.7328664332166,0.00023481237301038404,6.350771879558713,0.0002503861909974474,10.405023156492947,1.0663245202431246,0.017047384043704414,-0.5053763014365473,-15.366845098830574,-0.5053763014365472,-31.106543795749474,-178.26123521242198
205.87293646823412,0.00023488204365837277,6.321351532576007,0.00024945922941130516,10.292664917918415,1.062061729052964,0.01704690043968193,-0.5032081199021659,-15.367091505595328,-0.5032081199021659,-31.10574101858335,-178.26890617861352
206.0130065032516,0.0002349494099556957,6.292306190644638,0.00024854762564778846,10.183799057813758,1.0578772072449851,0.01704643146626028,-0.5010626980097577,-15.367330464427225,-0.5010626980097577,-31.10496327396922,-178.2764905337896
206.15307653826912,0.00023501458072910185,6.2636243365497455,0.00024765079231570857,10.078274977319053,1.0537677770775096,0.017045976455039847,-0.4989394788052938,-15.36756231529878,-0.4989394788052937,-31.10420940271432,-178.28399060425443
206.29314657328666,0.0002350776583601647,6.2352946708533885,0.00024676816252510543,9.975950689195011,1.049730392273304,0.017045534775745236,-0.4968379001989378,-15.367787378809908,-0.4968379001989378,-31.103478312778307,-178.29140870906588
206.43321660830415,0.00023513873922494764,6.20730612124734,0.0002458991890872321,9.876692261960395,1.0457621313176744,0.017045105833716365,-0.49475739729592466,-15.36800595746126,-0.4947573972959248,-31.102768974782556,-178.29874715371798
206.57328664332167,0.0002351979140998519,6.179647849048345,0.00024504334372394234,9.780373305869496,1.041860191072573,0.017044689067584277,-0.4926974043767193,-15.36821833683396,-0.4926974043767193,-31.10208041785702,-178.30600822490345
206.71335667833915,0.00023525526853645522,6.152309253278176,0.00024420011629013835,9.686874497315602,1.0380218806972097,0.017044283947117315,-0.4906573565717057,-15.368424786682995,-0.4906573565717057,-31.101411725797004,-178.31319418621052
206.85342671335667,0.00023531088320789814,6.125279972707419,0.00024336901401209615,9.596083138548591,1.034244615864531,0.017043889971224208,-0.4886366912698031,-15.368625561951035,-0.4886366912698031,-31.10076203350541,-178.3203072746266
206.99349674837418,0.00023536483422916056,6.0985498861879845,0.00024254956074382127,9.507892749870845,1.0305259132622395,0.017043506666101944,-0.48663484929535716,-15.368820903708883,-0.48663484929535705,-31.10013052369731,-178.32734969773975
207.13356678339167,0.0002354171934533585,6.07210911155298,0.00024174129624301576,9.422202691725797,1.026863385366584,0.01704313358351702,-0.484651275883261,-15.36901104002827,-0.484651275883261,-31.099516423846065,-178.33432363154253
207.27363681840922,0.0002354680287460132,6.04594800332235,0.00024094377546776682,9.338917814319311,1.0232547354768915,0.01704277029920977,-0.4826854214784135,-15.36919618679222,-0.4826854214784135,-31.098919003351963,-178.34123121875467
207.4137068534267,0.00023551740423907136,6.02005714941858,0.00024015656789469215,9.25794813262157,1.0196977529988043,0.017042416411412374,-0.4807367423823114,-15.369376548447777,-0.4807367423823115,-31.098337570915426,-178.34807456759407
207.55377688844422,0.00023556538056630126,5.9944273670670585,0.00023937925685894146,9.179208524782847,1.0161903089642104,0.017042071539471567,-0.47880470126665764,-15.369552318705587,-0.47880470126665764,-31.097771472099318,-178.35485575093244
207.69384692346173,0.0002356120150815521,5.96904969803048,0.0002386114389162211,9.102618452168713,1.0127303517761217,0.01704173532256833,-0.4768887675713591,-15.369723681190292,-0.47688876757135906,-31.097220087065093,-178.36157680578245
207.83391695847922,0.000235657362061231,5.943915403304425,0.00023785272322676508,9.028101699372892,1.0093159031669194,0.0170414074185269,-0.4749884178020501,-15.369890810045598,-0.47498841780205,-31.096682828469536,-178.36823973306852
207.97398699349674,0.00023570147289224126,5.91901595738282,0.0002371027309610382,8.95558613270885,1.0059450543588142,0.017041087502706557,-0.4731031357403912,-15.370053870497333,-0.47310313574039115,-31.096159139509844,-178.37484649764122
208.11405702851425,0.00023574439624651466,5.894343042185504,0.00023636109472679865,8.885003475808599,1.0026159624156628,0.01704077526696987,-0.47123241257869336,-15.370213019377681,-0.47123241257869347,-31.095648492105255,-178.3813990284994
208.25412706353177,0.00023578617824317687,5.869888540726088,0.0002356274580170466,8.816289101073844,0.9993268467756978,0.017040470418721695,-0.4693757469889401,-15.370368405613528,-0.4693757469889402,-31.09515038520559,-178.38789921918942
208.39419709854928,0.000235826862599296,5.845644530586419,0.00023490147467830408,8.749381835832095,0.9960759859551527,0.017040172680013673,-0.46753264513501835,-15.37052017068154,-0.4675326451350183,-31.09466434321623,-178.39434892835504
208.53426713356677,0.00023586649077008272,5.821603277253559,0.00023418280839860754,8.684223782147415,0.9928617144131915,0.017039881786709468,-0.4657026206358372,-15.370668449032404,-0.4657026206358372,-31.094189914531807,-178.4007499804149
208.6743371685843,0.0002359051020793414,5.797757227365884,0.00023347113221453434,8.620760149323512,0.9896824195689143,0.01703959748770626,-0.4638851944860066,-15.370813368486498,-0.4638851944860066,-31.093726670169538,-178.40710416634744
208.8144072036018,0.0002359427338408992,5.774099001907805,0.00023276612803657218,8.558939098219808,0.986536538961742,0.01703931954420834,-0.4620798949399353,-15.370955050603119,-0.4620798949399352,-31.09327420249576,-178.41341324456656
208.9544772386193,0.00023597942147168395,5.750621389385357,0.00023206748619209437,8.49871159657392,0.983422557546786,0.01703904772904924,-0.46028625736439555,-15.371093611025042,-0.46028625736439555,-31.092832124038278,-178.41967894187258
209.0945472736368,0.00023601519859706423,5.727317339009455,0.0002313749049852036,8.440031284592953,0.9803390051172817,0.017038781826058773,-0.4585038240639801,-15.37122915980029,-0.4585038240639801,-31.092400066378595,-178.42590295446638
209.23461730865435,0.00023605009714901403,5.704179953908785,0.00023068809027269917,8.382854350138782,0.9772844538465497,0.01703852162947189,-0.456732144083279,-15.371361801682642,-0.4567321440832789,-31.091977679118145,-178.43208694901512
209.37468734367184,0.00023608414745761888,5.68120248438973,0.00023000675505541554,8.327139412888867,0.9742575159423005,0.017038266943376453,-0.4549707729890883,-15.37149163641238,-0.45497077298908817,-31.091564628913524,-178.4382325637609
209.51475737868935,0.0002361173783363974,5.658378321257214,0.00022933061908418626,8.272847416907947,0.9712568414064718,0.017038017581197124,-0.4532192726355194,-15.371618758978691,-0.4532192726355194,-31.091160598575527,-178.44434140966368
209.65482741370684,0.00023614981716187303,5.635700989207393,0.00022865940847970317,8.219941531114468,0.9682811158941722,0.017037773365213008,-0.45147721091448784,-15.371743259864923,-0.45147721091448795,-31.09076528622802,-178.4504150715722
209.79489744872436,0.00023618148994779774,5.613164140299986,0.00022799285536554055,8.168387057169749,0.965329058665575,0.017037534126106726,-0.44974416149369656,-15.371865225277844,-0.44974416149369656,-31.090378404521953,-178.45645510941694
209.93496748374187,0.00023621242141439244,5.590761547516009,0.00022733069751363014,8.11815134436028,0.9623994206249599,0.017037299702542762,-0.44801970354393367,-15.371984737362066,-0.44801970354393367,-31.08999967990136,-178.46246305942051
210.07503751875936,0.0002362426350529431,5.568487098404596,0.00022667267800149436,8.069203711081585,0.9594909824414036,0.017037069940773246,-0.446303421457232,-15.372101874400489,-0.44630342145723206,-31.08962885191763,-178.46844043532133
210.2151075537769,0.0002362721531860635,5.546334788820809,0.00022601854488055287,8.021515372567602,0.9566025527458755,0.017036844694269297,-0.44459490455719836,-15.372216711001778,-0.4445949045571983,-31.089265672588596,-178.4743887296074
210.3551775887944,0.00023630099702390728,5.524298716754831,0.0002253680508548364,7.975059374543253,0.9537329663997788,0.017036623823376347,-0.44289374680260374,-15.372329318275643,-0.44289374680260374,-31.088909905800016,-178.48030941475778
210.4952476238119,0.00023632918671659303,5.502373076251735,0.00022472095296946132,7.929810532508229,0.9508810828302289,0.01703640719499182,-0.4411995464851448,-15.372439763996745,-0.4411995464851448,-31.088561326746508,-178.4862039444893
210.63531765882942,0.00023635674140308293,5.480552151419939,0.00022407701230823583,7.885745376389931,0.9480457844275944,0.017036194682263993,-0.4395119059221303,-15.372548112757855,-0.43951190592213035,-31.088219721409146,-178.4920737550073
210.7753876938469,0.00023638367925673493,5.458830310525253,0.0002234359936997806,7.842842100329676,0.9452259750010409,0.01703598616431046,-0.43783043114466735,-15.37265442611303,-0.43783043114466735,-31.08788488606823,-178.4979202662592
210.91545772886442,0.00023641001752773146,5.437202000166982,0.00022279766543156882,7.801080517393088,0.9424205782880335,0.01703578152595527,-0.43615473158183143,-15.3727587627113,-0.4361547315818314,-31.08755662684817,-178.50374488318965
211.05552776388194,0.00023643577258257252,5.415661739531573,0.00022216179897130864,7.760442019019425,0.9396285365139538,0.01703558065748352,-0.4344844197411611,-15.372861178421477,-0.4344844197411611,-31.087234759293338,-178.5095489969977
211.19559779889946,0.00023646095994080054,5.394204114718707,0.0002215281686950988,7.720909539047556,0.9368488089981524,0.017035383454412405,-0.4328191108857191,-15.372961726448613,-0.43281911088571917,-31.086919107972705,-178.51533398639506
211.33566783391697,0.00023648559430911628,5.372823773134274,0.00022089655162181135,7.682467522179049,0.9340803708029332,0.01703518981727784,-0.4311584227078703,-15.373060457442499,-0.43115842270787025,-31.086609506111703,-178.52110121886616
211.47573786893446,0.00023650968961302763,5.351515417944275,0.0002202667271531728,7.645101896759985,0.9313222114221568,0.01703499965143588,-0.42950197499985227,-15.37315741959868,-0.42950197499985227,-31.086305795249913,-178.52685205192984
211.61580790395197,0.00023653325902616063,5.330273802582895,0.00021963847681901128,7.608800051782971,0.9285733335062162,0.017034812866877965,-0.4278493893211061,-15.373252658752419,-0.4278493893211061,-31.08600782492322,-178.53258783440393
211.7558779389695,0.00023655631499735303,5.309093725308223,0.00021901158402717771,7.57355081803218,0.9258327516203841,0.017034629378059545,-0.4262002886623107,-15.373346218465851,-0.4262002886623107,-31.085715452368937,-178.53830990767287
211.89594797398698,0.00023657886927563773,5.287970023798234,0.0002183858338176381,7.539344453312645,0.9230994910335675,0.017034449103741196,-0.4245542971059645,-15.373438140108792,-0.42455429710596454,-31.08542854225329,-178.54401960695978
212.0360180090045,0.0002366009329332139,5.266897569779509,0.00021776101262025412,7.506172631724925,0.9203725865346534,0.017034271966841878,-0.4229110394833086,-15.373528462933363,-0.42291103948330855,-31.085146966419686,-178.5497182626039
212.17608804402198,0.00023662251638649351,5.245871263681141,0.0002171369080157873,7.474028436965478,0.9176510812737749,0.017034097894303577,-0.4212701410273509,-15.373617224142828,-0.4212701410273509,-31.08487060365704,-178.55540720134474
212.31615807903952,0.000236643629415304,5.224886029305534,0.00021651330849965943,7.442906359651774,0.9149340256258649,0.017033926816967075,-0.419631227021669,-15.37370445895477,-0.419631227021669,-31.084599339487546,-178.5610877476143
212.45622811405704,0.00023666428118031477,5.203936808507986,0.0002158900032480176,7.412802298690947,0.9122204760739994,0.017033758669458256,-0.4179939224446492,-15.37379020065889,-0.4179939224446492,-31.08433306597286,-178.56676122483913
212.59629814907453,0.0002366844802387524,5.183018555876426,0.00021526678188566378,7.383713566729854,0.9095094941101174,0.01703359339008464,-0.41635785160875777,-15.373874480669627,-0.4163578516087578,-31.084071681538056,-178.57242895675355
212.73636818409204,0.00023670423455845793,5.162126233402567,0.00021464343425541026,7.355638899744618,0.9068001451507645,0.01703343092074185,-0.4147226377944056,-15.373957328573697,-0.41472263779440555,-31.083815090812955,-178.57809226872638
212.87643821910956,0.0002367235515303326,5.141254805135409,0.0002140197501884343,7.328578470847832,0.9040914974656032,0.017033271206829625,-0.41308790287792374,-15.374038772172792,-0.4130879028779238,-31.08356320449019,-178.58375248910224
213.01650825412705,0.00023674243797921314,5.12039923180785,0.0002133955192752089,7.302533908413135,0.9013826211164803,0.01703311419717725,-0.41145326695312545,-15.374118837521461,-0.41145326695312545,-31.083315939199565,-178.58941095056045
213.15657828914456,0.00023676090017320765,5.099554465426836,0.00021277053063659666,7.277508318638225,0.898672586904931,0.01703295984397809,-0.4098183479458932,-15.374197548960387,-0.4098183479458932,-31.083073217398358,-178.59506899149315
213.29664832416208,0.00023677894383151773,5.078715443817283,0.00021214457269469356,7.253506312691058,0.8959604653260342,0.017032808102733134,-0.408182761221191,-15.37427492914505,-0.40818276122119107,-31.082834967277435,-178.60072795740462
213.4367183591796,0.000236796574130768,5.05787708510961,0.0002115174329430216,7.230534038607331,0.8932453255266003,0.01703265893220346,-0.4065461191818532,-15.374350999069863,-0.4065461191818532,-31.082601122682757,-178.60638920233515
213.5767883941971,0.000236813795709851,5.037034282160622,0.00021088889771566846,7.208599218133683,0.8905262342657341,0.01703251229437134,-0.4049080308584844,-15.374425778087886,-0.4049080308584845,-31.082371623052133,-178.61205409031058
213.7168584292146,0.0002368306126732966,5.016181896896894,0.0002102587519549814,7.187711188737212,0.8878022548758483,0.017032368154410293,-0.4032681014897308,-15.374499283926015,-0.4032681014897308,-31.08214641336737,-178.61772399682187
213.8569284642321,0.00023684702859316206,4.995314754569737,0.0002096267789774227,7.167880951031929,0.8850724462222566,0.017032226480663656,-0.40162593209217773,-15.374571532695807,-0.40162593209217773,-31.08192544412168,-178.62340031033534
213.9969984992496,0.00023686304650943562,4.9744276379103605,0.00020899276023720795,7.149121221902608,0.8823358616595458,0.01703208724463209,-0.3999811190190664,-15.374642538899753,-0.39998111901906636,-31.08170867130218,-178.62908443383878
214.13706853426712,0.0002368786689289383,4.95351528117336,0.0002083564750873401,7.1314464936405235,0.8795915479829269,0.01703195042096985,-0.3983332535069781,-15.3747123154331,-0.39833325350697807,-31.08149605638797,-178.63477778642434
214.27713856928466,0.00023689389782270042,4.932572364056483,0.00020771770053767103,7.1148730994411675,0.8768385443728658,0.017031815987490036,-0.396681921209604,-15.374780873581095,-0.39668192120960405,-31.081287566364068,-178.64048180491264
214.41720860430215,0.00023690873462178517,4.91159350548407,0.0002070762110096233,7.099419285652706,0.8740758813313141,0.01703168392517896,-0.3950267017176651,-15.37484822301156,-0.3950267017176651,-31.081083173750784,-178.64619794552118
214.55727863931966,0.00023692318021152107,4.89057325724098,0.0002064317780872078,7.085105291206241,0.871302579607909,0.017031554218219846,-0.3933671680639892,-15.37491437176274,-0.3933671680639892,-31.08088285664983,-178.65192768557986
214.69734867433718,0.0002369372349240973,4.869506097443694,0.00020578417026399144,7.071953434704496,0.8685176491146033,0.017031426854026123,-0.3917028862127276,-15.374979326226246,-0.39170288621272764,-31.08068659880694,-178.65767252529815
214.83741870935467,0.00023695089852947065,4.848386423834373,0.00020513315268567205,7.059988209695384,0.8657200878272201,0.0170313018232846,-0.39003341453161633,-15.375043091124974,-0.3900334145316164,-31.080494389691825,-178.66343398958685
214.97748874437218,0.00023696417022451983,4.8272085468833685,0.0002044784868879304,7.049236388711258,0.8629088806725095,0.017031179120008785,-0.3883583032461511,-15.375105669485823,-0.38835830324615106,-31.080306224595983,-178.66921362993884
215.11755877938967,0.00023697704862037796,4.805966682684982,0.00020381993052924827,7.039727136714353,0.8600829983993713,0.017031058741602993,-0.3866770938744785,-15.375167062606954,-0.3866770938744785,-31.08012210474895,-178.67501302637288
215.2576288144072,0.0002369895317278601,4.784654945630762,0.00020315723711839564,7.031492134653636,0.8572413964330089,0.017030940688937422,-0.38498931864175845,-15.375227270019423,-0.38498931864175845,-31.079942037454206,-178.68083378944462
215.39769884942473,0.00023700161694089662,4.763267340843862,0.0002024901557363126,7.024565713910417,0.8543830137108707,0.017030824966434904,-0.3832944998726821,-15.375286289442885,-0.3832944998726821,-31.07976603624524,-178.68667756232924
215.53776888444222,0.00023701330101786683,4.741797756357478,0.00020181843075213647,7.018985002488062,0.8515067714993884,0.01703071158216986,-0.3815921493607753,-15.375344116735052,-0.3815921493607753,-31.079594121062804,-178.69254602298088
215.67783891945973,0.00023702458006072223,4.720239955019501,0.00020114180153315992,7.014790083888191,0.8486115721906577,0.017030600547980158,-0.37988176771304677,-15.375400745834611,-0.37988176771304677,-31.079426318455017,-178.6984408863732
215.81790895447722,0.00023703544949176702,4.698587566104962,0.00020046000214853378,7.0120241697108145,0.8456962980783868,0.017030491879592508,-0.37816284366847824,-15.375456168697177,-0.37816284366847824,-31.079262661800897,-178.70436390682656
215.95797898949473,0.0002370459040279584,4.676834076616983,0.00019977276106658491,7.010733787121193,0.8427598101126552,0.017030385596762402,-0.37643485338877747,-15.375510375223909,-0.37643485338877747,-31.079103191559327,-178.71031688042711
216.09804902451225,0.00023705593765256737,4.65497282225628,0.00019907980084566367,7.010968982442418,0.8398009466332707,0.017030281723429276,-0.3746972597197622,-15.375563353182288,-0.3746972597197622,-31.078947955544788,-178.7163016475433
216.23811905952977,0.0002370655435840283,4.632996978038224,0.00019838083781849834,7.012783542261459,0.8368185220817714,0.0170301802878881,-0.3729495114216346,-15.375615088118575,-0.3729495114216346,-31.07879700923145,-178.7223200954458
216.37818909454728,0.00023707471424178577,4.610899548535987,0.00019767558177011713,7.016235233578486,0.8338113256925132,0.017030081322978428,-0.3711910423663761,-15.375665563261325,-0.3711910423663761,-31.07865041608809,-178.7283741610366
216.5182591295648,0.00023708344120892705,4.588673357727306,0.00019696373560948075,7.021386064687638,0.8307781201636462,0.017029984866292036,-0.3694212707003921,-15.375714759415452,-0.3694212707003921,-31.07850824794547,-178.73446583369397
216.65832916458228,0.00023709171519137122,4.566311038421358,0.00019624499503507423,7.0283025686517275,0.8277176403092487,0.017029890960400786,-0.3676395979704522,-15.37576265484595,-0.3676395979704522,-31.078370585398556,-178.74059715823978
216.7983991995998,0.00023709952597335715,4.543805021241907,0.0001955190481948336,7.037056111428776,0.8246285916944602,0.017029799653105835,-0.3658454082109316,-15.375809225150778,-0.3658454082109316,-31.07823751824664,-178.74677023803562
216.9384692346173,0.0002371068623689513,4.521147523141611,0.00019478557534093413,7.047723226923583,0.8215096492561109,0.01702971099771015,-0.36403806699025715,-15.375854443121796,-0.3640380669902571,-31.078109145973777,-178.7529872382153
217.0785392696348,0.00023711371216926616,4.498330535421896,0.00019404424848013088,7.060385981478704,0.818359455912066,0.017029625053315924,-0.36221692041440384,-15.375898278593052,-0.3622169204144039,-31.077985578272724,-178.7592503890606
217.21860930465235,0.00023712006208505233,4.475345811231897,0.000193294731020555,7.075132370586797,0.815176621163427,0.017029541885149036,-0.3603812940852215,-15.375940698275265,-0.36038129408522146,-31.077866935616086,-178.7655619895281
217.35867933966983,0.0002371258976842881,4.452184852519553,0.0001925366774161117,7.092056750904871,0.8119597196947971,0.017029461564912644,-0.35853049201131965,-15.37598166557544,-0.35853049201131965,-31.077753349878428,-178.77192441093416
217.49874937468735,0.00023713120332435956,4.428838896407078,0.00019176973280989585,7.111260310984357,0.8087072899789738,0.017029384171172314,-0.3566637954691727,-15.376021140400418,-0.3566637954691727,-31.077644965013103,-178.77834010080687
217.63881940970484,0.00023713596207838048,4.40529890096301,0.0001909935326783972,7.132851584502111,0.8054178328939756,0.0170293097897755,-0.3547804618120897,-15.376059078942896,-0.35478046181208966,-31.077541937789302,-178.784811586912
217.77888944472235,0.0002371401556551545,4.381555530342357,0.00019020770247863005,7.156947010193873,0.802089810361882,0.01702923851430802,-0.35287972322465133,-15.376095433448612,-0.3528797232246513,-31.077444438593403,-178.79134148146161
217.91895947973987,0.0002371437643122365,4.357599139266713,0.00018941185730080368,7.183671543155674,0.7987216440210235,0.017029170446591024,-0.350960785420216,-15.37613015196282,-0.3509607854202161,-31.07735265230106,-178.79793248551275
218.05902951475736,0.0002371467667614919,4.333419756816267,0.00018860560152967912,7.213159322698336,0.7953117139453451,0.017029105697221835,-0.34902282627912756,-15.376163178054483,-0.34902282627912756,-31.077266779225496,-178.80458739356533
218.19909954977487,0.00023714914006649391,4.30900706950618,0.00018778852851838662,7.245554402523073,0.791858357427452,0.017029044386162626,-0.34706499442527694,-15.376194450516,-0.34706499442527694,-31.07718703614958,-178.81130909836557
218.33916958479242,0.00023715085953103062,4.284350403620969,0.00018696022027922578,7.281011549637307,0.7883598678450604,0.017028986643381178,-0.3450864077387818,-15.376223903036411,-0.34508640773878185,-31.077113657448297,-178.81810059592408
218.4792396198099,0.0002371518985779203,4.259438706781897,0.00018612024719683588,7.3196971191615665,0.7848144936342683,0.017028932609548623,-0.34308615180264956,-15.376251463845561,-0.34308615180264956,-31.07704689631052,-178.82496499075424
218.61930965482742,0.00023715222861725034,4.234260528724616,0.00018526816777014615,7.361790012997476,0.7812204373974406,0.017028882436799203,-0.3410632782814869,-15.37627705532662,-0.3410632782814868,-31.076987026069006,-178.83190550133878
218.7593796898449,0.00023715181890306594,4.208804001267163,0.00018440352839071102,7.407482731247391,0.777575855178596,0.017028836289558008,-0.33901680323055083,-15.376300593593955,-0.3390168032305508,-31.07693434164861,-178.8389254658291
218.89944972486242,0.00023715063637743056,4.183056817452264,0.0001835258631664421,7.456982526307842,0.7738788559452,0.017028794345443014,-0.3369457053337606,-15.376321988033146,-0.33694570533376067,-31.076889161143892,-178.84602834798278
219.03951975987994,0.000237148645500671,4.157006209853094,0.00018263469380140737,7.510512670717956,0.7701275013223325,0.017028756796248493,-0.334848924069739,-15.376341140799488,-0.33484892406973904,-31.076851827538245,-178.85321774334201
219.17958979489742,0.0002371458080664942,4.130638928037509,0.0001817295295442892,7.56831385114606,0.7663198056333906,0.017028723849017612,-0.3327253578054276,-15.376357946271055,-0.33272535780542756,-31.076822710578572,-178.86049738565438
219.31965982991497,0.00023714208300052345,4.103941215194249,0.00018080986722039156,7.630645702357087,0.7624537363112918,0.01702869572721285,-0.33057386181755755,-15.37637229045189,-0.3305738618175576,-31.0768022088199,-178.86787115353536
219.45972986493246,0.00023713742614065104,4.07689878393438,0.00017987519136476225,7.697788496643766,0.7585272147555258,0.01702867267199383,-0.32839324624306865,-15.376384050320453,-0.32839324624306865,-31.076790751857033,-178.87534307736834
219.59979989994997,0.0002371317899974298,4.049496791293551,0.00017892497447714422,7.770045006043849,0.7545381177238343,0.01702865494361319,-0.32618227396061694,-15.376393093117905,-0.32618227396061694,-31.07678880276155,-178.88291734643548
219.7398699349675,0.0002371251234925381,4.021719812975864,0.0001779586774231909,7.847742556728306,0.750484279363131,0.017028642822942065,-0.323939658406601,-15.376399275570341,-0.323939658406601,-31.07679686074427,-178.89059831626733
219.87993996998497,0.00023711737167314353,3.9935518168989845,0.00017697575001076186,7.931235297254783,0.746363494002943,0.01702863661313848,-0.3216640613307227,-15.376402443038176,-0.3216640613307227,-31.07681546406626,-178.89839051619452
220.0200100050025,0.00023710847539974852,3.964976136122523,0.00017597563177525628,8.020906704966405,0.7421735198565699,0.017028636641472774,-0.31935409049799784,-15.376402428585546,-0.3193540904979978,-31.07684519322313,-178.90629865707834
220.16008004002,0.00023709837100484814,3.9359754412697976,0.0001749577530140539,8.117172357699765,0.7379120838011848,0.01702864326132625,-0.31700829734650887,-15.37639905196141,-0.31700829734650887,-31.076886674430376,-178.9143276391884
220.30015007503752,0.0002370869899194348,3.9065317125863706,0.00017392153611729667,8.220483001182687,0.7335768874386462,0.017028656854380785,-0.3146251746129959,-15.37639211848335,-0.3146251746129959,-31.076940583440997,-178.92248256018718
220.44022011005504,0.00023707425826405818,3.876626211819528,0.00017286639725074367,8.331327946073102,0.7291656146750506,0.01702867783301904,-0.3122031539418356,-15.376381417814123,-0.3122031539418356,-31.077007649729225,-178.93076872316877
220.58029014507252,0.00023706009640079716,3.8462394541520464,0.0001717917484564691,8.450238832541382,0.7246759410998511,0.017028706642957234,-0.30974060349710314,-15.376366722619677,-0.30974060349710314,-31.077088661078847,-178.93919164468514
220.72036018009004,0.00023704441844209077,3.815351180482766,0.00017069700024903607,8.577793804651403,0.7201055454960515,0.017028743766134665,-0.30723582560240587,-15.376347787096414,-0.30723582560240587,-31.077184468617894,-178.94775706267768
220.86043021510756,0.000237027131711941,3.7839403304178396,0.00016958156479883555,8.71462214155597,0.7154521238730086,0.0170287897238872,-0.30468705443919253,-15.376324345353833,-0.30468705443919253,-31.077295992347143,-178.95647094420914
221.00050025012504,0.00023700813615449767,3.7519850164228408,0.00016844485981092647,8.861409397687886,0.7107134064845896,0.017028845080434358,-0.3020924538415028,-15.376296109637401,-0.3020924538415028,-31.077424227214262,-178.9653394928695
221.14057028514256,0.00023698732368450053,3.7194624996887065,0.00016728631322741734,9.018903109676152,0.7058871783797364,0.017028910446713567,-0.29945011523377985,-15.376262768374687,-0.2994501152337798,-31.07757024979152,-178.97436915569733
221.28064032016007,0.00023696457747343888,3.6863491683893126,0.000166105368904815,9.187919133580069,0.7009713041327182,0.017028986484598312,-0.2967580557688391,-15.376223984025989,-0.2967580557688391,-31.077735225621566,-178.98356662942504
221.4207103551776,0.00023693977116463234,3.652620519157282,0.00016490149344546796,9.369348682116993,0.6959637575191622,0.017029073911541258,-0.2940142167355868,-15.376179390718622,-0.2940142167355868,-31.077920417302437,-178.99293886581285
221.5607803901951,0.00023691276800969556,3.618251142784233,0.00016367418439509204,9.564166137678944,0.6908626570451185,0.01702917350568768,-0.2912164623211154,-15.376128591641741,-0.29121646232111537,-31.07812719339101,-179.002493075786
221.7008504252126,0.00023688341991804588,3.583214715366548,0.0001624229800573117,9.773437722828074,0.6856663084039605,0.017029286111509574,-0.28836257882978494,-15.37607115617622,-0.28836257882978494,-31.07835703821288,-179.01223673202955
221.8409204602301,0.00023685156641023198,3.547483996376022,0.00016114747122230236,9.998331115225104,0.6803732551347855,0.01702941264601598,-0.2854502744834597,-15.376006616731196,-0.2854502744834597,-31.07861156267543,-179.02217756962057
221.98099049524762,0.00023681703346490127,3.511030835444915,0.00015984731516128115,10.24012609799011,0.6749823389919803,0.017029554105601197,-0.28247717995292043,-15.375934465256114,-0.28247717995292043,-31.078892516191715,-179.03232358419228
222.1210605302651,0.00023677963224818559,3.473826190026462,0.0001585222523032212,10.500226338485218,0.6694927718151988,0.01702971157359844,-0.27944084980136585,-15.375854149393849,-0.27944084980136585,-31.079201799833903,-179.04268302701817
222.26113056528266,0.00023673915771317094,3.435840156538174,0.0001571721260864835,10.780172387246642,0.663904221019957,0.017029886228613688,-0.27633876505795096,-15.375765068236989,-0.2763387650579509,-31.079541480846217,-179.05326439627976
222.40120060030014,0.00023669538705593272,3.397042018130714,0.0001557969065679633,11.08165598261567,0.6582169112199361,0.01703007935372134,-0.2731683371836204,-15.375666567645885,-0.2731683371836204,-31.079913808661548,-179.0640764236309
222.54127063531766,0.0002366480780133752,3.357400312867001,0.00015439671847788646,11.406535733217908,0.6524317449523509,0.017030292346611145,-0.2699269137444684,-15.375557935083046,-0.2699269137444685,-31.080321232577568,-179.07512805499238
222.68134067033517,0.00023659696698683248,3.3168829268664695,0.00015297187453178484,11.756854226641943,0.646550446017756,0.0170305267307834,-0.2666117861712492,-15.37543839391473,-0.26661178617124925,-31.080766421264045,-179.0864284242941
222.82141070535266,0.00023654176697409916,3.2754572178930763,0.00015152291495461337,12.134856574150819,0.6405757295759307,0.01703078416789753,-0.2632202000593984,-15.375307097126491,-0.2632202000593984,-31.081252284285988,-179.09798681862563
222.96148074037018,0.00023648216529130917,3.233090175972424,0.00015005065433740564,12.543010342185317,0.6345115038699287,0.017031066471386656,-0.25974936855437736,-15.375163120395632,-0.25974936855437736,-31.081781995841432,-179.10981263294727
223.1015507753877,0.00023641782106492695,3.1897486289503663,0.00014855623713578756,12.984026733948884,0.6283631092894214,0.017031375621457852,-0.25619648947514384,-15.37500545446007,-0.2561964894751439,-31.082359020926514,-179.1219153121459
223.2416208104052,0.00023634836247316362,3.1453995024934365,0.00014704120333237667,13.46088275813911,0.6221376014359845,0.01703171378160377,-0.25255876695721535,-15.374832996720095,-0.25255876695721535,-31.082987144150906,-179.13430427778002
223.38169084542272,0.00023627338371549252,3.100010145932396,0.00014550756602011832,13.976843943286836,0.6158440859141823,0.01703208331675516,-0.24883343855007267,-15.374644542007708,-0.24883343855007267,-31.08367050143535,-179.14698883633477
223.5217608804402,0.00023619244168879993,3.0535487376209614,0.00014395790291619554,14.535486907647417,0.6094941137272722,0.017032486813205,-0.24501780888572772,-15.374438772457736,-0.24501780888572772,-31.084413614826367,-179.15997806518305
223.66183091545773,0.00023610505234929424,3.0059847861922777,0.00014239546407676394,15.140720753896582,0.6031021473699929,0.017032927100431503,-0.24110929125132974,-15.374214246416848,-0.24110929125132974,-31.085221430659402,-179.1732806717078
223.80190095047524,0.00023601068674093984,2.957289747323474,0.0001408242983342234,15.796805797589066,0.5966861089167586,0.017033407274937795,-0.23710545865418917,-15.373969386331641,-0.23710545865418917,-31.08609936128735,-179.18690482016018
223.94197098549273,0.00023590876667428691,2.9074377794532653,0.00013924940119282138,16.50836752578307,0.5902680224897254,0.017033930726207423,-0.2330041062688363,-15.373702465566708,-0.2330041062688363,-31.08705333056212,-179.20085791978988
224.08204102051025,0.0002357986600447202,2.8564066664397783,0.00013767688705089453,17.28040288063917,0.5838747642789129,0.017034501164844774,-0.22880332750945137,-15.37341159411917,-0.22880332750945137,-31.088089823207664,-179.21514636655905
224.22211105552773,0.00023567967578706623,2.804178940502904,0.00013611418860236233,18.118274934486912,0.5775389335028612,0.017035122652921845,-0.22450160638404568,-15.3730947032208,-0.22450160638404568,-31.08921593814482,-179.22977522931706
224.36218109054528,0.00023555105847516798,2.7507432450821763,0.00013457028600952377,19.027690735874526,0.5712998569425248,0.01703579963648395,-0.22009792926591168,-15.372749528854342,-0.22009792926591168,-31.090439445712448,-179.24474786964328
224.5022511255628,0.00023541198259171544,2.696095984572234,0.0001330559677981062,20.01465554675609,0.5652047373853122,0.017036536980067525,-0.21559191976911296,-15.372373594261695,-0.215591919769113,-31.09176884856272,-179.26006548263385
224.64232116058028,0.00023526154651693694,2.64024331637116,0.00013158412422062667,21.085394884908055,0.5593099517058291,0.017037340002944882,-0.21098400104170323,-15.37196419159265,-0.2109840010417032,-31.09321344577382,-179.2757265437009
224.7823911955978,0.0002350987663168091,2.583203550365426,0.00013017007182971,22.246233831018017,0.5536824963781322,0.017038214516620746,-0.20627559049324765,-15.371518362940154,-0.20627559049324762,-31.09478339939889,-179.29172614395955
224.9224612306153,0.00023492256945488669,2.525010031892879,0.00012883190491420681,23.5034211753659,0.5484015657292861,0.017039166862848388,-0.2014693327460133,-15.371032881139751,-0.2014693327460133,-31.096489802230536,-179.3080551940149
225.0625312656328,0.0002347317886100158,2.4657145962809266,0.00012759086496514694,24.862884567250646,0.5435602298294878,0.017040203951089603,-0.19656937742543754,-15.3705042308862,-0.19656937742543756,-31.09834474496826,-179.3246994729702
225.20260130065031,0.0002345251558592152,2.4053916960046937,0.00012647171316825526,26.329902548636117,0.5392671532608463,0.01704133329388965,-0.19158170925413914,-15.369928590952014,-0.19158170925413912,-31.100361380192357,-179.3416384963581
225.34267133566783,0.00023430129758590762,2.3441433148440334,0.00012550308290238806,27.90868117142141,0.5356482622823366,0.017042563038046094,-0.18651453873065602,-15.369301818594387,-0.18651453873065602,-31.10255397951895,-179.3588441736151
225.48274137068535,0.00023405873060442926,2.282104796251728,0.0001247177794843261,29.601828094580963,0.532848226435549,0.017043901988686168,-0.18137876237239098,-15.368619437626618,-0.18137876237239098,-31.104937978976103,-179.37627922295874
225.62281140570286,0.00023379586015920707,2.219451724031846,0.00012415298358122123,31.40972708384741,0.5310315738554021,0.017045359622393126,-0.17618850194895413,-15.367876632125961,-0.17618850194895413,-31.107530005930066,-179.39389530952687
225.76288144072035,0.0002335109806687032,2.1564080001131307,0.00012385030423074506,33.329831938893335,0.5303832131408814,0.017046946084296875,-0.17096173213009527,-15.367068248372783,-0.1709617321300953,-31.110347878728092,-179.4116308720548
225.90295147573786,0.00023320228034781382,2.0932552633044192,0.00012385561966229253,35.355921392130874,0.531108098418102,0.017048672162528207,-0.16572100523838196,-15.366188808385617,-0.16572100523838196,-31.113410567530412,-179.429408605164
226.04302151075535,0.0002328678511645566,2.0303437795230614,0.00012421864244405574,37.47738388623697,0.5334297620854342,0.017050549231597982,-0.16049427993548618,-15.365232539348794,-0.16049427993548618,-31.116738101512848,-179.44713256987038
226.18309154577287,0.00023250570597145795,1.968104901137233,0.00012499215367961378,39.67862880465407,0.537587467616634,0.01705258915408852,-0.15531585714517132,-15.364193424329898,-0.1553158571451713,-31.120351403697132,-179.4646849160603
226.3231615807904,0.0002321138050970703,1.9070651312243747,0.0001262308721147582,41.93874072372116,0.5438318158713924,0.01705480412755907,-0.150227420620462,-15.363065280939725,-0.150227420620462,-31.124272030126363,-179.48192221992605
226.4632316158079,0.0002316900951760671,1.8478617250548917,0.00012798995867602535,44.23149519002559,0.5524187755146054,0.017057206460858287,-0.14527917040426222,-15.361841875952138,-0.14527917040426222,-31.12852178508531,-179.4986714698903
226.60330165082541,0.0002312325635076211,1.7912595998211105,0.00013032320143240519,46.52582884952425,0.5636022861810721,0.01705980826129351,-0.14053102393894085,-15.360517085276967,-0.14053102393894087,-31.13312217887101,-179.5147257803252
226.74337168584293,0.0002307393117048432,1.7381690850278484,0.00013328097147364377,48.78679986217462,0.5776257651497805,0.017062621011675053,-0.13605384055072056,-15.359085109888975,-0.13605384055072056,-31.138093689832452,-179.52983997789238
226.88344172086042,0.00023020865273770227,1.6896637082330908,0.000136908074391571,50.97699361832771,0.594712982172581,0.01706565501469344,-0.13193059927925566,-15.357540759073938,-0.13193059927925566,-31.14345478898572,-179.54372629528623
227.02351175587793,0.0002296392355299613,1.6469967526673708,0.00014124163317861757,53.05824292796587,0.6150588023543111,0.017068918682250484,-0.12825742663138306,-15.355879812225519,-0.12825742663138306,-31.14922068497807,-179.55605052551113
227.16358179089542,0.00022903020083237617,1.6116147294191387,0.00014630912073691624,54.99346686516198,0.6388202088858916,0.01707241765045091,-0.12514432963976063,-15.354099468805682,-0.12514432963976063,-31.155401751681943,-179.56642913823111
227.30365182591297,0.00022838137086979654,1.5851651777875964,0.00015212661820307888,56.748410296338726,0.6661078249232878,0.017076153708544126,-0.12271544187839852,-15.352198892171467,-0.1227154418783985,-31.162001613146995,-179.57442803503898
227.44372186093048,0.00022769347288999336,1.5694953740307258,0.00015869732315519132,58.293094541673646,0.6969779200999034,0.017080123544065334,-0.12110853952634477,-15.350179845826426,-0.12110853952634475,-31.169014884575866,-179.57956381113254
227.58379189594797,0.00022696839283422522,1.5666376730291405,0.00016601028857603676,59.60285816274843,0.7314246997258712,0.01708431732871531,-0.12047353847864889,-15.348047409299575,-0.12047353847864889,-31.176424607253693,-179.5813085723217
227.72386193096548,0.0002262094495599633,1.5787764865985179,0.00017403935586596744,60.65895203064773,0.7693726155318429,0.017088717201675294,-0.12096965392904235,-15.34581074453228,-0.12096965392904238,-31.184199473218094,-179.57909948626087
227.86393196598297,0.0002254216722301982,1.6081915709844201,0.00018274226147608786,61.44872892608271,0.8106685558142495,0.01709329574937301,-0.12276090819455343,-15.34348386224483,-0.12276090819455343,-31.192291013105677,-179.57235426210494
228.0040020010005,0.00022461205392239344,1.6571727138924641,0.00019205994444940712,61.96551716072302,0.8550740759254465,0.01709801463107835,-0.126009732799901,-15.341086312369637,-0.126009732799901,-31.20063101497006,-179.56049357071237
228.144072036018,0.0002237897441932099,1.7279025145332885,0.0002019161496323071,62.20828456910797,0.9022582797984784,0.017102823552221504,-0.13086855028040817,-15.338643696292289,-0.13086855028040817,-31.209129542865547,-179.54297094632346
228.28414207103552,0.0002229661342240182,1.8223071629213203,0.00021221749085191397,62.18118874091889,0.9517924844976463,0.017107659831230127,-0.13746945760124854,-15.33618787679763,-0.13746945760124854,-31.217674012177675,-179.51930987358256
228.42421210605303,0.00022215478329144753,1.9418801893948667,0.00022285418961007014,61.89308216017738,1.0031482838598396,0.01711244882528821,-0.14591246831546878,-15.333756752188721,-0.14591246831546875,-31.226129824603856,-179.48914653872967
228.56428214107055,0.00022137113844406835,2.0874908875465743,0.0002337017179210736,61.3570082877612,1.0557009353779,0.01711710545712002,-0.15625317781523052,-15.33139347336296,-0.15625317781523052,-31.23434303310571,-179.45227519333332
228.70435217608804,0.00022063201406864275,2.259196644092948,0.0002446235327856397,60.589695541025456,1.10873997057169,0.01712153700205645,-0.1684911299855329,-15.329145024961154,-0.16849112998553292,-31.242145361943194,-179.4086914743232
228.84442221110555,0.00021995482646101902,2.456085046732865,0.0002554749867596189,59.61103622134627,1.1614884331937805,0.01712564714516068,-0.18256048047731765,-15.327060167448913,-0.18256048047731765,-31.249361631739134,-179.3586277342633
228.98449224612304,0.00021935661900633776,2.6761750425203044,0.00026610833989055513,58.44352916420576,1.2131311154229023,0.017129341112874775,-0.19832464698173505,-15.32518684051774,-0.19832464698173502,-31.255819250919956,-179.30257394892067
229.12456228114056,0.0002188529596761226,2.916404204780185,0.000276378605771814,57.11166802286515,1.2628506654916742,0.017132531456271364,-0.21557640240537088,-15.323569242374248,-0.21557640240537088,-31.261358994827884,-179.24127853057277
229.2646323161581,0.00021845683322407476,3.1727199274703306,0.0002861497775797782,55.64126927778787,1.309868743205069,0.017135143867420113,-0.23404426137120363,-15.322244897214748,-0.23404426137120368,-31.26584590616645,-179.17572558821644
229.4047023511756,0.0002181776727260528,3.4402767031092507,0.00029530084612449634,54.058751295053206,1.3534879276821352,0.01713712230707046,-0.25340510052511833,-15.321242074209698,-0.25340510052511833,-31.269178935726224,-179.1070886229366
229.5447723861931,0.00021802066872261236,3.7137226324643122,0.00030373098306877536,52.39039316575375,1.3931293067228052,0.017138432756352708,-0.2733019201404276,-15.320577903034277,-0.2733019201404276,-31.271297994820003,-179.03666464324382
229.6848424212106,0.00021798645655657673,3.987540901619145,0.000311363339428677,50.661614947910685,1.4283609374046824,0.0171390650871431,-0.293364751844422,-15.320257438834366,-0.293364751844422,-31.272187434934132,-178.9657962341963
229.8249124562281,0.00021807122097139558,4.256401254070419,0.0003181470919938171,48.89632594795215,1.4589137006553858,0.01713903283948569,-0.31323218630013466,-15.320273781607757,-0.31323218630013466,-31.271875538940897,-178.89579124015634
229.96498249124562,0.0002182671872902675,4.515475697708242,0.0003240576180663434,47.116383682526035,1.4846831632800037,0.017138371028209472,-0.3325709749614093,-15.32060918738874,-0.33257097496140936,-31.270430260216063,-178.82784984175265
230.1050525262631,0.00021856340875422536,4.760681786180813,0.00032909493436305686,45.34119443355665,1.505718346171679,0.017137132391617294,-0.3510916374654409,-15.321236962894423,-0.351091637465441,-31.267952014846927,-178.76300695886303
230.24512256128062,0.0002189467239036654,4.98883262376386,0.0003332807434542694,43.58746996683458,1.5222001841914288,0.017135382677901555,-0.36855882448349037,-15.322123843837673,-0.3685588244834904,-31.26456468691428,-178.702094710837
230.38519259629817,0.00021940275156249507,5.1976904045930885,0.0003366545540257247,41.869137865180925,1.534413545993435,0.017133195612730252,-0.38479611291875143,-15.323232533353401,-0.38479611291875143,-31.260406093484207,-178.6457260427363
230.52526263131566,0.00021991681017716173,5.385935242751206,0.0003392693697256361,40.19738841351215,1.5427168548521857,0.01713064811789734,-0.3996857245953128,-15.32452411401708,-0.3996857245953129,-31.255619003031875,-178.59429747005493
230.66533266633317,0.0002204746830973232,5.5530704748878135,0.00034118738983993676,38.580831185902376,1.5475127803645732,0.01712781619783784,-0.4131642155172346,-15.325960123811903,-0.41316421551723453,-31.250343493812963,-178.54800677930663
230.80540270135066,0.00022106319052673016,5.699288923729954,0.00034247606239204675,37.02573004730763,1.5492224715296317,0.01712477172883552,-0.42521543460091976,-15.327504177761158,-0.42521543460091976,-31.244711079340153,-178.50688061605632
230.94547273636817,0.00022167056327762085,5.825322926753963,0.0003432047082389949,35.53628557969459,1.548264700393098,0.017121580217725314,-0.43586203646904464,-15.329123101341995,-0.4358620364690447,-31.238840701531547,-178.4708070266303
231.0855427713857,0.00022228663812977537,5.932296206969297,0.00034344181922872803,34.11493763920832,1.5450403232434504,0.01711829946894568,-0.4451566371338318,-15.330787606134528,-0.4451566371338318,-31.232836448504774,-178.43956884481548
231.22561280640318,0.00022290290842543847,6.021589827315108,0.00034325304047761926,32.762666323308025,1.5399217663974007,0.01711497901964976,-0.45317341786832255,-15.332472578038875,-0.45317341786832255,-31.22678670834169,-178.41287495370608
231.36568284142072,0.00022351246808442033,6.094728956305191,0.00034269978248839615,31.479275744276446,1.5332468270135111,0.017111660168035277,-0.46000068816938455,-15.334157065889439,-0.46000068816938455,-31.220764411921202,-178.39038760443214
231.5057528764382,0.00022410988526426126,6.153292768488351,0.00034183837202591275,30.263650720514594,1.5253159030572474,0.01710837641908337,-0.4657346628658953,-15.335824058910335,-0.46573466286589527,-31.214828023831775,-178.3717449514668
231.64582291145572,0.0002246910362555054,6.19884675494671,0.00034071963616727014,29.113981271225967,1.5163917610839797,0.017105154191882386,-0.4704745138937545,-15.337460131507306,-0.4704745138937545,-31.209022984873464,-178.35657868935093
231.78589294647324,0.0002252529231722101,6.2328949217224245,0.00033938881512584213,28.027953433645877,1.5067010467445654,0.01710201366269175,-0.47431862704980393,-15.339055018879883,-0.47431862704980393,-31.203383371199727,-178.34452714553112
231.92596298149073,0.0002257934920959594,6.2568485363678,0.00033788571009952,27.002907445985898,1.4964368855942172,0.017098969649941596,-0.47736191957526586,-15.340601170850585,-0.47736191957526597,-31.197933598621308,-178.33524443887447
232.06603301650824,0.00022631146238895905,6.272007937888443,0.00033624498757502466,26.035965913196172,1.4857620733196626,0.017096032476643742,-0.4796940423612379,-15.34209331657885,-0.479694042361238,-31.19269005717866,-178.32840640927526
232.20610305152576,0.00022680617322586036,6.279554183808371,0.00033449657779303617,25.124135405178617,1.4748124931323385,0.017093208769889765,-0.4813982872999629,-15.343528060632636,-0.4813982872999629,-31.187662606867033,-178.32371401511455
232.34617308654327,0.00022727745000028783,6.28054776623417,0.00033266612034370187,24.264385235569065,1.4637005138137575,0.01709050217563228,-0.4825510342929939,-15.344903521541607,-0.4825510342929939,-31.182855899701632,-178.32089482684648
232.4862431215608,0.0002277254909693468,6.275932149723892,0.00033077542304757587,23.453707112934296,1.4525182123423337,0.01708791398018719,-0.4832215950278825,-15.346219017259026,-0.4832215950278825,-31.178270517269997,-178.31970314914892
232.62631315657828,0.00022815077307597424,6.266540385731521,0.000328842911012188,22.689159086163855,1.4413403320035354,0.017085443638726404,-0.4834723360008716,-15.347474797482512,-0.48347233600087147,-31.173903928450677,-178.31991920213957
232.7663831915958,0.00022855397510497075,6.25310349967933,0.0003268840510930389,21.96789682519003,1.4302269341100147,0.01708308921644805,-0.48335898783208664,-15.348671820028965,-0.48335898783208664,-31.169751281122057,-178.32134769653123
232.9064532266133,0.00022893591598610697,6.2362597117824095,0.0003249117432051591,21.28719485740824,1.4192257331299492,0.017080847751043248,-0.4829310698045831,-15.349811566960359,-0.482931069804583,-31.165806046283414,-178.3238160543878
233.0465232616308,0.00022929750600117867,6.216563841518238,0.00032293667438942165,20.644459964024875,1.4083741250450479,0.0170787155463004,-0.4822323769916034,-15.350895895524213,-0.4822323769916034,-31.1620605345611,-178.32717245840485
233.1865932966483,0.00022963970876646302,6.194496465953752,0.0003209676346052341,20.037238554979595,1.397700930424228,0.01707668840680519,-0.4813014922333222,-15.351926918900842,-0.4813014922333221,-31.158506304709277,-178.3312838580454
233.32666333166583,0.00022996351206767154,6.170472565046346,0.0003190117952309784,19.463219498919248,1.3872278795998843,0.017074761823148075,-0.48017229687336976,-15.35290691201558,-0.48017229687336976,-31.15513448225832,-178.33603401887757
233.46673336668334,0.00023026990586826746,6.144849503973424,0.0003170749524853444,18.920233590241732,1.3769708694228426,0.0170729311161516,-0.47887446302206266,-15.353838238121531,-0.47887446302206266,-31.151936004466858,-178.34132167006814
233.60680340170086,0.0002305598660608868,6.1179342839642805,0.0003151617386605251,18.406250587702917,1.3669410207641968,0.01707119154758203,-0.4774339166759086,-15.354723292382547,-0.4774339166759086,-31.14890180555854,-178.34705878213248
233.74687343671835,0.00023083434276654607,6.089990047860729,0.0003132758043542786,17.919374554699843,1.3571455642157613,0.01706953840374356,-0.4758732657640476,-15.355564459221593,-0.4758732657640476,-31.146022954091464,-178.35316899085154
233.88694347173586,0.00023109425219758193,6.061241861866121,0.0003114199749308659,17.45783806508457,1.3475885789864075,0.017067967057343987,-0.4742121905258535,-15.35636408070741,-0.4742121905258535,-31.143290752336206,-178.35958617214092
234.02701350675338,0.00023134047128408317,6.031881816223051,0.00030959638432422564,17.019995704751732,1.3382716072366136,0.017066473012108094,-0.47246779589467225,-15.357124433712471,-0.47246779589467225,-31.140696805788053,-178.36625316529864
234.16708354177086,0.00023157383441973887,6.002073499108922,0.00030780658908657,16.604317193007994,1.3291941633123177,0.017065051933815006,-0.4706549270476513,-15.357847713978877,-0.4706549270476513,-31.138233069427294,-178.37312063743312
234.3071535767884,0.0002317951318133446,5.971955902980288,0.0003060516653273299,16.209380364051167,1.3203541546928652,0.017063699670750294,-0.4687864501971815,-15.358536025575146,-0.4687864501971815,-31.135891876060384,-178.38014607919882
234.4472236118059,0.00023200510903945878,5.941646823199965,0.00030433229091142926,15.833864183558491,1.3117482290429616,0.017062412265986135,-0.46687350121110804,-15.359191374518907,-0.46687350121110793,-31.133665951009508,-178.3872929206439
234.5872936468234,0.00023220446746898332,5.911245806659992,0.0003026488150116704,15.476541924809723,1.3033720595926805,0.017061185963422928,-0.4649257048805836,-15.359815665583398,-0.4649257048805836,-31.13154841653811,-178.39452975556853
234.72736368184093,0.00023239386533083003,5.88083670439561,0.0003010013168494205,15.136274589962754,1.295220579170292,0.017060017209130966,-0.46295136769774575,-15.360410701505582,-0.46295136769774575,-31.129532788685978,-178.40182966298227
234.86743371685841,0.00023257391921216631,5.850489877638853,0.0002993896552173048,14.812004632583719,1.2872881715691673,0.017058902649208566,-0.460957646926542,-15.360978183977158,-0.4609576469265421,-31.127612968606808,-178.40916961480946
235.00750375187593,0.00023274520584951375,5.8202641018993795,0.0002978135101603812,14.502750015329518,1.2795688275226544,0.017057839125112835,-0.4589506985964199,-15.361519715931585,-0.45895069859642,-31.125783230038465,-178.41652995976264
235.14757378689342,0.00023290826409836006,5.790208208811484,0.0002962724179989793,14.207598620166866,1.2720562713646766,0.017056823667209293,-0.45693580685326096,-15.362036804746946,-0.45693580685326096,-31.124038204162897,-178.42389397417855
235.28764382191096,0.00023306359699675334,5.7603625008528345,0.00029476580070633945,13.925703016403835,1.2647440634431024,0.017055853487118588,-0.4549174968875761,-15.362530866069722,-0.4549174968875761,-31.122372862820548,-178.43124747151407
235.42771385692848,0.0002332116738600921,5.730759969737482,0.00029329299050608336,13.656275583118049,1.257625682503506,0.01705492596930547,-0.4528996334418429,-15.363003228032266,-0.4528996334418429,-31.120782500809558,-178.43857846308595
235.56778389194596,0.00023335293236122144,5.701427345366247,0.00029185325042622035,13.398583976454999,1.2506945915487475,0.01705403866224855,-0.45088550668648303,-15.363455135690938,-0.45088550668648303,-31.119262717818135,-178.44587686347947
235.70785392696348,0.00023348778056302255,5.6723859987014045,0.0002904457914359908,13.151946928145275,1.2439442900849977,0.017053189269446344,-0.44887790705345687,-15.363887755554131,-0.44887790705345676,-31.11780940039552,-178.45313423482935
235.847923961981,0.0002336165988807179,5.643652718811373,0.0002890697866971856,12.915730358948899,1.2373683551688959,0.01705237564044911,-0.44687919043095814,-15.364302180103103,-0.44687919043095814,-31.116418704254976,-178.46034356488667
235.98799399699848,0.00023373974195878882,5.615240381583095,0.00028772438338068175,12.68934378920009,1.230960473257522,0.01705159576205486,-0.44489133495368705,-15.364699432234518,-0.4448913349536871,-31.11508703711663,-178.46749907442384
236.128064032016,0.0002338575404531956,5.587158525196967,0.0002864087124300211,12.472237027909902,1.224714464519664,0.017050847749767752,-0.4429159904710338,-15.365080469574115,-0.4429159904710338,-31.11381104223127,-178.47459605009942
236.2681340670335,0.0002339703027139457,5.559413845367617,0.0002851218965952639,12.263897121762847,1.2186243009817217,0.017050129839586432,-0.4409545216396592,-15.365446188626567,-0.44095452163965915,-31.11258758267589,-178.48163069940762
236.40820410205103,0.00023407831636627235,5.532010621540742,0.0002838630570105729,12.063845545638934,1.2126841196448126,0.017049440380166102,-0.43900804546653455,-15.365797428738809,-0.4390080454665345,-31.111413726473216,-178.4886000247808
236.54827413706855,0.00023418184979103615,5.5049510836690345,0.00028263131854680545,11.871635616881735,1.2068882315132512,0.017048777825379946,-0.43707746402229664,-15.366134975863282,-0.43707746402229664,-31.110286732558453,-178.49550171430144
236.68834417208603,0.00023428115350663145,5.478235727839114,0.0002814258141346545,11.686850116318357,1.2012311273116922,0.01704814072729201,-0.43516349295151824,-15.366459566114596,-0.43516349295151824,-31.109204037596125,-178.5023340468183
236.82841420710355,0.00023437646145584612,5.451863587857837,0.0002802456882236062,11.50909909993433,1.1957074805329857,0.0170475277295435,-0.4332666863248606,-15.366771889118278,-0.43326668632486054,-31.108163243633182,-178.5090958095566
236.96848424212106,0.00023446799220188397,5.425832468906674,0.0002790900995163939,11.338017886078635,1.1903121483468369,0.017046937561147016,-0.43138745830681646,-15.367072591154018,-0.43138745830681646,-31.107162106564836,-178.51578622656814
237.10855427713855,0.00023455595003823467,5.400139148513723,0.00027795822309695375,11.173265204063734,1.1850401708063434,0.01704636903067777,-0.4295261020506615,-15.367362278098808,-0.42952610205066144,-31.10619852538118,-178.5224048965885
237.24862431215607,0.0002346405260173268,5.374779549355885,0.00027684925205158,11.014521491017948,1.1798867687124786,0.017045821020847507,-0.42768280617822424,-15.367641518176926,-0.4276828061782242,-31.10527053215847,-178.5289517390623
237.38869434717358,0.00023472189890298356,5.349748887771222,0.0002757623986674736,10.861487324814583,1.1748473404326585,0.017045292483443903,-0.4258576691551631,-15.367910844525394,-0.42585766915516304,-31.104376282755393,-178.53542694726107
237.5287643821911,0.0002348002360516708,5.325041801318849,0.0002746968952797814,10.713881981833113,1.1699174579165705,0.017044782434617177,-0.4240507118316902,-15.368170757583954,-0.4240507118316902,-31.10351404817406,-178.54183094756578
237.66883441720861,0.0002348756942274125,5.300652458258489,0.0002736519948271366,10.571442109194528,1.1650928621084986,0.017044289950494708,-0.4222618883833501,-15.368421727319255,-0.42226188838335016,-31.102682206544547,-178.5481643641067
237.8089044522261,0.00023494842035506788,5.276574651422103,0.00027262697116632655,10.433920501946577,1.160369457918962,0.017043814163103986,-0.42049109585578137,-15.368664195293036,-0.42049109585578137,-31.101879235692657,-178.5544279880634
237.94897448724362,0.00023501855221645651,5.252801878607804,0.00027162111918879706,10.301084976459629,1.1557433088883506,0.017043354256584924,-0.41873818249083383,-15.36889857658393,-0.4187381824908338,-31.10110370625161,-178.5606227510191
238.0890445222611,0.000235086219093579,5.229327411331732,0.00027063375477497857,10.172717332020186,1.1512106316502093,0.017042909463672512,-0.41700295498834017,-15.369125261572405,-0.4170029549883402,-31.100354275279937,-178.56674970184457
238.22911455727862,0.00023515154236292883,5.206144353520898,0.0002696642146167324,10.048612393285095,1.146767790281117,0.01704247906243154,-0.41528518483784904,-15.369344617598022,-0.4152851848378491,-31.099629680349608,-178.57280998665536
238.36918459229616,0.00023521463604464152,5.183245691513208,0.0002687118559334245,9.928577126884424,1.1424112906070416,0.01704206237322628,-0.41358461383730843,-15.369556990497752,-0.41358461383730843,-31.098928734070125,-178.57880483144726
238.50925462731365,0.00023527560730997237,5.160624336543802,0.00026777605610304577,9.812429826034322,1.1381377745218377,0.017041658755908354,-0.41190095890060646,-15.369762706033708,-0.4119009589006065,-31.098250319016568,-178.58473552706565
238.64932466233117,0.00023533455695035201,5.138273160736505,0.0002668562122263584,9.6999993575494,1.1339440143618875,0.017041267607207214,-0.41023391624284344,-15.369962071218147,-0.41023391624284344,-31.097593383031633,-178.59060341620986
238.78939469734868,0.00023539157981102745,5.116185027480958,0.00026595174063912946,9.591124466129582,1.129826907371265,0.017040888358308567,-0.40858316502085434,-15.370155375543286,-0.40858316502085434,-31.096956934873194,-178.59640988221307
238.92946473236617,0.00023544676519207953,5.094352816956733,0.00026506207638504254,9.485653131237616,1.125783470283835,0.017040520472607148,-0.4069483704966443,-15.370342892122657,-0.4069483704966443,-31.096340040181623,-178.60215633937042
239.0695347673837,0.0002355001972193846,5.072769447463319,0.0002641866726597839,9.383441972290967,1.1218108340422148,0.01704016344362062,-0.40532918678283614,-15.37052487875076,-0.4053291867828362,-31.095741817742223,-178.60784422461956
239.20960480240117,0.0002355519551878963,5.051427893126164,0.00026332500023503206,9.284355698260624,1.1179062386681597,0.017039816793052998,-0.40372525922177604,-15.37070157888688,-0.4037252592217761,-31.095161436020366,-178.6134749904004
239.34967483741872,0.00023560211387943313,5.030321198472567,0.00026247654686958156,9.188266598108184,1.114067028294581,0.01703948006899631,-0.4021362264434506,-15.370873222568777,-0.4021362264434506,-31.094598109948507,-178.61905009854573
239.48974487243623,0.0002356507438569805,5.009442490305326,0.00026164081671356374,9.09505406880118,1.1102906463658648,0.01703915284426013,-0.40056172214172975,-15.371040027261479,-0.40056172214172975,-31.094051097945574,-178.6245710150713
239.62981490745372,0.00023569791173736035,4.988784987244749,0.000260817329710657,9.004604177926943,1.1065746310102542,0.017038834714819543,-0.39900137660351065,-15.371202198645975,-0.3990013766035107,-31.093519699151205,-178.63003920575127
239.76988494247124,0.00023574368044396393,4.968342007260535,0.00026000562100227527,8.916809258183422,1.1029166105857857,0.017038525298372558,-0.3974548180210626,-15.371359931352364,-0.39745481802106264,-31.093003250858267,-178.6354561323804
239.90995497748872,0.0002357881094411119,4.9481069734721,0.0002592052403369554,8.831567531257392,1.0993142993993594,0.017038224232998913,-0.3959216736141047,-15.371513409641542,-0.3959216736141047,-31.09250112612834,-178.6408232496345
240.05002501250624,0.00023583125495147417,4.928073418459049,0.00025841575148752955,8.748782758814928,1.0957654935971166,0.017037931175912555,-0.3944015705848879,-15.371662808039295,-0.39440157058488795,-31.092012731576567,-178.64614200245518
240.19009504752376,0.00023587317015786495,4.908234987291393,0.00025763673167811393,8.66836391852288,1.092268067223089,0.01703764580230098,-0.3928941369266968,-15.371808291926321,-0.3928941369266967,-31.091537505312758,-178.65141382389032
240.33016508254127,0.00023591390539062345,4.888585439461214,0.0002568677710225,8.590224903197091,1.0888199684422222,0.01703736780424492,-0.39139900210366163,-15.371950018087459,-0.39139900210366163,-31.09107491502709,-178.65664013333378
240.4702351175588,0.00023595350830168566,4.86911864987348,0.0002561084719751452,8.514284241335117,1.0854192159232057,0.017037096889712267,-0.3899157976176151,-15.372088135223159,-0.389915797617615,-31.090624456209195,-178.66182233511296
240.6103051525763,0.0002359920240263681,4.849828609032639,0.0002553584487956419,8.440464837438268,1.0820638953760144,0.017036832781621127,-0.38844415747577765,-15.372222784425896,-0.38844415747577765,-31.090185650491126,-178.66696181737936
240.7503751875938,0.00023602949533379735,4.830709422543486,0.0002546173270272779,8.368693730662836,1.07875215623875,0.017036575216966568,-0.38698371857140557,-15.372354099624205,-0.3869837185714055,-31.089758044104528,-178.67205995126415
240.8904452226113,0.00023606596276684155,4.811755310028794,0.0002538847429900681,8.298901870462263,1.0754822085080764,0.017036323946006612,-0.3855341209880272,-15.37248220799661,-0.38553412098802714,-31.089341206443876,-178.6771180902636
241.0305152576288,0.0002361014647723342,4.792960603552787,0.00025316034328847067,8.231023907996088,1.072252319707486,0.01703607873150315,-0.3840950082366432,-15.372607230357666,-0.3840950082366432,-31.08893472872754,-178.6821375698257
241.1705852926463,0.0002361360378223111,4.774319745627114,0.00025244378433382844,8.164998002182102,1.0690608119874896,0.017035839348013747,-0.3826660274340846,-15.372729281518113,-0.3826660274340846,-31.08853822275011,-178.68711970711107
241.31065532766385,0.00023616971652692636,4.755827286865826,0.0002517347318814612,8.100765639363471,1.065906059351857,0.01703560558123076,-0.3812468294297602,-15.37284847062103,-0.38124682942976024,-31.088151319718733,-178.6920658009057
241.45072536268134,0.0002362025337396582,4.737477883346741,0.000251032860582232,8.038271465648256,1.062786485004093,0.017035377227364402,-0.3798370688871267,-15.372964901455607,-0.3798370688871267,-31.087773669167845,-178.69697713166568
241.59079539769886,0.00023623452065536427,4.719266293728553,0.0002503378535483217,7.9774631310570125,1.05970055880839,0.017035154092566573,-0.3784364043254528,-15.373078672750228,-0.37843640432545284,-31.087404937946445,-178.7018549616762
241.73086543271634,0.00023626570690170266,4.701187376166197,0.0002496494019328827,7.918291144687415,1.0566467948594345,0.017034935992392662,-0.3770444981267579,-15.373189878446246,-0.3770444981267579,-31.087044809272864,-178.7067005353099
241.87093546773386,0.0002362961206243942,4.683236085061019,0.0002489672045231903,7.860708740170155,1.0536237491555671,0.017034722751298716,-0.3756610165122195,-15.37329860795377,-0.3756610165122195,-31.086692981852302,-178.71151507937122
242.01100550275137,0.0002363257885667583,4.665407467676887,0.0002482909673468661,7.804671750752247,1.050630017369974,0.017034514202171405,-0.37428562949180516,-15.373404946390783,-0.37428562949180516,-31.086349169052447,-178.716299803515
242.15107553776886,0.00023635473614392805,4.647696660648979,0.0002476204032907172,7.750138493399402,1.0476642327147148,0.01703431018588872,-0.3729180107904181,-15.373508974806649,-0.3729180107904181,-31.08601309813382,-178.7210559007296
242.29114557278638,0.00023638298751210926,4.63009888640779,0.0002469552317317116,7.6970696613612475,1.0447250638925982,0.017034110550909184,-0.3715578377534401,-15.373610770391103,-0.37155783775344003,-31.08568450953029,-178.72578454787532
242.43121560780392,0.0002364105656332251,4.61260944953758,0.0002462951781795927,7.645428224690817,1.0418112131320854,0.017033915152887723,-0.3702047912341878,-15.373710406669687,-0.37020479123418776,-31.085363156177124,-178.73048690627118
242.5712856428214,0.00023643749233525813,4.595223733085237,0.0002456399739306253,7.595179338253659,1.0389214143005647,0.017033723854316465,-0.3688585554654715,-15.373807953686523,-0.3688585554654715,-31.085048802882724,-178.73516412232286
242.71135567783892,0.00023646378836857684,4.577937194833015,0.0002449893557319559,7.546290256803475,1.0360544310915387,0.01703353652418879,-0.3675188179171672,-15.373903478175242,-0.3675188179171672,-31.084741225741794,-178.73981732818646
242.8514257128564,0.00023648947345851127,4.56074536354625,0.00024434306545607475,7.498730256738472,1.0332090552814448,0.017033353037685203,-0.3661852691414633,-15.373997043718838,-0.3661852691414633,-31.084440211586664,-178.74444764246343
242.99149574787393,0.00023651456635442102,4.543643835204839,0.00024370084978485442,7.4524705641879825,1.030384105051968,0.017033173275879505,-0.36485760260719935,-15.37408871089917,-0.36485760260719935,-31.0841455574749,-178.74905617092185
243.13156578289144,0.00023653908487547928,4.526628269226014,0.00024306245990265792,7.40748428911289,1.027578423373933,0.01703299712546417,-0.3635355145245451,-15.374178537436716,-0.3635355145245451,-31.08385707021022,-178.75364400724155
243.27163581790893,0.00023656304595337914,4.509694384683763,0.00024242765119800188,7.363746365132779,1.0247908764489722,0.01703282447849364,-0.3622187036610669,-15.374266578321205,-0.3622187036610669,-31.08357456589541,-178.75821223377883
243.41170585292647,0.00023658646567215156,4.4928379565292715,0.00024179618297326912,7.321233494822439,1.0220203522053408,0.01703265523214444,-0.3609068711500772,-15.374352885933678,-0.3609068711500772,-31.08329786951462,-178.7627619223498
243.55177588794396,0.00023660935930526857,4.47605481181546,0.00024116781816198256,7.279924100248077,1.0192657588444451,0.017032489288491243,-0.35959972029203463,-15.374437510160469,-0.35959972029203463,-31.08302681454387,-178.76729413502864
243.69184592296148,0.00023663174135019088,4.459340825927487,0.00024054232305314213,7.239798278538134,1.0165260234347175,0.017032326554297792,-0.35829695634961856,-15.37452049849959,-0.3582969563496185,-31.082761242587473,-178.77180992496073
243.831915957979,0.00023665362556050907,4.442691918820328,0.0002399194670221555,7.200837762309173,1.0138000905496856,0.01703216694082199,-0.35699828633700265,-15.37460189615993,-0.3569982863370027,-31.08250100303959,-178.7763103371881
243.97198599299648,0.00023667502497580823,4.4261040512635725,0.0002392990222678857,7.163025884790001,1.0110869209471751,0.017032010363634255,-0.3557034188037472,-15.374681746153684,-0.3557034188037471,-31.08224595276895,-178.78079640948695
244.112056028014,0.00023669595194938467,4.4095732210929555,0.00023868076355536443,7.126347549509879,1.0083854902867295,0.01703185674244858,-0.3544120636136393,-15.374760089382345,-0.3544120636136393,-31.081995955825846,-178.78526917321608
244.2521260630315,0.00023671641817392074,4.393095459467371,0.0002380644679637142,7.090789204437905,1.0056947878824485,0.017031706000965464,-0.353123931718731,-15.374836964716618,-0.353123931718731,-31.081750883170084,-178.7897296541761
244.39219609804903,0.00023673643470522576,4.376666827129642,0.00023744991463884698,7.05633882048185,1.0030138154885606,0.0170315580667263,-0.3518387349287497,-15.374912409070543,-0.3518387349287497,-31.081510612418942,-178.79417887347884
244.53226613306654,0.00023675601198413286,4.360283410668746,0.00023683688455050837,7.022985874274804,1.0003415861151645,0.017031412870978552,-0.35055618567599134,-15.374986457470088,-0.3505561856759914,-31.081275027614012,-178.79861784842709
244.67233616808403,0.00023677515985663614,4.34394131878067,0.00023622516025324758,6.990721335198028,0.9976771228716662,0.017031270348551272,-0.34927599677574245,-15.375059143116507,-0.34927599677574245,-31.08104401900622,-178.80304759340493
244.81240620310155,0.0002367938875923458,4.327636678524815,0.0002356145256509086,6.959537656608194,0.9950194578355522,0.017031130437740544,-0.34799788118222713,-15.37513049744463,-0.3479978811822272,-31.080817482858283,-178.80746912077856
244.95247623811906,0.00023681220390132837,4.311365631572249,0.00023500476576423997,6.929428771256662,0.9923676309442164,0.017030993080204383,-0.3467215517400177,-15.375200550176336,-0.34672155174001773,-31.08059532126353,-178.81188344180848
245.09254627313655,0.00023683011694939236,4.295124330442013,0.0002343956665012407,6.900390090908029,0.989720688907687,0.017030858220866824,-0.3454467209308114,-15.37526932936936,-0.3454467209308114,-31.080377441981124,-178.81629156757324
245.23261630815406,0.00023684763437187468,4.278908934721073,0.0002337870144298576,6.872418510184963,0.987077684140127,0.017030725807830813,-0.34417310061541745,-15.37533686146161,-0.3441731006154175,-31.08016375828629,-178.820694509906
245.37268634317158,0.000236864763285973,4.262715607263537,0.00023317859655267123,6.845512414686516,0.9844376737081346,0.017030595792299645,-0.3429004017707746,-15.375403171311133,-0.3429004017707746,-31.07995418883582,-178.82509328234391
245.5127563781891,0.00023688151030166563,4.246540510364079,0.00023257020008320736,6.819671693447106,0.9817997182938936,0.01703046812850668,-0.34162833422176586,-15.375468282231864,-0.3416283342217659,-31.079748657547963,-178.82948890109245
245.6528264132066,0.00023689788153125283,4.2303798019006456,0.00023196161222352926,6.794897755824816,0.9791628811713441,0.017030342773653253,-0.3403566063675774,-15.375532216025196,-0.3403566063675774,-31.07954709349658,-178.83388238600432
245.7928964482241,0.00023691388259754702,4.2142296314409595,0.00023135261994277105,6.771193552929213,0.976526227193604,0.017030219687854394,-0.33908492490230063,-15.375594993007585,-0.33908492490230063,-31.07934943081901,-178.83827476157563
245.93296648324161,0.0002369295186407349,4.198086136307169,0.0002307430097562807,6.748563603721346,0.9738888217899305,0.017030098834092493,-0.3378129945294479,-15.375656632034095,-0.3378129945294479,-31.079155608637787,-178.8426670579591
246.07303651825913,0.00023694479432392602,4.181945437592855,0.00023013256750506242,6.7270140259423075,0.9712497299706419,0.017029980178178517,-0.33654051767003157,-15.375717150518115,-0.3365405176700316,-31.07896557099569,-178.84706031199693
246.21310655327662,0.0002369597138373998,4.165803636126244,0.00022952107813520935,6.706552572051771,0.9686080153384435,0.01702986368872099,-0.3352671941638119,-15.375776564447087,-0.3352671941638119,-31.078779266804073,-178.85145556827396
246.35317658829416,0.00023697428090155398,4.149656808373189,0.00022890832547702865,6.687188670383542,0.9659627391046872,0.01702974933710254,-0.33399272096329,-15.375834888394397,-0.33399272096328997,-31.078596649804773,-178.85585388019314
246.49324662331165,0.00023698849876855352,4.133501002273502,0.0002282940920235901,6.668933471753739,0.9633129591092329,0.017029637097463995,-0.3327167918200144,-15.375892135527444,-0.33271679182001435,-31.078417678544973,-178.86025631107432
246.63331665832916,0.0002370023702226733,4.117332233003665,0.00022767815870842104,6.651799901786141,0.9606577288425774,0.01702952694669626,-0.33143909696271023,-15.375948317611707,-0.33143909696271023,-31.078242316365618,-178.86466393527886
246.77338669334668,0.00023701589757931887,4.1011464786589285,0.0002270603046821032,6.635802719251421,0.9579960964690819,0.01702941886443976,-0.3301593227667398,-15.376003445010953,-0.33015932276673976,-31.07807053140344,-178.86907783936132
246.91345672836417,0.00023702908268270932,4.0849396758475285,0.00022644030708753968,6.620958580750632,0.9553271038501889,0.017029312833091816,-0.3288771514143574,-15.376057526683436,-0.3288771514143574,-31.077902296606204,-178.87349912325016
247.05352676338168,0.00023704192690219317,4.068707715189444,0.0002258179408336751,6.607286112109987,0.95264978556663,0.017029208837821993,-0.3275922605452072,-15.376110570174005,-0.3275922605452072,-31.077737589762503,-178.8779289014597
247.19359679839917,0.0002370544311271662,4.052446436711974,0.00022519297836748092,6.59480598689337,0.9499631679387496,0.017029106866595534,-0.3263043228964773,-15.37616258160211,-0.3263043228964773,-31.07757639354532,-178.88236830433488
247.33366683341671,0.00023706659576055224,4.036151625134111,0.00022456518944403875,6.583541012481612,0.9472662680441892,0.017029006910205206,-0.32501300593209853,-15.376213565645482,-0.3250130059320985,-31.0774186955704,-178.88681847933142
247.47373686843423,0.00023707842071080064,4.019819005031555,0.00022393434089458598,6.573516224213935,0.9445580927323267,0.01702890896231188,-0.3237179714603599,-15.376263525519416,-0.3237179714603599,-31.077264488469854,-178.89128059233357
247.61380690345172,0.0002370899053823448,4.003444235873765,0.00022330019639241395,6.5647589881368855,0.9418376376350027,0.017028813019493872,-0.3224188752392652,-15.376312462951534,-0.3224188752392652,-31.077113769981036,-178.89575582901114
247.75387693846923,0.00023710104866446347,3.9870229069244862,0.00022266251621655417,6.557299112961001,0.9391038861732655,0.017028719081305814,-0.3211153665689548,-15.376360378151722,-0.3211153665689548,-31.076966543052272,-178.9002453962191
247.89394697348675,0.00023711184891847087,3.9705505319968397,0.00022202105701322987,6.551168971884835,0.936355808560078,0.017028627150347076,-0.3198070878704786,-15.376407269777186,-0.31980708787047857,-31.07682281596482,-178.90475052344127
248.03401700850424,0.00023712230396315934,3.9540225440537426,0.00022137557155508806,6.5464036350109325,0.9335923607991015,0.017028537232340414,-0.31849367425017916,-15.376453134892294,-0.31849367425017916,-31.076682602473294,-178.90927246428134
248.17408704352175,0.00023713241105840517,3.9374342896444565,0.0002207258084983001,6.543041013149536,0.930812483679997,0.017028449336221337,-0.31717475304893117,-15.376497968922948,-0.31717475304893117,-31.07654592196427,-178.91381249800344
248.31415707853924,0.000237142166886838,3.9207810231677502,0.00022007151213767487,6.541122013883604,0.9280151017709596,0.017028363474238688,-0.3158499433754606,-15.37654176560525,-0.3158499433754606,-31.07641279963479,-178.9183719311249
248.45422711355678,0.00023715156753346522,3.9040579009519343,0.0002194124221599982,6.5406907108536645,0.9251991224094954,0.01702827966206711,-0.3145188556229362,-15.37658451692808,-0.3145188556229362,-31.076283266691537,-178.92295209906408
248.5942971485743,0.00023716060846312972,3.8872599751421175,0.00021874827339591566,6.5417945273150675,0.9223634346929223,0.01702819791893218,-0.3131810909680291,-15.376626213069262,-0.3131810909680291,-31.076157360572086,-178.92755436784591
248.7343671835918,0.00023716928449566506,3.8703821873847764,0.0002180787955707587,6.544484435122266,0.9195069084704547,0.01702811826774886,-0.3118362408516081,-15.37666684232488,-0.3118362408516081,-31.076035125189428,-178.93218013586792
248.8744372186093,0.00023717758977860243,3.8534193622996327,0.00021740371305483576,6.54881517040829,0.9166283933392487,0.017028040735274228,-0.3104838864402261,-15.376706391031352,-0.3104838864402261,-31.075916611201514,-178.93683083572967
249.01450725362682,0.00023718551775726444,3.836366200729128,0.0002167227446138488,6.554845467351226,0.9137267176474188,0.01702796535227544,-0.3091235980675652,-15.376744843479733,-0.3091235980675652,-31.07580187630719,-178.94150793612846
249.1545772886443,0.0002371930611420666,3.819217272755628,0.00021603560316024137,6.562638311556454,0.9108006875076629,0.01702789215371389,-0.3077549346549969,-15.376782181821728,-0.3077549346549969,-31.075690985570574,-178.94621294382375
249.29464732366182,0.00023720021187283063,3.80196701047665,0.00021534199550646217,6.572261214734143,0.9078490858259131,0.017027821178946835,-0.3063774431104109,-15.376818385966844,-0.3063774431104109,-31.07558401177581,-178.95094740567367
249.43471735867934,0.00023720696107989127,3.784609700528988,0.0002146416221213414,6.583786512517258,0.9048706713503663,0.017027752471947648,-0.30499065770451617,-15.376853433469986,-0.3049906577045161,-31.07548103581438,-178.95571291074603
249.57478739369685,0.00023721329904176106,3.7671394763526327,0.00021393417689100143,6.597291687448803,0.9018641777472123,0.017027686081546176,-0.30359409942380455,-15.376887299408864,-0.30359409942380455,-31.075382147107476,-178.96051109250612
249.71485742871437,0.00023721921513909214,3.7495503101862604,0.00021321934688600712,6.612859719369001,0.8988283127106174,0.017027622061690683,-0.3021872752994359,-15.376919956250322,-0.3021872752994359,-31.07528744406594,-178.96534363108447
249.85492746373185,0.0002372246978046491,3.7318360047866777,0.00021249681213677098,6.630579465656515,0.8957617571158584,0.01702756047173306,-0.3007696777113484,-15.376951373704875,-0.3007696777113484,-31.075197034590868,-178.97021225562645
249.99499749874937,0.00023722973446898088,3.713990184865545,0.00021176624541959053,6.650546074024289,0.8926631642260686,0.01702750137673917,-0.29934078366696076,-15.37698151856835,-0.2993407836669607,-31.075111036617997,-178.97511874672568
250.13506753376686,0.00023723431150144843,3.6960062882380553,0.00021102731205612275,6.6728614308434056,0.8895311589648968,0.01702744484782635,-0.29790005405394543,-15.37701035454976,-0.29790005405394543,-31.075029578709387,-178.98006493894317
250.27513756878437,0.00023723841414623325,3.677877556679619,0.00021027966972957687,6.697634648269168,0.8863643372694311,0.017027390962530177,-0.29644693286664425,-15.377037842084176,-0.2964469328666442,-31.074952800696284,-178.98505272341325
250.41520760380192,0.00023724202645291248,3.659597026488755,0.00020952296832147952,6.724982593777146,0.8831612655402157,0.017027339805203122,-0.29498084640588046,-15.377063938129394,-0.2949808464058804,-31.07488085437732,-178.99008405053755
250.5552776388194,0.00023724513120115324,3.641157518756333,0.0002087568497734996,6.755030466084859,0.8799204802078773,0.01702729146744763,-0.29350120245205863,-15.377088595945017,-0.2935012024520586,-31.074813904276702,-178.99516093276648
250.69534767383692,0.00023724770981902688,3.6225516293445543,0.00020798094797958328,6.7879124218421625,0.8766404874391902,0.017027246048586495,-0.29200738941171234,-15.377111764852547,-0.2920073894117124,-31.074752128467725,-179.00028544746817
250.83541770885444,0.00023724974229440347,3.603771718582281,0.00020719488871451017,6.823772257923157,0.873319763009065,0.017027203656173932,-0.2904987754379066,-15.377133389974675,-0.2904987754379066,-31.074695719466604,-179.00545973988312
250.97548774387192,0.0002372512070788316,3.584809900687409,0.00020639828960598036,6.862764154650396,0.8699567523692314,0.017027164406550704,-0.2889747075252351,-15.377153411952184,-0.2889747075252351,-31.074644885203494,-179.01068602616175
251.11555777888944,0.00023725208098324796,3.56565803293214,0.00020559076015850785,6.90505348583142,0.8665498709493904,0.017027128425447183,-0.2874345105805621,-15.377171766636323,-0.2874345105805621,-31.07459985007679,-179.01596659648106
251.25562781390693,0.0002372523390648049,3.5463077045728864,0.0002047719018387362,6.950817702094452,0.8630975047323063,0.017027095848638728,-0.2858774864711327,-15.377188384754577,-0.2858774864711327,-31.074560856098373,-179.02130381823437
251.39569784892447,0.00023725195450402764,3.5267502255734247,0.00020394130823333845,7.000247294679636,0.8595980111509526,0.01702706682265789,-0.28430291305223426,-15.377203191547428,-0.28430291305223426,-31.07452816413804,-179.02670013928676
251.535767883942,0.00023725089847144047,3.5069766151588158,0.00020309856529247835,7.053546847579506,0.8560497203635532,0.017027041505568635,-0.2827100431773073,-15.37721610637351,-0.2827100431773073,-31.074502055275623,-179.03215809128602
251.67583791895947,0.00023724913998271585,3.486977590247135,0.00020224325167387633,7.110936186734875,0.852450936971195,0.01702702006780818,-0.28109810369418337,-15.377227042280289,-0.28109810369418337,-31.074482832270935,-179.03768029301665
251.815907953977,0.00023724664574130796,3.4667435538182443,0.00020137493920495604,7.172651635883342,0.848799942253067,0.017027002693102707,-0.27946629443211135,-15.377235905537079,-0.27946629443211135,-31.074470821162087,-179.04326945378014
251.95597798899448,0.0002372433799674318,3.4462645832929715,0.00020049319348335054,7.238947389635411,0.845094997006339,0.017026989579463563,-0.27781378718539346,-15.377242595127036,-0.27781378718539346,-31.07446637300399,-179.04892837678258
252.096048024012,0.00023723930421213607,3.425530419012328,0.0001995975746392876,7.310097015423184,0.8413343450915294,0.017026980940271674,-0.2761397247007685,-15.377247002194181,-0.27613972470076853,-31.074469865760133,-179.05465996250408
252.2361180590295,0.00023723437715509745,3.404530452926508,0.00019868763828716915,7.386395097129448,0.8375162178003929,0.01702697700545808,-0.27444321967733404,-15.377249009441428,-0.27444321967733404,-31.07448170636173,-179.06046721202023
252.37618809404702,0.0002372285543846285,3.3832537176262387,0.00019776293669803127,7.4681590344708635,0.8336388391820236,0.017026978022789813,-0.27272335378965257,-15.37724849047491,-0.27272335378965257,-31.074502332949763,-179.06635323023946
252.51625812906454,0.00023722178815824605,3.361688875876553,0.00019682302022967476,7.555731013572429,0.8297004324846331,0.01702698425927087,-0.27097917674694944,-15.377245309089687,-0.2709791767469494,-31.074532217317568,-179.0723212290115
252.65632816408205,0.00023721402714198386,3.3398242108452485,0.0001958674390571754,7.649480165634445,0.8256992278957409,0.017026996002669235,-0.26920970540393374,-15.37723931849115,-0.2692097054039337,-31.0745718675722,-179.07837453005425
252.79639819909954,0.0002372052161264635,3.317647617256208,0.00019489574525336878,7.749804932150398,0.8216334717928889,0.017027013563181818,-0.26741392294188754,-15.377230360446196,-0.26741392294188754,-31.074621831035834,-179.08451656763546
252.93646823411706,0.00023719529571753785,3.2951465937423077,0.00019390749527690084,7.857135656773652,0.8175014377511688,0.01702703727525033,-0.26559077814231474,-15.37721826435747,-0.26559077814231474,-31.074682697409507,-179.0907508909325
253.07653826913455,0.00023718420199912284,3.27230823672544,0.00019290225293475724,7.971937425631023,0.8133014395936481,0.017027067499542654,-0.2637391847797697,-15.377202846253295,-0.2637391847797697,-31.074755102224508,-179.09708116598028
253.21660830415206,0.00023717186616559907,3.2491192362125756,0.00019187959289698804,8.094713179615322,0.8090318468169961,0.017027104625115058,-0.26185802116551743,-15.377183907685447,-0.26185802116551743,-31.074839730608343,-179.10351117709857
253.3566783391696,0.00023715821412092914,3.2255658739699458,0.0001908391048539563,8.226007123906152,0.8046911027785261,0.017027149071772843,-0.2599461298796746,-15.377161234525865,-0.2599461298796746,-31.074937321395367,-179.11004482767072
253.4967483741871,0.00023714316604136668,3.201634024622393,0.0001897803984210445,8.366408461607659,0.800277746093428,0.017027201292647863,-0.2580023177364421,-15.377134595652864,-0.2580023177364421,-31.075048671614788,-179.1166861401219
253.6368184092046,0.00023712663589835805,3.17730916032583,0.00018870310891278518,8.51655547985645,0.7957904357639134,0.017027261777013705,-0.2560253560353066,-15.377103741516331,-0.2560253560353066,-31.075174641391637,-179.12343925491624
253.7768884442221,0.0002371085309379348,3.152576359778666,0.0001876069041281212,8.677140017917464,0.7912279806466724,0.017027331053360614,-0.25401398116074114,-15.377068402570613,-0.25401398116074114,-31.07531615929939,-179.13030842836014
253.9169584792396,0.00023708875111258163,3.1274203224765547,0.00018649149231141714,8.848912347476038,0.7865893739634303,0.01702740969275468,-0.2519668956042778,-15.377028287562652,-0.2519668956042778,-31.075474228207042,-179.13729802896023
254.05702851425713,0.00023706718846123356,3.101825389278536,0.0001853566314804335,9.032686495306804,0.7818738336737139,0.0170274983125074,-0.24988276949620053,-15.376983081662125,-0.24988276949620059,-31.075649931665698,-179.14441253203833
254.1970985492746,0.00023704372643271567,3.0757755705434535,0.00018420214034320015,9.229346037449695,0.7770808496612355,0.017027597580184132,-0.2477602427497111,-15.376932444419026,-0.2477602427497111,-31.07584444088474,-179.1516565122537
254.33716858429213,0.00023701823914759412,3.0492545833207454,0.0001830279110612408,9.439850391518446,0.7722102388384849,0.017027708217981913,-0.24559792793879143,-15.376876007533271,-0.24559792793879137,-31.076059022350687,-179.1590346336191
254.47723861930967,0.00023699059059306707,3.022245899343888,0.00018183392415751875,9.665241629251565,0.7672622094509356,0.017027831007509483,-0.24339441405252993,-15.376813372419608,-0.24339441405252996,-31.076295046145685,-179.16655163652456
254.61730865432716,0.0002369606337451942,2.994732805884181,0.00018062026591441054,9.906651824167945,0.7622374360655748,0.017027966795004033,-0.24114827129386052,-15.376744107550305,-0.24114827129386052,-31.076553995026433,-179.1742123211971
254.75737868934468,0.00023692820961247204,2.966698481885905,0.00017938714866070151,10.165310938242946,0.7571371469615767,0.017028116497021635,-0.23885805712019398,-15.376667745556922,-0.23885805712019398,-31.07683747432757,-179.18202152692248
254.89744872436216,0.00023689314619451346,2.9381260922298624,0.00017813493440763827,10.44255523564182,0.7519632259068032,0.01702828110663934,-0.23652232375798088,-15.376583780071824,-0.23652232375798088,-31.077147222756615,-179.1899841062389
255.03751875937968,0.0002368552573494293,2.908998903469979,0.00017686416236294952,10.739836189149527,0.7467183306048566,0.017028461700208594,-0.23413962746352132,-15.376491662289403,-0.23413962746352132,-31.077485124149653,-179.1981048931738
255.1775887943972,0.00023681434156345852,2.879300424971214,0.00017557558092888044,11.05872981395501,0.7414060304360068,0.017028659444699883,-0.2317085398494737,-15.37639079722682,-0.2317085398494737,-31.077853220257808,-179.20638866443403
255.31765882941468,0.0002367701806165135,2.8490145800568776,0.000174270184875521,11.400946321320436,0.7360309664914221,0.017028875605678,-0.22922766165126313,-15.376280539664302,-0.22922766165126307,-31.07825372463438,-179.21484009227254
255.45772886443223,0.0002367225381376505,2.8181259125672997,0.000172949258473561,11.768339928105679,0.7305990373125929,0.017029111555945855,-0.22669563937133166,-15.37616018974597,-0.22669563937133166,-31.078689037689294,-179.22346368753625
255.5977988994497,0.00023667115804513182,2.7866198351547107,0.0001716144254695451,12.162918583094442,0.7251176141911606,0.017029368784890874,-0.22411118531302185,-15.376028988224013,-0.22411118531302185,-31.07916176297197,-179.23226373114608
255.73786893446723,0.0002366157628668158,2.754482926709951,0.000170267706889001,12.586853272622218,0.7195957903482524,0.017029648908562227,-0.22147310160122435,-15.375886111332122,-0.22147310160122435,-31.07967472473331,-179.24124419196818
255.87793896948475,0.00023655605193822948,2.7217032875558584,0.00016891158775390793,13.042486440175571,0.7140446687790294,0.017029953680497992,-0.21878030888525396,-15.375730665278873,-0.21878030888525393,-31.080230986802384,-179.25040862869605
256.01800900450223,0.00023649169947801657,2.6882709624685686,0.00016754909389354912,13.532338890479567,0.7084776939882572,0.01703028500330788,-0.2160318805320094,-15.375561680358473,-0.2160318805320094,-31.080833872790308,-179.25976007297592
256.15807903951975,0.0002364223525437242,2.6541784432245237,0.00016618388010107847,14.059114340231968,0.7029110332126666,0.01703064494099834,-0.21322708324590622,-15.375378104686225,-0.2132270832459062,-31.081486987601945,-179.2693008905646
256.29814907453726,0.00023634762887537425,2.6194212642354744,0.0001648203309262563,14.62570051670317,0.6973640129606116,0.017031035732001074,-0.21036542519736742,-15.375178797578979,-0.21036542519736742,-31.08219424019129,-179.27903261680603
256.4382191095548,0.00023626711464028679,2.583998706941304,0.00016346367537535138,15.235165383746802,0.691859616706381,0.017031459802831012,-0.20744671290456207,-15.374962522619091,-0.2074467129045621,-31.08295986743698,-179.28895576214757
256.5782891445723,0.00023618036210061705,2.5479146309927936,0.00016212011668143592,15.890746685726285,0.6864250492272929,0.017031919782253265,-0.2044711182938917,-15.374727940463924,-0.2044711182938917,-31.08378845893362,-179.29906958278764
256.71835917958975,0.0002360868872355493,2.511178452867957,0.0001607969780705756,16.595832540797918,0.6810923721915346,0.017032418515777754,-0.20143925756220707,-15.374473601494243,-0.2014392575622071,-31.084684982390016,-179.3093718108567
256.8584292146073,0.00023598616736369887,2.4738062954081887,0.00015950286502760652,17.353930290604684,0.6758992139644471,0.017032959080220924,-0.19835228367543278,-15.374197938435303,-0.19835228367543278,-31.085654809187883,-179.31985833778833
256.99849924962484,0.00023587763882876816,2.4358223347864896,0.00015824784389061137,18.16862024124551,0.6708895539076047,0.017033544797971863,-0.19521199455914318,-15.373899259136577,-0.19521199455914318,-31.086703739477905,-179.33052284375705
257.1385692846423,0.00023576069483381657,2.3972603745402803,0.00015704363559238964,19.04349034815042,0.6661145773390549,0.017034179250470332,-0.19202095925803264,-15.373575739762341,-0.19202095925803264,-31.087838025964377,-179.3413563652675
257.2786393196598,0.00023563468353769457,2.358165679374117,0.00015590382192425033,19.982047372878274,0.6616335913864324,0.017034866290240043,-0.18878266455006398,-15.373225418729115,-0.18878266455006398,-31.089064395243057,-179.35234679222168
257.41870935467733,0.00023549890656249944,2.3185971042344597,0.00015484405972039032,20.987599682323985,0.6575149837449288,0.017035610050614765,-0.18550168467709652,-15.372846191830828,-0.18550168467709652,-31.09039006519898,-179.36347828513348
257.55877938969485,0.0002353526181047008,2.278629556346176,0.00015388229575620294,22.063106833470485,0.6538371954194521,0.017036414952040606,-0.1821838769681793,-15.37243580912213,-0.1821838769681793,-31.091822756524593,-179.37473060269988
257.69884942471236,0.00023519502489630952,2.2383568289912046,0.00015303897185917656,23.210991615537875,0.650689664573674,0.017037285703525838,-0.17883660614337546,-15.371991874289165,-0.17883660614337543,-31.093370695871645,-179.38607832981188
257.8389194597298,0.0002350252873275611,2.1978948451209948,0.00015233720575369983,24.432911594136403,0.6481736815893488,0.01703822729743267,-0.1754689999386599,-15.3715118474288,-0.1754689999386599,-31.095042607486228,-179.39748999649305
257.9789894947474,0.00023484252212030378,2.1573853454824894,0.00015180292862790773,25.729489748996695,0.6464030758030396,0.017039244995356247,-0.1720922383099446,-15.370993052385803,-0.1720922383099446,-31.096847689382567,-179.4089270794407
258.1190595297649,0.0002346458070324015,2.1170000485385447,0.00015146495563000351,27.100007837680838,0.6455046333262976,0.017040344302311872,-0.16871987775675276,-15.370432690063664,-0.16871987775675276,-31.09879556917977,-179.42034288016953
258.25912956478237,0.00023443418817785638,2.0769452964087414,0.0001513549610237817,28.542071863697497,0.645618125070369,0.01704153092585225,-0.16536821112454508,-15.369827859428684,-0.1653682111245451,-31.10089623365807,-179.43168127765742
258.3991995997999,0.0002342066906633644,2.037467180215586,0.00015150732638926525,30.051266431658153,0.6468958079725972,0.017042810716075472,-0.16205666143871927,-15.369175588262019,-0.16205666143871925,-31.103159924901576,-179.44287535943855
258.5392696348174,0.0002339623333655709,1.9988571069423808,0.0001519588291348157,31.620823342056827,0.6495012549621693,0.017044189581784185,-0.15880820569881057,-15.368472876068315,-0.15880820569881057,-31.105596994627742,-179.45384594395918
258.6793396698349,0.0002337001487966635,1.9614577250263956,0.00015274814092046846,33.24133839858525,0.6536073755493014,0.01704567337736559,-0.15564982089495472,-15.367716751897966,-0.15564982089495472,-31.108217707033702,-179.46450001951362
258.81940970485243,0.00023341920911625438,1.9256690638341485,0.0001539151124905512,34.90057725848178,0.659393513812712,0.017047267754354393,-0.15261293955896987,-15.366904350144615,-0.1526129395589699,-31.111031979349733,-179.47472914208376
258.95947973986995,0.00023311865942483826,1.891954659131995,0.00015549983348941477,36.58341389156857,0.667041556746558,0.017048977971234176,-0.14973389569522333,-15.366033007580572,-0.1497338956952233,-31.114049048480222,-179.484407856798
259.09954977488746,0.00023279775948945803,1.860847329246201,0.00015754147276753815,38.27194140358328,0.676731052365099,0.017050808654992946,-0.1470543337688799,-15.365100384905812,-0.14705433376887989,-31.11727705192454,-179.49339223622928
259.2396198099049,0.00023245593496556242,1.8329541325695566,0.00016007692490586873,39.94578295520101,0.6886334174672013,0.017052763508502187,-0.14462154349992712,-15.364104615795355,-0.14462154349992712,-31.120722512010882,-179.5015186637017
259.37968984492244,0.0002320928389382768,1.808959876746785,0.00016313930938583658,41.582610308555886,0.7029053982541105,0.017054844959229598,-0.1424886716852429,-15.363044485687155,-0.14248867168524293,-31.12438971486627,-179.50860303075612
259.51975987993995,0.00023170842414779177,1.78962836810672,0.00016675638647889034,43.1588515900531,0.7196820188657762,0.017057053747472118,-0.14071474967916692,-15.361919641180545,-0.14071474967916692,-31.128279980127246,-179.5144405632597
259.65982991495747,0.00023130302551613083,1.7758003986556856,0.00017094896526232063,44.65054293392193,0.7390693004592749,0.017059388456594184,-0.1393644625764843,-15.360730828719886,-0.13936446257648427,-31.1323908248797,-179.5188065367675
259.799899949975,0.00023087745148668787,1.7683872893102224,0.00017572938237966204,46.03425677853527,0.7611370501886989,0.01706184499403789,-0.1385075753575269,-15.359480158037337,-0.1385075753575269,-31.136715036393245,-179.52145818250858
259.9399699849925,0.0002304330811725513,1.7683586773029205,0.00018110012575027078,47.28802811636359,0.7859120089387714,0.017064416040382814,-0.13821792495064697,-15.358171381501524,-0.13821792495064697,-31.141239683392406,-179.52213811140413
260.08004002001,0.00022997196237794205,1.7767232032629754,0.00018705266822251657,48.39220177790384,0.8133716227333366,0.017067090494459192,-0.13857188894629424,-15.356810175076417,-0.13857188894629424,-31.14594511493559,-179.5205795819844
260.22011005502753,0.00022949690328157146,1.7945008841924297,0.00019356656635066366,49.33013804598955,0.8434386851537399,0.01706985295499565,-0.13964625591281224,-15.355404400277806,-0.13964625591281224,-31.15080401871973,-179.51651389311237
260.360180090045,0.000229011548143313,1.8226863259853614,0.00020060887295079565,50.088736417605524,0.875977104985364,0.017072683292395724,-0.14151545348403657,-15.353964319893995,-0.14151545348403657,-31.155780634869515,-179.5096800769764
260.5002501250625,0.00022852042516343504,1.8622026024007294,0.00020813391075584663,50.65876228088919,0.9107890929530337,0.017075556376040933,-0.1442481423758047,-15.35250273430339,-0.1442481423758047,-31.160830243549945,-179.49983688714275
260.64032016008,0.00022802895310302082,1.9138466489803336,0.00021608345721450708,51.03498309127783,0.9476141265135007,0.017078442030203856,-0.14790325866746273,-15.351035001398204,-0.14790325866746273,-31.165899059955628,-179.48677681368795
260.78039019509754,0.00022754339311921342,1.9782283757376127,0.00022438739313474152,51.21613568304238,0.9861301181229268,0.01708130529175198,-0.1525256802518847,-15.349578903164478,-0.1525256802518847,-31.170924671943922,-179.47034152060888
260.92046023011505,0.00022707073417090683,2.055707286928011,0.00023296486442911908,51.20475358938317,1.025957243145988,0.01708410703177355,-0.1581417974894037,-15.34815432766421,-0.1581417974894037,-31.175837137036645,-179.45043771982347
261.06053026513257,0.00022661850485691557,2.1463319912717966,0.00024172599058584695,51.006883852757106,1.0666648371829568,0.017086804978381356,-0.1647553670375375,-15.346782747852327,-0.1647553670375375,-31.180560811406917,-179.4270521271592
261.2006003001501,0.00022619451181857004,2.249789261074582,0.00025057412163013326,50.63171927790841,1.1077816151044284,0.017089355138702703,-0.1723440998019137,-15.34548649859111,-0.17234409980191373,-31.185016912305258,-179.4002638683646
261.3406703351676,0.00022580651439719774,2.3653698559065477,0.0002594085971239423,50.091167160852905,1.148809182128545,0.017091713567226073,-0.18085745473542011,-15.344287878964442,-0.1808574547354201,-31.18912672183233,-179.37025260820866
261.48074037018506,0.00022546185583160626,2.49195779515607,0.000268127901018301,49.39937141042645,1.1892384191965548,0.017093838371978674,-0.19021605931165525,-15.34320813512178,-0.19021605931165525,-31.19281523620554,-179.33730084251633
261.6208104052026,0.00022516708095790262,2.6280479306467663,0.00027663304452963945,48.572202868566855,1.2285678854688307,0.017095691799611658,-0.20031304578101017,-15.342266404258142,-0.20031304578101017,-31.196014969569205,-179.30178926048774
261.7608804402201,0.00022492757684549337,2.7717936060659207,0.00028483095833167885,47.6267326782566,1.2663229752718768,0.017097242207009845,-0.21101738851235793,-15.341478717096741,-0.21101738851235793,-31.198669557017737,-179.26418482565103
261.9009504752376,0.00022474727406402497,2.9210823124526955,0.00029263764792318385,46.58070504518766,1.3020742927445634,0.017098465720521903,-0.2221790806654634,-15.340857159364207,-0.2221790806654634,-31.200736787162406,-179.22502213456826
262.0410205102551,0.0002246284412934421,3.0736332764013152,0.00029998087113143027,45.4520275230895,1.3354536469384655,0.017099347409326237,-0.2336357427902537,-15.340409279751432,-0.23363574279025376,-31.202190740363672,-179.1848795271242
262.18109054527264,0.0002245715951900577,3.2271076961401115,0.00030680213678773105,44.25829781633702,1.3661662621583135,0.01709988185451874,-0.24522006149287617,-15.340137803928148,-0.24522006149287615,-31.20302281090114,-179.1443521526725
262.32116058029015,0.0002245755327336263,3.379220597294051,0.0003130578932268954,43.01638516284852,1.3939982215169444,0.017100073070544963,-0.2567673539618207,-15.340040676238685,-0.2567673539618207,-31.203241531826833,-179.10402458542163
262.46123061530767,0.00022463747765261773,3.5278433926013433,0.00031871986223481417,41.74208132162396,1.4188187365942857,0.017099933815920846,-0.2681225637961873,-15.34011141015992,-0.2681225637961873,-31.20287127218822,-179.0644455518989
262.60130065032513,0.00022475331907881722,3.6710881096182444,0.00032377456270372084,40.449831325549404,1.4405774474466315,0.01709948440022701,-0.2791461085449426,-15.340339693289991,-0.2791461085449426,-31.201950007963166,-179.0261069061102
262.74137068534264,0.00022491791172485776,3.807367387563959,0.0003282221435151819,39.15254821148005,1.4592974876838458,0.017098751141960765,-0.2897181895635649,-15.340712168669306,-0.2897181895635649,-31.20052645710156,-178.98942827723977
262.8814407203602,0.0002251254037104226,3.9354279892293755,0.0003320746963117658,37.86150985419661,1.4750654117156472,0.01709776465111503,-0.2997413969330661,-15.341213304555145,-0.29974139693306606,-31.198656904295188,-178.9547479846787
263.0215107553777,0.0002253695603698572,4.054358973272438,0.00033535424135176616,36.5863306995609,1.488019237386857,0.017096558102362686,-0.30914165266538207,-15.341826268840805,-0.3091416526653821,-31.196402024612997,-178.92232003146776
263.1615807903952,0.00022564405855985702,4.163578267382845,0.00033809057526918703,35.3349972493704,1.498335818930952,0.01709516563590741,-0.31786770111114204,-15.342533738873872,-0.31786770111114204,-31.193823959460243,-178.89231637510517
263.3016508254127,0.00022594273425048309,4.262802906930617,0.0003403191445011985,34.11395388316161,1.5062185806953907,0.017093620982579428,-0.32588945931694147,-15.34331859786841,-0.32588945931694147,-31.190983821108166,-178.86483329748154
263.4417208604302,0.00022625977469433993,4.352008672256172,0.00034207907072671346,32.92822496740262,1.5118863756884615,0.017091956366717724,-0.3331955809142962,-15.344164490832462,-0.3331955809142962,-31.187939720713487,-178.83990055578786
263.58179089544774,0.00022658985385694318,4.431384484476075,0.0003434114130688681,31.78155991615902,1.5155639461495034,0.01709020170187384,-0.33979057557970255,-15.34505623237602,-0.3397905755797025,-31.18474534270025,-178.817492051447
263.7218609304652,0.00022692821529918673,4.501286007629927,0.0003443577125518259,30.676589522205884,1.5174742025702612,0.017088384064591573,-0.34569177876263996,-15.345980073810443,-0.3456917787626399,-31.181449033361524,-178.7975369403757
263.8619309654827,0.00022727071013866276,4.562191752847256,0.00034495883151862476,29.614984049675865,1.5178323300356564,0.017086527411874303,-0.3509264005187861,-15.346923846883582,-0.35092640051878604,-31.178093335958508,-178.77993035942768
264.00200100050023,0.0002276137992919824,4.614663823944362,0.00034525407627166756,28.59760590298004,1.5168415858160538,0.0170846524977748,-0.355528812356857,-15.347877006652046,-0.355528812356857,-31.174714886908937,-178.76454320655523
264.14207103551774,0.00022795452934126463,4.659314435246188,0.0003452805751602367,27.624651891780164,1.514690566395048,0.01708277694195754,-0.35953816702915437,-15.348830597315562,-0.3595381670291543,-31.171344584112532,-178.75123064926464
264.28214107053526,0.0002282904905565948,4.696778544298607,0.000345072875638765,26.69578203063588,1.5115516848618757,0.0170809154057953,-0.3629963936991832,-15.34977716348375,-0.3629963936991832,-31.168007944601985,-178.73983922773152
264.4222111055528,0.0002286197642764746,4.727692387610565,0.0003446627208435216,25.810233365885725,1.5075805975668573,0.017079079837400844,-0.36594657179143536,-15.350710626407215,-0.36594657179143536,-31.164725580398947,-178.7302125595871
264.5622811405703,0.00022894086533550617,4.7526773625610454,0.0003440789672787742,24.96691849937505,1.5029163394422245,0.017077279754208585,-0.3684316604773325,-15.351626141066774,-0.36843166047733245,-31.16151373541072,-178.7221957460618
264.7023511755878,0.000229252683759173,4.7723285213303015,0.0003433476087435342,24.164509309534342,1.4976819599818358,0.017075522539066836,-0.3704935452157517,-15.35251994630559,-0.3704935452157517,-31.15838484014246,-178.71563863191335
264.84242121060527,0.00022955442865001932,4.787206887480378,0.00034249187645428176,23.40150690835405,1.4919854888813662,0.017073813732511465,-0.37217235556701583,-15.353389216797233,-0.37217235556701583,-31.155348053548913,-178.71039809402538
264.98249124562284,0.00022984557612517231,4.79783483121256,0.0003415323905516132,22.676299178944536,1.4859210967176373,0.017072157309577653,-0.37350600719632676,-15.354231922766292,-0.3735060071963267,-31.152409771847104,-178.70633953501724
265.1225612806403,0.00023012582234039017,4.80469381196814,0.00034048734324573424,21.987207371405763,1.4795703488768115,0.017070555934046924,-0.3745299234779135,-15.355046701078717,-0.3745299234779135,-31.149574092390463,-178.70333774646778
265.2626313156578,0.00023039504203032035,4.808223892289416,0.00033937269842510286,21.332523246091146,1.4730034788701785,0.017069011186469252,-0.37527689676133585,-15.355832739574172,-0.3752768967613359,-31.146843226898866,-178.7012772874475
265.40270135067533,0.0002306532525743334,4.808824528011459,0.0003382023964688513,20.71053818498297,1.4662806298812443,0.0170675237647801,-0.3757770549765264,-15.356589675254009,-0.3757770549765264,-31.144217862734326,-178.7000525022437
265.54277138569284,0.0002309005833243718,4.806856236571438,0.0003369885562297313,20.119565576010928,1.4594530311615797,0.017066093658023234,-0.37605790503658365,-15.357317506079212,-0.3760579050365837,-31.141697473850336,-178.6995672792618
265.68284142071036,0.00023113724976989416,4.802642831860405,0.0003357416687252479,19.557957635348572,1.452564089342983,0.017064720294763573,-0.3761444299577941,-15.358016515585945,-0.3761444299577941,-31.139280584858394,-178.69973463275457
265.8229114557278,0.00023136353203434312,4.796473988189907,0.0003344707790636988,19.02411768536522,1.4456503845820035,0.017063402668388204,-0.37605922149142135,-15.358687209212935,-0.3760592214914214,-31.136964992643946,-178.70047617112192
265.9629814907454,0.00023157975717256378,4.788607957239266,0.0003331836546278133,18.516508761722058,1.4387425684168864,0.01706213944177724,-0.375822634242435,-15.359330261088871,-0.375822634242435,-31.13474795036922,-178.70172150034486
266.1030515257629,0.00023178628474996584,4.779274311115351,0.00033188693863152194,18.03365928853972,1.4318661649438722,0.017060929033886105,-0.3754529507259133,-15.359946469995833,-0.3754529507259133,-31.132626318715985,-178.7034075986262
266.24312156078037,0.00023198349521763595,4.768676623313472,0.00033058628893818887,17.57416643911088,1.425042279960686,0.01705976969069364,-0.3749665496290486,-15.36053672326746,-0.37496654962904863,-31.130596688989563,-178.70547818828942
266.3831915957979,0.00023217178064290317,4.756995029046547,0.00032928650255374377,17.136697692664548,1.4182882245289319,0.01705865954279819,-0.37437807178109966,-15.36110196746667,-0.37437807178109966,-31.128655482332448,-178.7078831231153
266.5232616308154,0.00023235153740507178,4.744388628721302,0.0003279916265459752,16.71999100524362,1.4116180603279957,0.017057596651724592,-0.37370058007136964,-15.361643184797952,-0.3737005800713697,-31.1267990288543,-178.71057780323693
266.6633316658329,0.00023252316051661798,4.730997714755368,0.00032670505634073107,16.32285393405852,1.4050430744828195,0.017056579046769597,-0.37294571088161943,-15.362161374328014,-0.3729457108816195,-31.125023630024778,-178.71352262513903
266.80340170085043,0.00023268703927830435,4.716945813722143,0.00032542962244558104,15.94416198852284,1.3985721914504758,0.017055604753978743,-0.3721238155926521,-15.36265753720684,-0.3721238155926522,-31.123325607225183,-178.71668247092072
266.94347173586794,0.00023284355402084357,4.702341544045493,0.00032416766668133475,15.58285642609838,1.392212329194718,0.017054671818625557,-0.3712440914536686,-15.363132665193675,-0.3712440914536686,-31.121701338936695,-178.72002623853402
267.08354177088546,0.00023299307372520525,4.687280295010006,0.0003229211089843167,15.237941665650807,1.3859687063709611,0.017053778322360765,-0.3703147016253619,-15.363587731895187,-0.37031470162536184,-31.120147288662416,-178.72352641298136
267.223611805903,0.00023313595434822676,4.671845736394239,0.00032169150579424517,14.908482453838943,1.3798451066614383,0.017052922396017498,-0.3693428845713311,-15.364023686215065,-0.369342884571331,-31.118660025345264,-178.72715867728238
267.36368184092044,0.00023327253771001963,4.656111170112166,0.0003204801009760425,14.593600889817859,1.373844105791957,0.01705210222889888,-0.36833505321573096,-15.364441447595198,-0.3683350532157309,-31.117236237749417,-178.730901561257
267.50375187593795,0.00023340315082508563,4.6401407362776155,0.00031928787014775677,14.292473389125174,1.3679672661618605,0.01705131607523623,-0.3672968844387239,-15.364841902698709,-0.3672968844387239,-31.115872744022294,-178.73473612571433
267.64382191095547,0.00023352810558053422,4.6239904864020955,0.00031811555920700297,14.004327648018203,1.3622153034479099,0.017050562258388184,-0.3662333995691399,-15.365225903244744,-0.3662333995691399,-31.114566497439533,-178.7386456793992
267.783891945973,0.00023364769868277008,4.607709336233063,0.00031696371776895107,13.728439653878684,1.3565882290126958,0.017049839173250095,-0.3651490365741642,-15.365594264756375,-0.36514903657416425,-31.113314589154047,-178.74261552596766
267.9239619809905,0.00023376221180899335,4.5913399102124615,0.0003158327281527198,13.464130774902603,1.3510854714652774,0.017049145287259128,-0.3640477146529886,-15.365947766025407,-0.36404771465298863,-31.112114248619612,-178.74663273828827
268.064032016008,0.0002338719119122298,4.574919288809443,0.0003147228304814942,13.210764952514113,1.3457059802872227,0.017048479140309512,-0.3629328919256763,-15.366287149134049,-0.3629328919256763,-31.11096284223269,-178.75068595746515
268.20410205102553,0.00023397705163880403,4.558479669147901,0.0003136341443957795,12.967746012296477,1.3404483140506618,0.017047839343833377,-0.3618076168779266,-15.366613119903343,-0.3618076168779267,-31.10985787063221,-178.75476521412116
268.34417208604305,0.00023407786982552144,4.542048948471665,0.0003125666878192195,12.734515103298229,1.3353107154136468,0.017047224579253888,-0.36067457418271215,-15.366926348662993,-0.3606745741827121,-31.108796965010214,-178.75886176964914
268.4842421210605,0.00023417459205064755,4.525651239111659,0.0003115203931623931,12.510548271010261,1.3302911747787611,0.0170466335959774,-0.35953612547509994,-15.36722747125766,-0.35953612547509994,-31.10777788271622,-178.76296797531973
268.624312156078,0.00023426743121831155,4.509307322768264,0.00031049512130173747,12.29535416584455,1.3253874842397109,0.01704606520905745,-0.35839434560989897,-15.367517090221947,-0.35839434560989897,-31.106798502379725,-178.76707714731774
268.76438219109554,0.00023435658816046073,4.493035051116796,0.00030949067362791364,12.08847188634783,1.3205972832136028,0.01704551829663714,-0.35725105488512937,-15.367795776069677,-0.35725105488512937,-31.105856818728036,-178.7711834559597
268.9044522261131,0.0002344422522441169,4.476849698994133,0.000308506802420072,11.889468954472264,1.3159180969599036,0.017044991797253575,-0.35610784766908216,-15.368064068654792,-0.35610784766908216,-31.104950937238534,-178.77528182751516
269.04452226113057,0.0002345246019746006,4.46076427573597,0.00030754321976921045,11.697939418859052,1.3113473690172508,0.017044484707070377,-0.3549661178258005,-15.368322478570096,-0.35496611782580056,-31.104079068733057,-178.7793678572172
269.1845922961481,0.00023460380558772842,4.444789799606823,0.0003065996052446186,11.513502081140754,1.3068824884427028,0.01704399607708931,-0.3538270812936458,-15.368571488557754,-0.3538270812936458,-31.103239523996997,-178.78343773219538
269.32466233116554,0.00023468002162585258,4.428935539698872,0.00030567561247190055,11.335798839650753,1.3025208126119716,0.01704352501038053,-0.35269179613452645,-15.368811554911323,-0.3526917961345264,-31.10243070848568,-178.7874881632016
269.46473236618306,0.0002347533994940864,4.413209229167397,0.00030477087476881055,11.164493144561451,1.2982596862308184,0.017043070659360993,-0.35156118033741746,-15.369043108854175,-0.3515611803374174,-31.101651117164234,-178.79151632412368
269.6048024012006,0.0002348240799942343,4.397617253216178,0.00030388500996574285,10.999268558296093,1.2940964571146376,0.017042632223143245,-0.350436027628918,-15.369266557882877,-0.350436027628918,-31.10089932951439,-178.79551979839343
269.74487243621815,0.00023489219583485346,4.3821648148424375,0.0003030176245208725,10.839827415032259,1.2900284892134783,0.017042208944970463,-0.34931702151573646,-15.369482287067415,-0.34931702151573646,-31.10017400473111,-178.79949653149728
269.88494247123566,0.00023495787211659101,4.366856080992011,0.0003021683170252918,10.685889573190595,1.2860531732912084,0.017041800109748692,-0.3482047477588962,-15.369690660302556,-0.3482047477588962,-31.09947387712448,-178.80344478888733
270.0250125062531,0.00023502122679248838,4.351694311458363,0.0003013366811807748,10.537191254957829,1.28216793560881,0.017041405041683597,-0.34709970545699437,-15.369892021506574,-0.34709970545699437,-31.09879775173505,-178.80736311867201
270.16508254127064,0.0002350823711033627,4.336681972578842,0.00030052230832179155,10.393483967105471,1.278370244911541,0.017041023102025685,-0.3460023168957757,-15.370086695765295,-0.3460023168957757,-31.098144500166836,-178.81125031853654
270.3051525762881,0.00023514140998868758,4.321820837534468,0.0002997247895438181,10.254533497610366,1.2746576179765086,0.017040653686925894,-0.3449129363034036,-15.370274990420361,-0.3449129363034036,-31.097513056637986,-178.81510540640733
270.44522261130567,0.0002351984424736281,4.30711207484198,0.0002989437174917198,10.120118982855498,1.271027623940321,0.017040296225401343,-0.3438318576348948,-15.370457196101846,-0.3438318576348949,-31.09690241424581,-178.81892759443156
270.5852926463231,0.0002352535620330462,4.292556326435581,0.0002981786878547977,9.990032040471867,1.2674778875948003,0.017039950177409915,-0.34275932149508637,-15.370633587705802,-0.34275932149508637,-31.096311621441778,-178.82271626589161
270.7253626813407,0.00023530685693340795,4.278153776567345,0.0002974293006088743,9.864075963169702,1.2640060918116256,0.0170396150320311,-0.34169552129695263,-15.370804425318035,-0.34169552129695263,-31.095739778709696,-178.82647095471987
270.86543271635816,0.00023535841055359185,4.263904212607763,0.00029669516104040955,9.742064969195427,1.2606099792335703,0.017039290305749872,-0.34064060874103763,-15.370969955085698,-0.3406406087410377,-31.095186035439433,-178.83019132731707
271.0055027513757,0.0002354083016856413,4.249807078697652,0.00029597588058296475,9.623823505328865,1.2572873533500275,0.01703897554083984,-0.3395946986919176,-15.371130410038592,-0.3395946986919176,-31.094649586987877,-178.83387716641323
271.1455727863932,0.00023545660481651611,4.2358615230889916,0.00029527107749229237,9.509185598609907,1.2540360790574883,0.01703867030384153,-0.3385578735189442,-15.371286010862244,-0.3385578735189441,-31.094129671918612,-178.83752835673886
271.28564282141065,0.00023550339039189673,4.222066439911853,0.0002945803773828203,9.397994253242738,1.2508540827909724,0.01703837418413144,-0.3375301869608311,-15.371436966625001,-0.3375301869608311,-31.09362556941109,-178.84114487230246
271.4257128564282,0.00023554872506307767,4.20842050601686,0.00029390341364526803,9.290100889376,1.2477393522998843,0.017038086792577404,-0.3365116675668617,-15.371583475461293,-0.33651166756686174,-31.09313659683037,-178.84472676509355
271.56578289144574,0.00023559267191795686,4.194922213465394,0.00029323982776249027,9.185364820692124,1.2446899361309869,0.017037807760275837,-0.3355023217614952,-15.371725725213423,-0.3355023217614952,-31.092662107448625,-178.84827415505072
271.70585292646325,0.00023563529069709697,4.181569898171777,0.00029258926953836526,9.083652767960677,1.2417039428719578,0.01703753673736631,-0.33450213657383615,-15.371863894034094,-0.33450213657383615,-31.092201488309676,-178.85178722115356
271.8459229614807,0.00023567663799579163,4.168361765142295,0.000291951397252561,8.984838405919948,1.238779540201071,0.01703727339191927,-0.3335110820687522,-15.3719981509518,-0.33351108206875224,-31.091754158227992,-178.8552661935129
271.9859929964982,0.0002357167674530269,4.155295910703575,0.00029132587775230036,8.88880194104596,1.2359149537817886,0.01703701740889249,-0.3325291135122834,-15.372128656401367,-0.3325291135122834,-31.091319565914112,-178.85871134634826
272.12606303151574,0.00023575572992818764,4.1423703420664895,0.0002907123864907419,8.795429717948501,1.2331084660351388,0.01703676848915235,-0.33155617330029996,-15.372255562721557,-0.3315561733002999,-31.09089718821883,-178.86212299175438
272.26613306653326,0.00023579357366630455,4.129582994531721,0.0002901106075203136,8.704613852305656,1.2303584148178637,0.01703652634855585,-0.33059219267615014,-15.372379014621831,-0.33059219267615014,-31.090486528488327,-178.86550147416918
272.4062031015508,0.0002358303444526034,4.116931746607133,0.00028952023344820367,8.61625188840358,1.2276631920299415,0.017036290717089807,-0.3296370932601512,-15.372499149620083,-0.3296370932601512,-31.090087115023657,-178.8688471654664
272.5462731365683,0.0002358660857570636,4.104414433275876,0.00028894096536023696,8.53024647949535,1.2250212421714548,0.01703606133806358,-0.328690788411243,-15.372616098453198,-0.328690788411243,-31.089698499637606,-178.87216046060382
272.6863431715858,0.00023590083886965502,4.092028857626625,0.00028837251271852466,8.446505089328014,1.222431060865631,0.017035837967351867,-0.32775318443888246,-15.372729985462133,-0.32775318443888246,-31.089320256302667,-178.87544177376603
272.82641320660326,0.00023593464302688064,4.079772801032779,0.00028781459323753115,8.364939713311518,1.2198911933621368,0.017035620372684697,-0.3268241816812521,-15.372840928953073,-0.3268241816812521,-31.088951979884342,-178.8786915349482
272.9664832416208,0.00023596753553020754,4.0676440320462115,0.0002872669327425658,8.28546661791964,1.2174002330324425,0.017035408332981224,-0.3259036754641022,-15.372949041536302,-0.32590367546410226,-31.088593284954,-178.88191018693198
273.1065532766383,0.00023599955185693748,4.055640314152153,0.00028672926501415526,8.208006097019654,1.2149568198670566,0.01703520163772481,-0.32499155695297743,-15.373054430444071,-0.32499155695297743,-31.08824380467631,-178.8850981826116
273.2466233116558,0.00023603072576402456,4.043759412514963,0.00028620133162125897,8.132482243925846,1.2125596389827367,0.017035000086376546,-0.32408771391018476,-15.373157197828988,-0.32408771391018476,-31.08790318976588,-178.88825598263142
273.3866933466734,0.0002360610893853201,4.0319990998300765,0.00028568288174588626,8.058822738064077,1.2102074191463592,0.017034803487824882,-0.32319203136664004,-15.373257441044014,-0.32319203136664004,-31.08757110750931,-178.8913840533011
273.52676338169084,0.00023609067332268656,4.0203571613840285,0.00028517367200129234,7.986958645217524,1.2078989313208472,0.01703461165986885,-0.3223043922176203,-15.373355252905379,-0.3223043922176203,-31.087247240847393,-178.8944828647592
273.66683341670836,0.00023611950673139677,4.008831399413215,0.0002846734662456284,7.916824230401835,1.2056329872375404,0.017034424428732868,-0.3214246777504911,-15.373450721939472,-0.3214246777504911,-31.08693128751433,-178.897552889357
273.8069034517258,0.00023614761740020228,3.9974196368417325,0.00028418203539263735,7.848356782489624,1.2034084379984684,0.017034241628610974,-0.32055276811160505,-15.373543932614757,-0.32055276811160505,-31.086622959229654,-178.90059460023943
273.94697348674333,0.00023617503182643047,3.98611972046961,0.00028369915722075236,7.781496449769611,1.20122417271123,0.017034063101238592,-0.31968854271880354,-15.373634965559672,-0.31968854271880354,-31.08632198093958,-178.9036084701018
274.0870435217609,0.00023620177528644416,3.9749295236748066,0.0002832246161817447,7.716186085686653,1.1990791171585204,0.017033888695490086,-0.3188318806252657,-15.37372389776744,-0.31883188062526574,-31.086028090104605,-178.90659497010282
274.22711355677836,0.00023622787190177502,3.9638469486852586,0.000282758203209894,7.652371104065236,1.1969722325038197,0.017033718267000432,-0.3179826608398466,-15.373810802788622,-0.3179826608398466,-31.085741036030154,-178.90955456891749
274.36718359179594,0.00023625334470121746,3.9528699284708897,0.00028229971553248755,7.589999343169888,1.1949025140342608,0.017033551677809313,-0.31714076260848895,-15.37389575091222,-0.3171407626084889,-31.08546057923757,-178.91248773191413
274.5072536268134,0.00023627821567915493,3.9419964283002136,0.0002818489564823377,7.529020938004832,1.1928689899413487,0.017033388796026467,-0.31630606566083624,-15.373978809336029,-0.31630606566083624,-31.085186490872655,-178.91539492044262
274.6473236618309,0.00023630250585036523,3.9312244470007935,0.00028140573531286586,7.469388200297562,1.190870720139809,0.017033229495516604,-0.3154784504257095,-15.374060042326995,-0.3154784504257095,-31.084918552149567,-178.91827659122117
274.78739369684837,0.00023632623530154046,3.920552017958849,0.00028096986701622493,7.411055505652629,1.1889067951246353,0.017033073655602898,-0.31465779821875334,-15.374139511372146,-0.31465779821875334,-31.084656553827635,-178.92113319581136
274.92746373186594,0.00023634942323973377,3.909977209889206,0.00028054117214482783,7.353979187399366,1.1869763348661508,0.017032921160787695,-0.3138439914052025,-15.374217275320763,-0.31384399140520247,-31.08440029571877,-178.9239651801714
275.06753376688346,0.0002363720880379381,3.899498127403305,0.00028011947663658345,7.29811743669072,1.1850784877426976,0.017032771900489428,-0.31303691354040686,-15.374293390518288,-0.31303691354040686,-31.084149586223873,-178.926772984279
275.207603801901,0.00023639424727798128,3.88911291139999,0.0002797046116440683,7.2434302084430024,1.1832124295104247,0.0170326257687947,-0.31223644949049084,-15.374367910932543,-0.31223644949049084,-31.08390424189622,-178.92955704181657
275.3476738369185,0.00023641591779091178,3.878819739301109,0.0002792964133678199,7.189879132736083,1.1813773623095547,0.01703248266422454,-0.3114424855352721,-15.374440888272716,-0.3114424855352721,-31.083664087029863,-178.93231777991122
275.48774387193595,0.00023643711569503768,3.868616825151328,0.0002788947228938723,7.1374274313192725,1.1795725137063398,0.017032342489513942,-0.31065490945534235,-15.374512372101615,-0.31065490945534235,-31.083428953271863,-178.93505561892385
275.62781390695346,0.00023645785643176958,3.858502419599642,0.0002784993860356312,7.086039838894894,1.1777971357699115,0.01703220515140395,-0.3098736106050211,-15.374582409941482,-0.30987361060502105,-31.08319867925665,-178.9377709722816
275.7678839419709,0.0002364781547994071,3.8484748097779815,0.0002781102531801384,7.035682528873588,1.1760505041831275,0.017032070560445374,-0.30909847997271916,-15.374651047373986,-0.30909847997271916,-31.082973110260955,-178.9404642463488
275.9079539769885,0.00023649802498499926,3.8385323190905827,0.0002777271791387486,6.986323043316844,1.1743319173864748,0.017031938630813474,-0.30832941023008054,-15.374718328134527,-0.30832941023008054,-31.082752097878362,-178.94313584033165
276.048024012006,0.0002365174805944024,3.828673306926447,0.0002773500230022239,6.937930226802952,1.1726406957540876,0.01703180928013294,-0.3075662957711496,-15.374784294201362,-0.3075662957711495,-31.082535499711966,-178.9457861462136
276.1880940470235,0.00023653653468064676,3.818896168305553,0.0002769786480002177,6.890474163969637,1.170976180800876,0.017031682429312574,-0.3068090327426568,-15.374848985879808,-0.3068090327426568,-31.08232317908412,-178.94841554871658
276.32816408204104,0.00023655519977071814,3.8091993334686047,0.00027661292136511346,6.8439261205046655,1.1693377344197946,0.017031558002388987,-0.3060575190664359,-15.374912441881797,-0.3060575190664359,-31.08211500476244,-178.95102442528596
276.4682341170585,0.00023657348789085357,3.799581267418718,0.0002762527142001591,6.798258487370599,1.1677247381482243,0.017031435926378773,-0.3053116544548495,-15.374974699401168,-0.3053116544548495,-31.08191085070046,-178.95361314609602
276.608304152076,0.0002365914105904427,3.7900404694227086,0.00027589790135183707,6.7534447280649745,1.1661365924625084,0.01703131613113882,-0.30457134042003714,-15.375035794184797,-0.3045713404200372,-31.08171059579284,-178.956182074073
276.74837418709353,0.0002366089789646196,3.780575472478601,0.0002755483612863871,6.709459328730322,1.1645727160996293,0.01703119854923398,-0.30383648027769905,-15.375095760599988,-0.30383648027769905,-31.08151412364355,-178.95873156493457
276.88844422211105,0.00023662620367562666,3.771184842755423,0.0002752039759704028,6.666277750941121,1.163032545405071,0.017031083115811904,-0.3031069791460656,-15.375154631698202,-0.3031069791460656,-31.08132132234666,-178.9612619672422
277.0285142571286,0.00023664309497302316,3.761867179010358,0.000274864630755405,6.623876387005901,1.1615155337058916,0.017030969768484523,-0.30238274394062803,-15.375212439275437,-0.30238274394062803,-31.081132084278885,-178.96377362246582
277.1685842921461,0.0002366596627128104,3.752621111988109,0.00027453021426630456,6.582232517634337,1.1600211507080975,0.017030858447215698,-0.30166368336515953,-15.375269213929412,-0.30166368336515953,-31.080946305903005,-178.96626686505863
277.3086543271636,0.00023667591637553618,3.7434453038063626,0.0002742006182936467,6.541324271828021,1.1585488819173713,0.017030749094214877,-0.30094970789948117,-15.375324985113764,-0.3009497078994811,-31.080763887581895,-178.9687420225407
277.44872436218105,0.00023669186508344108,3.734338447331128,0.00027387573768954056,6.501130588863789,1.1570982280822835,0.01703064165383619,-0.30024072978440325,-15.375379781189407,-0.30024072978440325,-31.080584733402024,-178.97119941558978
277.58879439719857,0.00023670751761670333,3.7252992655450274,0.0002735554702671691,6.4616311822464265,1.1556687046591103,0.01703053607248282,-0.2995366630042115,-15.375433629473251,-0.2995366630042115,-31.080408751006395,-178.97363935813888
277.7288644322161,0.00023672288242883397,3.716326510911365,0.0002732397167037727,6.422806505516003,1.1542598412974157,0.01703043229851626,-0.29883742326703616,-15.375486556284436,-0.2988374232670361,-31.080235851435972,-178.97606215747874
277.8689344672336,0.0002367379676612738,3.7074189647364104,0.00027292838044700563,6.384637719802194,1.152871181345585,0.017030330282170224,-0.2981429279834059,-15.375538586988144,-0.29814292798340586,-31.080065948979367,-178.97846811436494
278.0090045022512,0.0002367527811572374,3.698575436531981,0.0002726213676245549,6.347106663024752,1.1515022813755065,0.017030229975468908,-0.29745309624325306,-15.375589746037262,-0.29745309624325306,-31.07989896103009,-178.98085752312835
278.14907453726863,0.0002367673304748485,3.689794763380298,0.0002723185869569253,6.31019582064642,1.1501527107256606,0.01703013133214939,-0.2967678487916208,-15.375640057011895,-0.2967678487916208,-31.07973480795114,-178.98323067178862
278.28914457228615,0.00023678162289960685,3.6810758093025675,0.00027201994967327993,6.2738882978893455,1.1488220510618503,0.01703003430758788,-0.296087108003275,-15.375689542656934,-0.296087108003275,-31.079573412946402,-178.98558784216962
278.4292146073036,0.00023679566545622527,3.6724174646328462,0.00027172536943024215,6.238167793332939,1.1475098959548906,0.017029938858729703,-0.2954107978564277,-15.375738224917733,-0.2954107978564277,-31.07941470193842,-178.98792931001668
278.5692846423212,0.0002368094649198726,3.6638186453982415,0.00027143476223355435,6.2030185738150765,1.1462158504745477,0.017029844944022664,-0.2947388439057319,-15.375786124974022,-0.29473884390573185,-31.07925860345228,-178.99025534511492
278.70935467733864,0.00023682302782685632,3.655278292706606,0.00027114804636249975,6.168425450564446,1.144939530799086,0.017029752523353755,-0.2940711732547117,-15.37583326327219,-0.2940711732547117,-31.07910504850534,-178.99256621140793
278.8494247123562,0.00023683636048477463,3.646795372142474,0.0002708651422969883,6.134373756495351,1.1436805638397793,0.017029661557988882,-0.2934077145277557,-15.375879659555949,-0.2934077145277557,-31.07895397050219,-178.99486216711722
278.9894947473737,0.00023684946898217105,3.638368873172092,0.0002705859726472174,6.100849324601323,1.1424385868797784,0.017029572010515595,-0.2927483978418034,-15.375925332895529,-0.2927483978418034,-31.078805305134797,-178.99714346486113
279.1295647823912,0.00023686235919771526,3.6299978085580435,0.00027031046208581303,6.067838467387135,1.141213247226748,0.01702948384478852,-0.29209315477782294,-15.375970301715483,-0.29209315477782294,-31.078658990287686,-178.99941035177352
279.2696348174087,0.00023687503680893852,3.6216812137840897,0.0002700385372823665,6.035327957283046,1.1400042018787204,0.017029397025877364,-0.2914419183521869,-15.376014583821147,-0.2914419183521869,-31.07851496594728,-179.00166306962188
279.40970485242616,0.0002368875073005486,3.6134181464905333,0.0002697701268402789,6.003305007987919,1.1388111172026087,0.017029311520017566,-0.29079462298802056,-15.376058196423816,-0.29079462298802056,-31.07837317411604,-179.00390185492444
279.54977488744373,0.00023689977597234416,3.6052076859205124,0.0002695051612358297,5.97175725669161,1.1376336686248785,0.017029227294563,-0.2901512044866053,-15.376101156164811,-0.2901512044866053,-31.078233558730254,-179.00612693906604
279.6898449224612,0.00023691184794675415,3.5970489323774086,0.0002692435727593908,5.940672747129457,1.136471540333868,0.0170291443179412,-0.2895115999988953,-15.376143479138303,-0.2895115999988953,-31.078096065582095,-179.00833854841306
279.82991495747876,0.0002369237281760189,3.588941006693596,0.0002689852954587057,5.9100399134249555,1.1353244249932921,0.01702906255961043,-0.28887574799721244,-15.376185180913186,-0.28887574799721244,-31.07796064224499,-179.01053690442671
279.9699849924963,0.00023693542144903476,3.5808830497106636,0.00026873026508415977,5.879847564679082,1.1341920234664622,0.017028981990018892,-0.2882435882471642,-15.37622627655385,-0.2882435882471642,-31.07782723800284,-179.01272222377474
280.11005502751374,0.00023694693239787818,3.572874221771138,0.0002684784190359676,5.850084870266977,1.133074044550795,0.017028902580565754,-0.2876150617798301,-15.376266780640051,-0.2876150617798301,-31.077695803782035,-179.01489471844167
280.25012506253125,0.00023695826550402754,3.5649137022217996,0.00026822969631320776,5.820741345805464,1.1319702047221842,0.017028824303563967,-0.2869901108642576,-15.37630670728583,-0.2869901108642575,-31.077566292087152,-179.0170545958369
280.39019509754877,0.0002369694251042976,3.5570006889285315,0.000267984037464634,5.79180683975646,1.130880227888834,0.01702874713220481,-0.2863686789802935,-15.376346070157616,-0.2863686789802935,-31.077438656939115,-179.01920205890156
280.5302651325663,0.0002369804153965019,3.5491343978027006,0.0002677413845412019,5.763271520633826,1.1298038451541768,0.017028671040523923,-0.2857507107917875,-15.376384882491491,-0.2857507107917875,-31.077312853816462,-179.0213373062131
280.6703351675838,0.00023699124044485848,3.541314062338927,0.000267501681050242,5.735125864782471,1.1287407945884922,0.017028596003369076,-0.28513615212018056,-15.376423157109647,-0.28513615212018056,-31.07718883959918,-179.02346053208777
280.8104052026013,0.0002370019041851489,3.533538933164288,0.00026726487191122266,5.707360644701249,1.1276908210088976,0.01702852199636913,-0.2845249499185125,-15.376460906436174,-0.28452494991851246,-31.077066572514948,-179.02557192668166
280.95047523761883,0.00023701241042964775,3.525808277598637,0.00026703090341304096,5.67996691788149,1.1266536757673438,0.017028448995904572,-0.2839170522458502,-15.37649814251209,-0.2839170522458501,-31.076946012088044,-179.02767167608926
281.0905452726363,0.0002370227628718293,3.5181213792260575,0.00026679972317278415,5.652936016135871,1.125629116546316,0.017028376979079225,-0.28331240824215875,-15.376534877009751,-0.28331240824215875,-31.076827119090225,-179.02975996244024
281.2306153076538,0.00023703296509086782,3.510477537477254,0.00026657128009591294,5.6262595353929905,1.1246169071619276,0.01702830592369329,-0.2827109681036286,-15.376571121246585,-0.2827109681036286,-31.076709855493895,-179.03183696399424
281.3706853426713,0.00023704302055593652,3.502876067222651,0.00026634552433780215,5.599929325934342,1.123616817374089,0.017028235808217454,-0.28211268305845627,-15.376606886198283,-0.28211268305845627,-31.076594184427467,-179.03390285523335
281.51075537768884,0.00023705293263032084,3.4953162983761104,0.0002661224072666027,5.5739374830523305,1.1226286227035003,0.017028166611768262,-0.2815175053430969,-15.376642182511358,-0.2815175053430969,-31.076480070132362,-179.0359578069529
281.65082541270635,0.00023706270457535004,3.4877975755090023,0.00026590188142736266,5.548276338108372,1.1216521042551681,0.0170280983140844,-0.280925388178985,-15.376677020515224,-0.280925388178985,-31.0763674779221,-179.03800198635003
281.79089544772387,0.00023707233955415948,3.4803192574744815,0.0002656839005073693,5.522938449971667,1.1206870485482068,0.01702803089550407,-0.28033628574972835,-15.37671141023372,-0.2803362857497283,-31.076256374143153,-179.04003555711023
281.9309654827413,0.00023708184063529145,3.4728807170417264,0.0002654684193026634,5.4979165968203265,1.1197332473516588,0.017027964336943365,-0.27975015317877683,-15.376745361396136,-0.2797501531787768,-31.076146726137225,-179.042058679492
282.07103551775884,0.00023709121079614048,3.465481340539985,0.00026525539368568127,5.473203768287359,1.1187904975261076,0.017027898619875442,-0.27916694650756513,-15.376778883447837,-0.2791669465075652,-31.076038502205524,-179.04407151040942
282.2111055527764,0.000237100452926254,3.4581205275121385,0.00026504478057398764,5.448793157934994,1.1178586008708522,0.017027833726310684,-0.2785866226741276,-15.376811985560334,-0.2785866226741276,-31.075931671574143,-179.046074203513
282.3511755877939,0.0002371095698304913,3.450797690377663,0.00026483653790005193,5.424678156041792,1.1169373639764204,0.017027769638777612,-0.2780091394921835,-15.376844676641063,-0.2780091394921834,-31.07582620436117,-179.0480669092681
282.49124562281145,0.000237118564232052,3.4435122541046757,0.00026463062458203574,5.400852342687649,1.116026598082213,0.01702770634030466,-0.27743445563068714,-15.37687696534263,-0.27743445563068714,-31.07572207154511,-179.05004977503208
282.6313156578289,0.00023712743877537577,3.436263655890948,0.0002644270004955513,5.377309481122882,1.1151261189390893,0.01702764381440261,-0.2768625305938438,-15.376908860071786,-0.2768625305938438,-31.07561924493444,-179.05202294512904
282.7713856928464,0.00023713619602892355,3.429051344853569,0.000264225626446355,5.354043511407863,1.1142357466766792,0.017027582045047826,-0.27629332470157797,-15.376940368997957,-0.2762933247015779,-31.075517697138718,-179.05398656092308
282.9114557278639,0.0002371448384878429,3.4218747817271336,0.00026402646414394316,5.331048544310877,1.1133553056752628,0.017027521016666144,-0.27572679907045683,-15.376971500061465,-0.27572679907045683,-31.075417401540616,-179.05594076088957
283.0515257628814,0.00023715336857652437,3.414733438570197,0.00026382947617601635,5.308318855452137,1.1124846244420272,0.01702746071411742,-0.2751629155950592,-15.377002260981394,-0.2751629155950591,-31.07531833226924,-179.0578856806847
283.19159579789897,0.0002371617886510534,3.4076267984797806,0.00026363462598377974,5.285848879682667,1.1116235354915331,0.017027401122680672,-0.27460163692978223,-15.37703265926317,-0.2746016369297823,-31.07522046417448,-179.0598214532133
283.3316658329164,0.00023717010100156267,3.400554355313743,0.00026344187783805,5.2636332056873485,1.1107718752302351,0.017027342228039845,-0.2740429264710824,-15.377062702205805,-0.2740429264710824,-31.07512377280234,-179.06174820869475
283.471735867934,0.00023717830785449073,3.393515613420783,0.0002632511968161402,5.241666570801895,1.1099294838448936,0.017027284016270183,-0.2734867483401382,-15.377092396908857,-0.2734867483401382,-31.07502823437146,-179.0636660747277
283.61180590295146,0.000237186411374748,3.3865100873779133,0.0002630625487794912,5.219943856034246,1.1090962051947386,0.01702722647382501,-0.2729330673659358,-15.377121750279148,-0.2729330673659358,-31.07493382575018,-179.0655751763527
283.751875937969,0.00023719441366779856,3.3795373017351396,0.0002628759003520274,5.198460081280927,1.1082718867072345,0.017027169587523202,-0.2723818490687594,-15.377150769037168,-0.27238184906875945,-31.07484052443505,-179.06747563611322
283.89194597298643,0.00023720231678165844,3.3725967907672265,0.00026269121889920617,5.177210400729947,1.107456379277315,0.017027113344537003,-0.2718330596440882,-15.377179459723273,-0.2718330596440882,-31.07474830852961,-179.06936757411552
284.032016008004,0.00023721012270881532,3.365688098232284,0.00026250847250773953,5.156190098441794,1.1066495371699585,0.017027057732380432,-0.271286665946885,-15.377207828703591,-0.271286665946885,-31.074657156724452,-179.07125110808659
284.1720860430215,0.00023721783338807268,3.3588107771370495,0.0002623276299659613,5.135394584100693,1.1058512179259754,0.017027002738898005,-0.2707426354762736,-15.377235882175778,-0.2707426354762736,-31.074567048277828,-179.07312635343078
284.31215607803904,0.00023722545070632337,3.3519643895086126,0.0002621486607448178,5.114819388928622,1.105061282270883,0.017026948352254056,-0.2702009363605919,-15.377263626174463,-0.2702009363605919,-31.074477962997108,-179.0749934232849
284.45222611305655,0.00023723297650025266,3.34514850617249,0.0002619715349794615,5.0944601617550695,1.104279594026771,0.01702689456092231,-0.26966153734281834,-15.377291066576548,-0.26966153734281834,-31.074389881220807,-179.07685242857195
284.592296148074,0.00023724041255797788,3.3383627065367514,0.0002617962234514224,5.074312665235581,1.10350602002702,0.017026841353675964,-0.26912440776635754,-15.377318209106274,-0.26912440776635754,-31.074302783801535,-179.07870347805346
284.73236618309153,0.0002372477606206233,3.331606578382162,0.0002616226975713402,5.054372772212914,1.1027404300337917,0.017026788719578086,-0.2685895175611819,-15.377345059340119,-0.2685895175611819,-31.074216652089298,-179.08054667838036
284.872436218109,0.0002372550223838359,3.324879717658062,0.00026145092936223597,5.034636462214457,1.1019826966581785,0.01702673664797238,-0.26805683723031976,-15.377371622711491,-0.26805683723031976,-31.07413146791572,-179.0823821341427
285.01250625312656,0.0002372621994992445,3.3181817282838724,0.00026128089144330423,5.015099818080171,1.1012326952829088,0.01702668512847432,-0.2675263378366801,-15.37739790451526,-0.2675263378366801,-31.074047213578705,-179.084209947918
285.1525762881441,0.00023726929357586245,3.3115122219560575,0.0002611125570142072,4.995759022715515,1.1004903039875293,0.017026634150962592,-0.26699799099020927,-15.377423909912105,-0.2669979909902092,-31.07396387182761,-179.08603022031826
285.2926463231616,0.00023727630618143906,3.3048708179603694,0.0002609458998398553,4.97661035596406,1.0997554034759658,0.017026583705570898,-0.2664717688353671,-15.37744964393271,-0.2664717688353671,-31.07388142584921,-179.087843050036
285.4327163581791,0.00023728323884375976,3.2982571429892547,0.00026078089423565287,4.957650191594702,1.0990278770063706,0.01702653378267994,-0.2659476440389223,-15.377475111481836,-0.2659476440389223,-31.07379985925384,-179.08964853388872
285.57278639319657,0.00023729009305189936,3.291670830964248,0.00026061751505319957,4.9388749943988,1.0983076103231926,0.017026484372909895,-0.26542558977805103,-15.377500317342161,-0.26542558977805103,-31.0737191560624,-179.09144676686256
285.7128564282141,0.0002372968702574272,3.285111522863202,0.0002604557376664229,4.9202813173924875,1.097594491591365,0.017026435467112935,-0.26490557972873613,-15.377525266178097,-0.2649055797287362,-31.073639300693543,-179.0932378421548
285.8529264632316,0.0002373035718755706,3.278578866552254,0.0002602955379581366,4.901865799119991,1.09688841133256,0.01702638705636623,-0.26438758805445906,-15.377549962539337,-0.26438758805445906,-31.073560277951554,-179.0950218512148
285.9929964982491,0.00023731019928633393,3.272072516622341,0.0002601368923070027,4.883625161053619,1.0961892623634204,0.017026339131965055,-0.26387158939517635,-15.377574410864401,-0.2638715893951764,-31.073482073014453,-179.0967988837846
286.1330665332667,0.00023731675383557765,3.2655921342301673,0.000259979777574886,4.865556205086603,1.095496939735701,0.0170262916854162,-0.26335755885657286,-15.377598615483965,-0.26335755885657286,-31.07340467142279,-179.0985690279379
286.27313656828414,0.00023732323683605977,3.2591373869434808,0.0002598241710945906,4.8476558111149375,1.0948113406782591,0.017026244708431636,-0.2628454719995879,-15.37762258062411,-0.2628454719995879,-31.073328059068533,-179.10033237011828
286.41320660330166,0.00023732964956843739,3.2527079485905293,0.0002596700506579591,4.8299209347045355,1.094132364540822,0.01702619819292233,-0.2623353048302023,-15.377646310409453,-0.2623353048302023,-31.073252222184628,-179.10208899517633
286.5532766383191,0.00023733599328223555,3.246303499113575,0.0002595173945043285,4.81234860484043,1.0934599127394693,0.017026152130992414,-0.2618270337894833,-15.377669808866155,-0.2618270337894833,-31.07317714733473,-179.10383898640586
286.69334667333663,0.00023734226919677916,3.2399237244263737,0.00025936618130932695,4.794935921754603,1.092793888703777,0.017026106514933362,-0.2613206357438828,-15.377693079924837,-0.26132063574388287,-31.07310282140348,-179.1055824255793
286.83341670835415,0.00023734847850209344,3.2335683162754547,0.0002592163901740004,4.777680054829264,1.0921341978255577,0.01702606133721857,-0.2608160879757741,-15.377716127423398,-0.2608160879757741,-31.073029231586865,-179.10731939298196
286.97348674337167,0.00023735462235977234,3.2272369721051453,0.00025906800061426037,4.760578240572783,1.091480747409148,0.01702601659049799,-0.26031336817423134,-15.37773895510971,-0.26031336817423134,-31.07295636538317,-179.10904996744554
287.11355677838924,0.00023736070190381682,3.2209293949261726,0.00025892099255063835,4.743627780665074,1.0908334466231826,0.017025972267593004,-0.259812454426037,-15.377761566644253,-0.259812454426037,-31.0728842105842,-179.11077422638076
287.2536268134067,0.00023736671824144427,3.2146452931878065,0.0002587753462983408,4.726826040070079,1.0901922064538134,0.01702592836149146,-0.2593133252069165,-15.377783965602632,-0.2593133252069165,-31.072812755266554,-179.11249224580916
287.3936968484242,0.00023737267245386886,3.2083843806533614,0.0002586310425575902,4.710170445212375,1.0895569396593143,0.01702588486534291,-0.25881595937299046,-15.37780615547801,-0.25881595937299046,-31.072741987783576,-179.1142041003941
287.5337668834417,0.00023737856559705644,3.20214637627904,0.0002584880624042476,4.693658482215682,1.0889275607260342,0.017025841772453917,-0.2583203361524431,-15.377828139683507,-0.2583203361524431,-31.0726718967573,-179.1159098634709
287.67383691845924,0.00023738439870245282,3.195931004095951,0.0002583463872807031,4.6772876952006595,1.0883039858256436,0.017025799076283658,-0.2578264351373962,-15.377849921554432,-0.2578264351373962,-31.072602471070795,-179.1176096070764
287.8139069534767,0.00023739017277768767,3.1897379930952683,0.000258205998987029,4.6610556846399,1.0876861327736387,0.017025756770439555,-0.2573342362759873,-15.377871504350505,-0.2573342362759873,-31.07253369986072,-179.11930340197725
287.9539769884943,0.00023739588880725387,3.1835670771163764,0.0002580668796723829,4.644960105767698,1.0870739209890539,0.0170257148486731,-0.25684371986464394,-15.377892891258004,-0.25684371986464394,-31.072465572510147,-179.12099131769833
288.0940470235118,0.00023740154775316543,3.177417994737991,0.0002579290118266585,4.628998667042762,1.0864672714553496,0.017025673304875845,-0.25635486654055045,-15.37791408539179,-0.2563548665405505,-31.07239807864161,-179.12267342254972
288.23411705852925,0.00023740715055559184,3.1712904891720974,0.0002577923782723696,4.613169128661606,1.0858661066824282,0.01702563213307548,-0.2558676572743017,-15.377935089797326,-0.2558676572743017,-31.072331208110448,-179.1243497836532
288.37418709354677,0.0002374126981334719,3.165184308160665,0.00025765696215676386,4.5974693011208645,1.0852703506697472,0.017025591327432057,-0.2553820733627369,-15.377955907452572,-0.2553820733627369,-31.07226495099825,-179.1260204669683
288.5142571285643,0.0002374181913851074,3.159099203875056,0.0002575227469441583,4.581897043826686,1.0846799288704885,0.017025550882234317,-0.2548980964219539,-15.377976541269893,-0.2548980964219539,-31.072199297606666,-179.1276855373173
288.6543271635818,0.00023742363118873727,3.1530349328180387,0.0002573897164084898,4.5664502637493385,1.084094768156758,0.017025510791896212,-0.2544157083804926,-15.377996994097805,-0.25441570838049254,-31.072134238451227,-179.12934505841005
288.79439719859926,0.00023742901840309233,3.1469912557283286,0.0002572578546260696,4.551126914121406,1.0835147967857623,0.017025471050953454,-0.2539348914726872,-15.378017268722747,-0.2539348914726872,-31.07206976425558,-179.1309990928678
288.93446723361683,0.00023743435386793188,3.140967937487596,0.0002571271459685427,4.535924993177979,1.0829399443669576,0.0170254316540602,-0.2534556282321823,-15.378037367870771,-0.2534556282321823,-31.07200586594582,-179.1326477022466
289.07453726863434,0.00023743963840456423,3.134964747029871,0.0002569975750960394,4.520842542937292,1.082370141830115,0.017025392595985855,-0.25297790148560717,-15.378057294209164,-0.25297790148560717,-31.071942534644812,-179.13429094706004
289.2146073036518,0.00023744487281634807,3.128981457253249,0.0002568691269505147,4.505877648020178,1.0818053213942858,0.017025353871611987,-0.2525016943464043,-15.37807705034802,-0.2525016943464043,-31.071879761667113,-179.13592888680162
289.3546773386693,0.00023745005788918,3.1230178449338855,0.0002567417867492719,4.491028434507196,1.0812454165376348,0.017025315475929326,-0.25202699020880986,-15.378096638841788,-0.25202699020880986,-31.07181753851368,-179.13756157996627
289.49474737368683,0.00023745519439196509,3.1170736906421324,0.00025661553997866115,4.476293068831737,1.080690361968112,0.01702527740403485,-0.25155377274197904,-15.378116062190738,-0.251553772741979,-31.071755856866957,-179.13918908407155
289.63481740870435,0.0002374602830770728,3.1111487786608687,0.00025649037238794985,4.461669756708113,1.080140093594938,0.017025239651128964,-0.2510820258842564,-15.378135322842407,-0.2510820258842564,-31.071694708585934,-179.1408114556782
289.7748874437218,0.0002374653246807781,3.105242896905831,0.00025636626998335886,4.447156742093082,1.0795945485008773,0.017025202212512792,-0.25061173383758073,-15.378154423192974,-0.25061173383758073,-31.071634085701604,-179.14242875041037
289.9149574787394,0.00023747031992368966,3.099355836848002,0.0002562432190222586,4.432752306179859,1.0790536649152682,0.017025165083585536,-0.2501428810620307,-15.378173365588614,-0.2501428810620307,-31.071573980412364,-179.14404102297516
290.0550275137569,0.0002374752695111634,3.093487393437927,0.0002561212060075223,4.418454766423282,1.0785173821878002,0.01702512825984192,-0.2496754522704973,-15.378192152326802,-0.2496754522704973,-31.07151438507968,-179.14564832718168
290.19509754877436,0.00023748017413370348,3.087637365031944,0.0002560002176820283,4.404262475595091,1.0779856407629964,0.01702509173686965,-0.24920943242348742,-15.378210785657592,-0.24920943242348742,-31.0714552922237,-179.14725071595979
290.33516758379193,0.00023748503446735189,3.0818055533202244,0.00025588024102330987,4.390173820868219,1.0774583821553894,0.017025055510347147,-0.24874480672404872,-15.3782292677848,-0.24874480672404872,-31.07139669451932,-179.14884824137846
290.4752376188094,0.00023748985117406414,3.0759917632566607,0.00025576126323834716,4.376187222929176,1.0769355489253782,0.01702501957604107,-0.24828156061282122,-15.378247600867239,-0.24828156061282122,-31.071338584792095,-179.15044095466317
290.6153076538269,0.00023749462490207457,3.0701958029904475,0.00025564327175849505,4.36230113511738,1.0764170846557208,0.017024983929804168,-0.24781967976320105,-15.378265787019831,-0.24781967976320107,-31.07128095601435,-179.15202890621356
290.7553776888444,0.0002374993562862501,3.0644174837993603,0.00025552625423454477,4.348514042590597,1.0759029339286605,0.017024948567573004,-0.24735915007662268,-15.37828382831476,-0.24735915007662274,-31.071223801301464,-179.15361214562031
290.89544772386193,0.00023750404594843357,3.058656620024716,0.0002554101985319169,4.334824461515601,1.0753930423036713,0.017024913485365903,-0.2468999576779532,-15.37830172678252,-0.24689995767795317,-31.071167113908192,-179.15519072168152
291.03551775887945,0.000237508694497776,3.052913029007894,0.00025529509272597696,4.321230938283089,1.074887356295782,0.017024878679280857,-0.24644208891099376,-15.378319484412994,-0.24644208891099376,-31.071110887225228,-179.15676468241887
291.1755877938969,0.00023751330253105922,3.0471865310284225,0.0002551809250974735,4.307732048746068,1.0743858233544787,0.017024844145493524,-0.24598553033408854,-15.378337103156445,-0.24598553033408854,-31.071055114775632,-179.15833407509345
291.3156578289145,0.00023751787063300888,3.0414769492435876,0.0002550676841280954,4.294326397480979,1.0738883918431676,0.01702480988025532,-0.24553026871583675,-15.37835458492453,-0.24553026871583675,-31.070999790211687,-179.1598989462211
291.45572786393194,0.0002375223993765975,3.035784109629511,0.00025495535849614213,4.281012617070631,1.0733950110191681,0.01702477587989149,-0.24507629103090564,-15.378371931591237,-0.24507629103090564,-31.070944907311507,-179.16145934158715
291.59579789894946,0.0002375268893233393,3.030107840923639,0.00025484393707230564,4.267789367408279,1.0729056310142346,0.01702474214079933,-0.24462358445594032,-15.378389144993838,-0.24462358445594032,-31.07089045997602,-179.16301530626146
291.735867933967,0.00023753134102357575,3.0244479745686434,0.0002547334089155604,4.2546553350222,1.0724202028155825,0.017024708659446372,-0.2441721363655703,-15.378406226933771,-0.2441721363655703,-31.070836442225893,-179.16456688461238
291.8759379689845,0.00023753575501675252,3.0188043446576724,0.00025462376326915815,4.2416092324199886,1.0719386782474094,0.017024675432368706,-0.24372193432850936,-15.378423179177537,-0.24372193432850936,-31.070782848198633,-179.16611412032088
292.016008004002,0.000237540131831689,3.0131767878808953,0.00025451498955672287,4.228649797451867,1.0714610099528847,0.017024642456169293,-0.2432729661037429,-15.378440003457527,-0.24327296610374285,-31.070729672145582,-179.16765705639412
292.1560780390195,0.00023754447198683914,3.007565143473343,0.00025440707737844616,4.21577579269249,1.0709871513766116,0.017024609727516318,-0.24282521963680717,-15.378456701472874,-0.24282521963680723,-31.07067690842937,-179.16919573517873
292.29614807403703,0.00023754877599054496,3.001969253164017,0.00025430001650737766,4.202986004840644,1.0705170567475348,0.017024577243141655,-0.24237868305615376,-15.378473274890236,-0.24237868305615376,-31.07062455152102,-179.1707301983738
292.4362181090545,0.00023755304434128322,2.9963889611261507,0.0002541937968858076,4.19027924413602,1.0700506810622779,0.0170245449998393,-0.2419333446695948,-15.378489725344602,-0.2419333446695948,-31.07057259599745,-179.17226048704367
292.57628814407207,0.0002375572775279043,2.990824113928701,0.00025408840862174183,4.177654343792809,1.069587980068915,0.017024512994463944,-0.24148919296083263,-15.378506054440004,-0.24148919296083263,-31.070521036538842,-179.1737866416302
292.7163581790895,0.00023756147602986408,2.9852745604889632,0.00025398384198546117,4.165110159449346,1.0691289102511412,0.01702448122392944,-0.2410462165860682,-15.378522263750309,-0.2410462165860682,-31.07046986792622,-179.17530870196492
292.85642821410704,0.00023756564031745002,2.979740152026305,0.0002538800874061696,4.1526455686333525,1.0686734288128503,0.017024449685207478,-0.24060440437068634,-15.378538354819893,-0.24060440437068634,-31.0704190850391,-179.17682670728098
292.9964982491245,0.00023756977085200013,2.9742207420169824,0.0002537771354687223,4.140259470242283,1.068221493663093,0.017024418375326204,-0.2401637453060159,-15.378554329164347,-0.24016374530601586,-31.070368682853058,-179.17834069622455
293.1365682841421,0.00023757386808611572,2.968716186150021,0.0002536749769104362,4.1279507840382506,1.0677730634014182,0.017024387291368848,-0.23972422854616515,-15.37857018827117,-0.23972422854616515,-31.070318656437465,-179.1798507068661
293.2766383191596,0.00023757793246386873,2.9632263422841207,0.00025357360261797656,4.115718450157107,1.067328097303568,0.017024356430472513,-0.2392858434049271,-15.378585933600387,-0.2392858434049271,-31.070269000953413,-179.18135677671162
293.41670835417705,0.0002375819644210022,2.9577510704055516,0.00025347300362432154,4.103561428631175,1.06688655530754,0.017024325789826853,-0.23884857935275386,-15.378601566585237,-0.23884857935275391,-31.070219711651454,-179.18285894271327
293.5567783891946,0.00023758596438512643,2.952290232587043,0.00025337317110579873,4.091478698925195,1.0664483979999815,0.017024295366672895,-0.23841242601380225,-15.378617088632753,-0.23841242601380225,-31.07017078386953,-179.18435724127988
293.6968484242121,0.00023758993277590853,2.9468436929476116,0.0002532740963791952,4.07946925948515,1.0660135866029297,0.017024265158301844,-0.23797737316304154,-15.378632501124386,-0.23797737316304154,-31.070122213030942,-179.18585170828737
293.8369184592296,0.00023759387000525724,2.9414113176132974,0.00025317577089893525,4.067532127299387,1.0655820829608662,0.01702423516205394,-0.23754341072342805,-15.37864780541658,-0.23754341072342805,-31.070073994642552,-179.1873423790888
293.97698849424717,0.0002375977764775028,2.935992974678835,0.0002530781862543273,4.055666337471888,1.0651538495280921,0.017024205375317323,-0.23711052876314279,-15.37866300284136,-0.23711052876314279,-31.07002612429252,-179.18882928852406
294.1170585292646,0.00023760165258957132,2.9305885341701696,0.0002529813341668766,4.0438709428070885,1.0647288493564138,0.017024175795526952,-0.23667871749288963,-15.378678094706865,-0.23667871749288963,-31.06997859764882,-179.19031247092974
294.25712856428214,0.0002376054987311547,2.92519786800783,0.0002528852064876605,4.0321450134059384,1.0643070460831148,0.017024146420163547,-0.23624796726325273,-15.37869308229791,-0.23624796726325273,-31.069931410457162,-179.1917919601483
294.39719859929966,0.00023760931528487615,2.91982084997115,0.00025278979519476904,4.02048763627299,1.0638884039192344,0.017024117246752547,-0.2358182685621137,-15.378707966876508,-0.2358182685621137,-31.069884558539375,-179.19326778953746
294.5372686343172,0.00023761310262645092,2.914457355663284,0.0002526950923908026,4.0088979149339705,1.063472887638111,0.01702408827286313,-0.23538961201212483,-15.378722749682359,-0.23538961201212483,-31.069838037791605,-179.19473999197902
294.67733866933463,0.00023761686112484237,2.909107262476997,0.00025260109030043003,3.9973749690636518,1.0630604625642077,0.017024059496107215,-0.23496198836823637,-15.37873743193337,-0.23496198836823637,-31.0697918441827,-179.1962085998878
294.8174087043522,0.00023762059114241471,2.9037704495612657,0.00025250778126800603,3.9859179341236177,1.0626510945622085,0.017024030914138504,-0.23453538851528122,-15.378752014826148,-0.23453538851528122,-31.069745973752596,-179.1976736452202
294.95747873936966,0.0002376242930350806,2.898446797788585,0.0002524151577552403,3.974525961009739,1.0622447500263625,0.017024002524651586,-0.2341098034656086,-15.378766499536445,-0.2341098034656086,-31.069700422610605,-179.1991351594825
295.0975487743872,0.00023762796715244585,2.8931361897230086,0.00025232321233892454,3.9631982157088728,1.061841395870088,0.01702397432538102,-0.23368522435677055,-15.37878088721963,-0.2336852243567706,-31.069655186934106,-179.20059317373926
295.2376188094047,0.00023763161383794922,2.887838509588935,0.0002522319377087098,3.9519338789647067,1.0614409995158183,0.017023946314100456,-0.2332616424492599,-15.378795179011142,-0.2332616424492599,-31.06961026296687,-179.20204771862123
295.3776888444222,0.00023763523342899953,2.8825536432405343,0.000252141326664937,3.940732145952329,1.0610435288850868,0.017023918488621767,-0.23283904912429423,-15.378809376026926,-0.23283904912429423,-31.06956564701764,-179.20349882433337
295.5177588794397,0.00023763882625710834,2.877281478131894,0.00025205137211651603,3.9295922259613456,1.060648952388842,0.017023890846794253,-0.23241743588165029,-15.378823479363842,-0.23241743588165029,-31.069521335458738,-179.20494652066233
295.6578289144572,0.00023764239264801963,2.872021903287791,0.0002519620670788547,3.918513342087197,1.0602572389179923,0.017023863386503805,-0.23199679433754325,-15.378837490100095,-0.23199679433754325,-31.06947732472465,-179.2063908369842
295.79789894947476,0.00023764593292183582,2.866774809275115,0.0002518734046718337,3.9074947309305474,1.0598683578341626,0.01702383610567212,-0.23157711622255028,-15.378851409295622,-0.23157711622255028,-31.0694336113107,-179.20783180227178
295.9379689844922,0.00023764944739314067,2.8615400881749284,0.0002517853781178294,3.896535642304398,1.0594822789606737,0.01702380900225592,-0.23115839337958224,-15.378865237992507,-0.23115839337958224,-31.069390191771767,-179.20926944510174
296.07803901950973,0.00023765293637111916,2.8563176335551193,0.0002516979807397801,3.885635338948752,1.0590989725737205,0.017023782074246235,-0.23074061776189447,-15.378878977215336,-0.23074061776189442,-31.06934706272095,-179.21070379366182
296.2181090545273,0.00023765640015967364,2.851107340443635,0.0002516112059592963,3.8747930962525836,1.0587184093937585,0.01702375531966764,-0.2303237814311406,-15.378892627971588,-0.23032378143114066,-31.069304220828272,-179.21213487575764
296.35817908954476,0.0002376598390575378,2.8459091053023395,0.0002515250472948148,3.8640082019829336,1.058340560577087,0.01702372873657757,-0.22990787655546996,-15.378906191251989,-0.22990787655546996,-31.069261662819653,-179.2135627188195
296.4982491245623,0.00023766325335838691,2.8407228260013895,0.000251439498359792,3.853279956020856,1.0579653977076173,0.0170237023230656,-0.22949289540766138,-15.378919668030868,-0.22949289540766138,-31.069219385475545,-179.21498734990888
296.6383191595798,0.0002376666433509462,2.835548401794175,0.00025135455286093956,3.8426076701040452,1.0575928927888352,0.0170236760772528,-0.22907883036329849,-15.378933059266505,-0.22907883036329849,-31.069177385629846,-179.21640879572516
296.7783891945973,0.00023767000931909537,2.830385733292815,0.00025127020459649854,3.8319906675760644,1.0572230182359423,0.01702364999729102,-0.22866567389898335,-15.378946365901466,-0.22866567389898332,-31.06913566016878,-179.2178270826117
296.91845922961477,0.0002376733515419714,2.8252347224441494,0.0002511864474545522,3.821428283141677,1.0568557468681736,0.017023624081362335,-0.2282534185905857,-15.378959588862923,-0.2282534185905857,-31.069094206029796,-179.21924223656222
297.0585292646323,0.00023767667029406833,2.8200952725062485,0.00025110327541137526,3.810919862628474,1.0564910519012856,0.017023598327678333,-0.22784205711152944,-15.378972729062987,-0.22784205711152944,-31.069053020200528,-179.22065428322682
297.19859929964986,0.00023767996584533467,2.8149672880254353,0.00025102068252982125,3.8004647627544226,1.0561289069402162,0.017023572734479568,-0.22743158223111515,-15.378985787398996,-0.22743158223111515,-31.069012099717636,-179.22206324791793
297.3386693346673,0.00023768323846126786,2.809850674813782,0.0002509386629577437,3.790062350901065,1.0557692859719088,0.01702354730003491,-0.22702198681287675,-15.378998764753856,-0.22702198681287675,-31.06897144166599,-179.2234691556161
297.47873936968483,0.00023768648840300755,2.8047453399270763,0.00025085721092645225,3.779712004892478,1.0554121633582856,0.01702352202264101,-0.22661326381297203,-15.379011661996298,-0.22661326381297203,-31.068931043177503,-179.22487203097575
297.61880940470235,0.00023768971592742527,2.7996511916432483,0.00025077632074920283,3.7694131127795836,1.055057513829388,0.017023496900621694,-0.22620540627860505,-15.3790244799812,-0.22620540627860505,-31.068890901430226,-179.22627189833082
297.75887943971986,0.00023769292128721263,2.794568139441275,0.0002506959868197212,3.759165072629797,1.054705312476666,0.01702347193232746,-0.22579840734648396,-15.379037219549836,-0.22579840734648393,-31.068851013647397,-179.22766878170003
297.8989494747373,0.0002376961047309672,2.789496093980486,0.00025061620361075646,3.7489672923217987,1.0543555347464053,0.017023447116134884,-0.22539226024130707,-15.379049881530184,-0.22539226024130707,-31.068811377096587,-179.2290627047925
298.0390195097549,0.00023769926650327614,2.7844349670803252,0.00025053696567266796,3.738819189345317,1.0540081564333093,0.017023422450446114,-0.22498695827428083,-15.379062466737178,-0.22498695827428083,-31.06877198908869,-179.2304536910129
298.1790895447724,0.0002377024068447982,2.7793846717005266,0.00025045826763204164,3.728720190605749,1.053663153674216,0.017023397933688393,-0.22458249484166826,-15.379074975972957,-0.22458249484166826,-31.06873284697715,-179.23184176346646
298.31915957978987,0.00023770552599234303,2.7743451219216944,0.00025038010419033607,3.7186697322335487,1.0533205029419523,0.017023373564313486,-0.22417886342336696,-15.379087410027154,-0.22417886342336701,-31.068693948157,-179.23322694496414
298.45922961480744,0.00023770862417894908,2.7693162329262817,0.0002503024701225564,3.7086672593981507,1.0529801810393153,0.017023349340797248,-0.22377605758151403,-15.379099769677111,-0.223776057581514,-31.06865529006417,-179.23460925802763
298.5992996498249,0.0002377117016339598,2.7642979209799736,0.0002502253602759593,3.698712226126401,1.0526421650931963,0.017023325261639133,-0.22337407095912107,-15.379112055688148,-0.2233740709591211,-31.06861687017456,-179.23598872489404
298.7393696848424,0.00023771475858309714,2.759290103413429,0.0002501487695687822,3.6888040951252865,1.0523064325488167,0.017023301325361707,-0.22297289727873548,-15.37912426881379,-0.22297289727873548,-31.068578686003224,-179.23736536752068
298.8794397198599,0.0002377177952485345,2.754292698604409,0.00025007269298900163,3.6789423376089276,1.0519729611640982,0.017023277530510222,-0.2225725303411282,-15.37913640979599,-0.2225725303411282,-31.068540735103735,-179.2387392075898
299.01950975487745,0.00023772081184896693,2.749305625960266,0.000249997125593116,3.6691264331296556,1.0516417290041424,0.01702325387565216,-0.2221729640240084,-15.379148479365375,-0.2221729640240084,-31.068503015067293,-179.24011026651291
299.15957978989496,0.00023772380859967947,2.7443288059007926,0.00024992206250495534,3.65935586941307,1.051312714435841,0.017023230359376768,-0.22177419228076356,-15.37916047824146,-0.2217741922807636,-31.06846552352202,-179.2414785654356
299.2996498249124,0.00023772678571261607,2.739362159841386,0.00024984749891451586,3.6496301421969912,1.0509858961225864,0.01702320698029471,-0.22137620913922276,-15.379172407132849,-0.22137620913922276,-31.06842825813232,-179.24284412524153
299.43971985993,0.0002377297433964436,2.7344056101766037,0.00024977343007681716,3.639948755074201,1.0506612530191026,0.01702318373703758,-0.22097900870044732,-15.379184266737465,-0.22097900870044732,-31.068391216598016,-179.24420696655696
299.57978989494745,0.0002377326818566166,2.7294590802640033,0.00024969985131078503,3.630311219338839,1.0503387643663826,0.01702316062825751,-0.22058258513754309,-15.37919605774276,-0.22058258513754309,-31.068354396653874,-179.24556710975486
299.71985992996497,0.00023773560129543988,2.7245224944083217,0.00024962675799815624,3.6207170538363913,1.0500184096867298,0.01702313765262681,-0.2201869326944958,-15.379207780825897,-0.22018693269449577,-31.06831779606867,-179.24692457495902
299.8599299649825,0.00023773850191213006,2.719595777845966,0.0002495541455824071,3.611165784817127,1.0497001687789056,0.017023114808837565,-0.2197920456850305,-15.379219436653951,-0.21979204568503047,-31.068281412644772,-179.2482793820481
300.0,0.00023774138390287455,2.7146788567298343,0.00024948200956770235,3.601656945793002,1.0493840217133767,0.017023092095601246,-0.21939791849149315,-15.379231025884115,-0.21939791849149315,-31.068245244217355,-179.24963155065967
