Frequency_MHz,I_ser_RMS,Phase_I_ser_deg,I_load_RMS,Phase_I_load_deg,Current_Ratio,V_node_RMS,Phase_V_node_deg,S21_dB,S21_Phase_deg,S11_dB,S11_Phase_deg
20.0,0.00013502170152199643,55.48482582508377,0.0001350217015219964,55.48482582508377,0.9999999999999998,0.017966370877197047,-2.054389080822641,-14.91079278963637,-2.054389080822641,-32.76092758014611,-170.95346313774624
20.14007003501751,0.00013566461863392712,55.29700433138682,0.00013566461863392712,55.29700433138682,1.0,0.01796220332273696,-2.0599872238497765,-14.912807838608902,-2.0599872238497765,-32.751543720827,-170.94061176173636
20.280140070035017,0.00013630324582643405,55.11001302088004,0.00013630324582643405,55.11001302088005,1.0,0.017958043013003803,-2.0654764915159873,-14.914819851055922,-2.0654764915159873,-32.74219851781127,-170.928247518615
20.420210105052526,0.00013693760125174062,54.92385022964164,0.00013693760125174062,54.92385022964163,1.0,0.01795389022778704,-2.0708577693782138,-14.916828689399551,-2.0708577693782138,-32.732892380464996,-170.91636378616104
20.560280140070034,0.00013756770330391254,54.73851423964157,0.00013756770330391254,54.73851423964157,1.0,0.017949745240691723,-2.0761319468877604,-14.91883421893165,-2.0761319468877604,-32.72362570035125,-170.90495398141084
20.700350175087546,0.00013819357060982152,54.55400328001747,0.00013819357060982152,54.55400328001747,1.0,0.01794560831919087,-2.081299917051169,-14.920836307792353,-2.0812999170511683,-32.714398851580185,-170.894011562011
20.840420210105055,0.00013881522202024364,54.370315528338125,0.00013881522202024367,54.370315528338125,1.0000000000000002,0.017941479724679178,-2.086362576098115,-14.922834826947938,-2.086362576098115,-32.705212191156974,-170.88353002750293
20.98049024512256,0.00013943267660109434,54.18744911185462,0.00013943267660109437,54.187449111854626,1.0000000000000002,0.01793735971252804,-2.0913208231563374,-14.924829650168014,-2.0913208231563374,-32.69606605932728,-170.87350292054174
21.12056028014007,0.00014004595362479953,54.005402108738814,0.00014004595362479953,54.00540210873882,1.0,0.017933248532141777,-2.096175559933556,-14.926820654002118,-2.096175559933556,-32.68696077992071,-170.86392382805002
21.260630315157577,0.0001406550725618048,53.82417254930879,0.00014065507256180476,53.82417254930879,0.9999999999999998,0.017929146427015014,-2.1009276904064014,-14.9288077177557,-2.100927690406401,-32.6778966606913,-170.85478638230884
21.400700350175086,0.000141260053072222,53.64375841724125,0.000141260053072222,53.643758417241244,1.0,0.01792505363479114,-2.105578120516296,-14.93079072346555,-2.1055781205162956,-32.66887399365561,-170.84608426198767
21.540770385192594,0.00014186091499761424,53.4641576507706,0.00014186091499761424,53.464157650770595,1.0,0.017920970387321745,-2.110127757872288,-14.93276955587471,-2.1101277578722875,-32.65989305542759,-170.83781119311436
21.680840420210103,0.00014245767835291902,53.285368143874514,0.00014245767835291902,53.285368143874514,1.0,0.017916896910727044,-2.1145775114607925,-14.934744102406887,-2.114577511460792,-32.65095410755065,-170.8299609499872
21.820910455227615,0.00014305036331851013,53.10738774744589,0.00014305036331851013,53.1073877474459,1.0,0.017912833425457145,-2.1189282913621956,-14.936714253140382,-2.118928291362195,-32.64205739682653,-170.8225273560306
21.960980490245124,0.0001436389902323978,52.93021427045098,0.0001436389902323978,52.930214270450975,1.0,0.017908780146354095,-2.1231810084743086,-14.938679900781624,-2.123181008474309,-32.633203155640864,-170.81550428459593
22.101050525262632,0.00014422357958256794,52.753845481073604,0.00014422357958256794,52.753845481073604,1.0,0.017904737282714748,-2.1273365742426003,-14.940640940638241,-2.1273365742426003,-32.62439160228532,-170.808885659709
22.24112056028014,0.00014480415199945887,52.578279107845304,0.0001448041519994589,52.57827910784532,1.0000000000000002,0.0179007050383543,-2.1313959003971705,-14.942597270591795,-2.1313959003971705,-32.61562294127646,-170.80266545676582
22.38119059529765,0.0001453807282485769,52.40351284076141,0.00014538072824857691,52.40351284076141,1.0000000000000002,0.017896683611670378,-2.1353598986964215,-14.944548791070138,-2.1353598986964215,-32.6068973636706,-170.79683770317845
22.521260630315158,0.00014595332922324886,52.229544332382694,0.00014595332922324883,52.2295443323827,0.9999999999999998,0.017892673195707833,-2.1392294806773546,-14.946495405019446,-2.139229480677355,-32.5982150473755,-170.79139647897188
22.661330665332667,0.0001465219759375128,52.05637119892284,0.00014652197593751284,52.05637119892285,1.0000000000000002,0.017888673978223933,-2.143005557412452,-14.948437017875964,-2.1430055574124514,-32.5895761574579,-170.7863359173338
22.801400700350175,0.00014708668951914466,51.883991021321414,0.00014708668951914463,51.883991021321414,0.9999999999999998,0.017884686141754078,-2.1466890392730695,-14.950373537537462,-2.14668903927307,-32.58098084644753,-170.78165020511878
22.941470735367684,0.0001476474912028214,51.712401346302386,0.00014764749120282144,51.71240134630238,1.0000000000000002,0.01788070986367792,-2.1502808356992875,-14.95230487433444,-2.1502808356992875,-32.572429254636944,-170.77733358330818
23.081540770385192,0.00014820440232342022,51.54159968741805,0.00014820440232342022,51.54159968741804,1.0,0.017876745316285813,-2.153781854976143,-14.954230941001114,-2.153781854976143,-32.563921510377696,-170.773380347427
23.2216108054027,0.0001487574443094519,51.3715835260785,0.00014875744430945193,51.3715835260785,1.0000000000000002,0.01787279266684565,-2.1571930040161815,-14.956151652646177,-2.1571930040161815,-32.55545773037228,-170.76978484791957
23.36168084042021,0.0001493066386766282,51.2023503125664,0.0001493066386766282,51.2023503125664,1.0,0.01786885207766983,-2.1605151881482545,-14.958066926723422,-2.160515188148254,-32.54703801996221,-170.7665414904851
23.50175087543772,0.00014985200702156314,51.033897467037114,0.00014985200702156314,51.033897467037114,1.0,0.017864923706182586,-2.1637493109124923,-14.959976683002141,-2.1637493109124923,-32.53866247341178,-170.76364473637443
23.641820910455227,0.0001503935710156059,50.86622238050425,0.0001503935710156059,50.86622238050425,1.0,0.017861007704987355,-2.1668962738613726,-14.961880843537461,-2.1668962738613726,-32.530331174188134,-170.76108910264924
23.781890945472735,0.00015093135239880502,50.69932241581049,0.00015093135239880502,50.69932241581049,1.0,0.01785710422193439,-2.169956976366809,-14.963779332640483,-2.169956976366809,-32.52204419523653,-170.75886916240574
23.921960980490244,0.00015146537297400364,50.533194908583916,0.0001514653729740036,50.533194908583916,0.9999999999999998,0.01785321340018836,-2.1729323154331843,-14.965672076848392,-2.1729323154331843,-32.51380159925211,-170.75697954496283
24.062031015507753,0.00015199565460106298,50.367837168179435,0.00015199565460106298,50.367837168179435,1.0,0.01784933537829607,-2.17582318551624,-14.96755900489444,-2.17582318551624,-32.50560343894699,-170.75541493601708
24.202101050525265,0.0001525222191912145,50.20324647860594,0.00015252221919121454,50.20324647860595,1.0000000000000002,0.017845470290254118,-2.178630478347748,-14.969440047677892,-2.178630478347748,-32.49744975731342,-170.75417007776525
24.342171085542773,0.00015304508870153904,50.03942009943856,0.00015304508870153904,50.03942009943855,1.0,0.017841618265576595,-2.1813550827658856,-14.971315138233933,-2.1813550827658856,-32.489340587882516,-170.75323976899583
24.482241120560282,0.0001535642851295713,49.87635526671654,0.0001535642851295713,49.87635526671653,1.0,0.01783777942936264,-2.1839978845512062,-14.973184211703536,-2.1839978845512067,-32.48127595497897,-170.7526188651502
24.62231115557779,0.00015407983050802913,49.714049193826604,0.00015407983050802913,49.714049193826604,1.0,0.01783395390236394,-2.186559766268155,-14.975047205303333,-2.186559766268155,-32.473255873971354,-170.75230227835522
24.7623811905953,0.00015459174689966615,49.552499072371816,0.00015459174689966615,49.552499072371816,1.0,0.017830141801052107,-2.1890416071120087,-14.976904058295483,-2.1890416071120082,-32.46528035151836,-170.75228497742802
24.902451225612804,0.00015510005639224567,49.391702073026025,0.00015510005639224567,49.391702073026025,1.0,0.0178263432376858,-2.191444282761178,-14.978754711957603,-2.191444282761178,-32.457349385810645,-170.75256198785416
25.042521260630316,0.00015560478109363595,49.231655346374055,0.00015560478109363597,49.23165534637406,1.0000000000000002,0.017822558320377782,-2.1937686652347765,-14.980599109552657,-2.193768665234777,-32.44946296680858,-170.75312839174015
25.18259129564782,0.00015610594312702385,49.07235602373746,0.00015610594312702388,49.07235602373746,1.0000000000000002,0.017818787153161583,-2.1960156227553593,-14.982437196299012,-2.1960156227553593,-32.44162107647583,-170.7539793277414
25.32266133066533,0.000156603564626247,48.9138012179863,0.000156603564626247,48.9138012179863,1.0,0.017815029836058077,-2.198186019616754,-14.984268919340465,-2.198186019616754,-32.43382368900859,-170.7551099909667
25.462731365682842,0.00015709766773124161,48.755988024336546,0.00015709766773124164,48.75598802433654,1.0000000000000002,0.01781128646514163,-2.200280716056892,-14.986094227716398,-2.2002807160568922,-32.42607077106084,-170.75651563286007
25.60280140070035,0.00015758827458360592,48.598913521133696,0.0001575882745836059,48.598913521133696,0.9999999999999998,0.01780755713260601,-2.2023005681355414,-14.987913072332017,-2.2023005681355414,-32.4183622819653,-170.75819156106124
25.74287143571786,0.0001580754073222761,48.44257477062226,0.0001580754073222761,48.44257477062226,1.0,0.01780384192682995,-2.204246427616872,-14.98972540592872,-2.204246427616872,-32.41069817395034,-170.76013313924503
25.882941470735368,0.00015855908807931504,48.28696881970143,0.00015855908807931507,48.28696881970142,1.0000000000000002,0.01780014093244231,-2.2061191418567407,-14.991531183054544,-2.2061191418567407,-32.403078392352796,-170.7623357869415
26.023011505752876,0.00015903933897581113,48.132092700667066,0.00015903933897581113,48.132092700667066,1.0,0.017796454230386952,-2.207919553694613,-14.993330360034761,-2.207919553694613,-32.395502875826736,-170.76479497933684
26.163081540770385,0.00015951618211788564,47.97794343193992,0.00015951618211788564,47.97794343193992,1.0,0.017792781897987085,-2.2096485013500438,-14.995122894942646,-2.2096485013500438,-32.38797155654801,-170.76750624705656
26.303151575787894,0.00015998963959280827,47.82451801878038,0.00015998963959280822,47.82451801878038,0.9999999999999997,0.01778912400900925,-2.211306818323616,-14.99690874757036,-2.211306818323616,-32.380484360415046,-170.77046517593132
26.443221610805402,0.00016045973346521755,47.67181345398977,0.00016045973346521757,47.67181345398976,1.0000000000000002,0.01778548063372691,-2.212895333302241,-14.998687879399977,-2.2128953333022414,-32.37304120724558,-170.7736674067464
26.58329164582291,0.00016092648577344627,47.51982671859831,0.00016092648577344627,47.51982671859831,1.0,0.017781851838983453,-2.2144148700687536,-15.000460253574746,-2.214414870068754,-32.36564201096926,-170.77710863497595
26.72336168084042,0.00016138991852594918,47.36855478253983,0.0001613899185259492,47.36855478253983,1.0000000000000002,0.01777823768825481,-2.215866247415686,-15.002225834870496,-2.2158662474156854,-32.35828667981665,-170.78078461050197
26.86343171585793,0.0001618500536978321,47.21799460531341,0.0001618500536978321,47.21799460531341,1.0,0.017774638241711552,-2.217250279063152,-15.003984589667214,-2.2172502790631516,-32.35097511650425,-170.78469113731967
27.003501750875436,0.00016230691322748032,47.068143136632145,0.0001623069132274803,47.06814313663214,0.9999999999999998,0.017771053556280482,-2.2185677735807485,-15.005736485920846,-2.218567773580749,-32.343707218415474,-170.78882407322945
27.14357178589295,0.00016276051901328514,46.918997317058924,0.00016276051901328514,46.91899731705893,1.0,0.01776748368570564,-2.219819534313384,-15.007481493135312,-2.2198195343133835,-32.3364828777783,-170.79317932951585
27.283641820910454,0.00016321089291046654,46.77055407862957,0.00016321089291046654,46.77055407862958,1.0,0.017763928680608842,-2.221006359310936,-15.009219582334696,-2.221006359310936,-32.32930198183865,-170.79775287061545
27.423711855927962,0.0001636580567279912,46.622810345463385,0.00016365805672799118,46.62281034546338,0.9999999999999999,0.017760388588549652,-2.222129041261686,-15.010950726035691,-2.222129041261686,-32.32216441303065,-170.80254071377234
27.56378189094547,0.00016410203222558338,46.47576303436121,0.00016410203222558335,46.47576303436121,0.9999999999999999,0.01775686345408474,-2.223188367429399,-15.01267489822025,-2.223188367429399,-32.31507004914267,-170.8075389286842
27.70385192596298,0.00016454284111082704,46.32940905539126,0.00016454284111082704,46.32940905539127,1.0,0.0177533533188267,-2.2241851195940012,-15.01439207430848,-2.2241851195940012,-32.308018763480106,-170.81274363713743
27.84392196098049,0.00016498050503635904,46.1837453124626,0.00016498050503635904,46.183745312462605,1.0,0.01774985822150227,-2.2251200739957557,-15.016102231131768,-2.2251200739957557,-32.30101042502467,-170.81815101263325
27.983991995998,0.00016541504559714986,46.0387687038868,0.0001654150455971499,46.0387687038868,1.0000000000000002,0.017746378198009987,-2.2259940012828485,-15.017805346906144,-2.2259940012828485,-32.294044898589696,-170.8237572800051
28.12406203101551,0.0001658464843278719,45.89447612292747,0.0001658464843278719,45.89447612292747,1.0,0.01774291328147715,-2.226807666462307,-15.019501401205915,-2.2268076664623067,-32.28712204497263,-170.82955871502764
28.264132066033017,0.00016627484270035248,45.75086445833816,0.00016627484270035245,45.75086445833816,0.9999999999999999,0.01773946350231624,-2.2275618288541796,-15.021190374937532,-2.227561828854179,-32.28024172110352,-170.83555164401773
28.404202101050526,0.0001667001421211116,45.607930594888614,0.00016670014212111163,45.607930594888614,1.0000000000000002,0.017736028888280773,-2.228257242048872,-15.022872250313695,-2.2282572420488727,-32.27340378019051,-170.84173244342887
28.54427213606803,0.00016712240392898088,45.46567141387952,0.00016712240392898086,45.46567141387951,0.9999999999999999,0.017732609464520304,-2.2288946538675902,-15.024547010827794,-2.2288946538675902,-32.266608071861896,-170.84809753943836
28.684342171085543,0.00016754164939280432,45.32408379364586,0.0001675416493928043,45.32408379364587,0.9999999999999999,0.017729205253635097,-2.2294748063257694,-15.026214641228508,-2.2294748063257694,-32.25985444230472,-170.85464340752856
28.824412206103048,0.00016795789970921654,45.18316461004929,0.00016795789970921654,45.18316461004929,1.0,0.017725816275729875,-2.229998435599467,-15.027875127494788,-2.229998435599467,-32.25314273440061,-170.86136657206242
28.96448224112056,0.00016837117600050142,45.04291073695912,0.00016837117600050145,45.04291073695913,1.0000000000000002,0.017722442548467148,-2.2304662719945867,-15.029528456810997,-2.2304662719945867,-32.24647278785784,-170.86826360585354
29.10455227613807,0.00016878149931252382,44.903319046722764,0.00016878149931252382,44.903319046722764,1.0,0.017719084087119703,-2.230879039918896,-15.03117461754243,-2.230879039918896,-32.239844439340914,-170.87533112973153
29.24462231115558,0.00016918889061273793,44.76438641062512,0.00016918889061273796,44.76438641062512,1.0000000000000002,0.01771574090462259,-2.2312374578567398,-15.032813599211032,-2.2312374578567398,-32.23325752259635,-170.88256581210317
29.384692346173086,0.00016959337078826842,44.62610969933762,0.0001695933707882684,44.62610969933762,0.9999999999999999,0.01771241301162436,-2.231542238346394,-15.034445392471447,-2.2315422383463934,-32.22671186857618,-170.889964368509
29.524762381190595,0.00016999496064406261,44.488485783356516,0.00016999496064406256,44.48848578335652,0.9999999999999997,0.01770910041653768,-2.231794087959968,-15.036069989087324,-2.2317940879599685,-32.22020730555795,-170.89752356117702
29.664832416208103,0.00017039368090111375,44.35151153343115,0.00017039368090111375,44.35151153343115,1.0,0.017705803125589264,-2.2319937072858007,-15.037687381907892,-2.2319937072858007,-32.213743659262,-170.90524019857253
29.80490245122561,0.00017078955219475246,44.21518382098185,0.00017078955219475248,44.21518382098185,1.0000000000000002,0.017702521142869184,-2.2321417909132633,-15.039297564844878,-2.2321417909132637,-32.207320752965785,-170.91311113494555
29.94497248624312,0.0001711825950730058,44.079499518507845,0.0001711825950730058,44.079499518507845,1.0,0.017699254470379434,-2.2322390274199186,-15.040900532849646,-2.2322390274199186,-32.20093840761555,-170.92113326987547
30.08504252126063,0.00017157282999502178,43.94445549998538,0.00017157282999502178,43.94445549998538,1.0,0.017696003108081934,-2.232286099360947,-15.042496281890665,-2.232286099360947,-32.19459644193499,-170.9293035478135
30.22511255627814,0.00017196027732955944,43.81004864125609,0.00017196027732955946,43.81004864125609,1.0000000000000002,0.017692767053945777,-2.2322836832607877,-15.044084808931245,-2.2322836832607877,-32.188294672531285,-170.93761895762358
30.36518259129565,0.0001723449573535406,43.67627582040562,0.0001723449573535406,43.67627582040562,1.0,0.01768954630399385,-2.232232449606923,-15.045666111907586,-2.232232449606923,-32.18203291399849,-170.94607653212142
30.50525262631316,0.00017272689025066483,43.54313391813311,0.00017272689025066483,43.54313391813311,1.0,0.01768634085234881,-2.2321330628457363,-15.047240189707074,-2.2321330628457363,-32.17581097901839,-170.95467334761233
30.645322661330663,0.00017310609611008353,43.410619818111115,0.00017310609611008353,43.410619818111115,1.0,0.017683150691278335,-2.2319861813803903,-15.048807042146928,-2.2319861813803903,-32.16962867845836,-170.9634065234282
30.785392696348175,0.00017348259492513412,43.27873040733649,0.0001734825949251341,43.27873040733648,0.9999999999999999,0.017679975811239767,-2.231792457570657,-15.05036666995309,-2.231792457570657,-32.16348582146723,-170.97227322146395
30.92546273136568,0.00017385640659213074,43.14746257647237,0.00017385640659213074,43.14746257647237,1.0,0.017676816200924053,-2.2315525377346246,-15.05191907473942,-2.2315525377346246,-32.15738221556834,-170.98127064571293
31.065532766383193,0.00017422755090921313,43.016813220181085,0.00017422755090921316,43.016813220181085,1.0000000000000002,0.017673671847299077,-2.2312670621522526,-15.053464258987185,-2.231267062152252,-32.15131766675014,-170.99039604180308
31.205602801400698,0.0001745960475752486,42.886779237448536,0.0001745960475752486,42.88677923744854,1.0,0.017670542735652283,-2.230936665070677,-15.055002226024834,-2.230936665070677,-32.1452919795546,-170.99964669653227
31.34567283641821,0.00017496191618878937,42.75735753189995,0.00017496191618878934,42.75735753189995,0.9999999999999999,0.01766742884963266,-2.230561974711245,-15.056532980008068,-2.2305619747112453,-32.13930495716309,-171.0090199374045
31.48574287143572,0.0001753251762470817,42.62854501210708,0.00017532517624708173,42.628545012107075,1.0000000000000002,0.01766433017129206,-2.2301436132781878,-15.058056525900207,-2.2301436132781878,-32.13335640147997,-171.0185131321665
31.625812906453227,0.00017568584714512688,42.50033859188739,0.00017568584714512688,42.50033859188739,1.0,0.017661246681125918,-2.2296821969688962,-15.059572869452808,-2.2296821969688962,-32.12744611321417,-171.02812368834472
31.765882941470736,0.00017604394817479196,42.37273519059479,0.00017604394817479196,42.372735190594796,1.0,0.017658178358113286,-2.229178335985747,-15.061082017186608,-2.229178335985747,-32.12157389195814,-171.03784905278394
31.905952976488244,0.0001763994985239695,42.245731733402536,0.0001763994985239695,42.24573173340253,1.0,0.017655125179756186,-2.228632634549407,-15.062583976372759,-2.228632634549407,-32.11573953626497,-171.04768671118626
32.04602301150575,0.00017675251727578483,42.1193251515782,0.0001767525172757848,42.1193251515782,0.9999999999999999,0.017652087122118406,-2.2280456909135746,-15.064078755014314,-2.2280456909135746,-32.10994284372332,-171.05763418765187
32.18609304652326,0.00017710302340785106,41.99351238275096,0.00017710302340785103,41.993512382750964,0.9999999999999999,0.01764906415986363,-2.2274180973811175,-15.065566361828003,-2.227418097381117,-32.104183611030095,-171.06768904422114
32.32616308154077,0.00017745103579156727,41.86829037117114,0.00017745103579156727,41.868290371171135,1.0,0.017646056266292866,-2.2267504403215272,-15.06704680622634,-2.226750440321527,-32.09846163406137,-171.07784888041843
32.46623311655828,0.0001777965731914636,41.74365606796248,0.0001777965731914636,41.74365606796248,1.0,0.017643063413381413,-2.2260433001896716,-15.06852009829993,-2.2260433001896716,-32.092776707941084,-171.08811133279752
32.60630315157579,0.00017813965426458723,41.619606431366904,0.00017813965426458723,41.619606431366904,1.0,0.017640085571815015,-2.2252972515457765,-15.069986248800129,-2.225297251545776,-32.087128627107866,-171.09847407448922
32.746373186593296,0.00017848029755993206,41.49613842698215,0.00017848029755993203,41.49613842698216,0.9999999999999999,0.017637122711025528,-2.2245128630765976,-15.071445269121948,-2.2245128630765976,-32.08151718537995,-171.10893481475088
32.886443221610804,0.00017881852151790828,41.373249027992344,0.00017881852151790828,41.373249027992344,1.0,0.01763417479922593,-2.2236906976177377,-15.072897171287217,-2.2236906976177377,-32.07594217601833,-171.1194912985183
33.02651325662831,0.0001791543444698527,41.25093521539159,0.0001791543444698527,41.25093521539159,1.0,0.017631241803444726,-2.222831312177056,-15.074341967928078,-2.222831312177056,-32.07040339178776,-171.13014130595988
33.16658329164582,0.00017948778463757758,41.12919397820076,0.00017948778463757758,41.12919397820076,1.0,0.017628323689559775,-2.2219352579591365,-15.075779672270677,-2.2219352579591365,-32.06490062501645,-171.14088265203318
33.30665332666333,0.00017981886013295696,41.008022313677614,0.00017981886013295696,41.008022313677614,1.0,0.017625420422331478,-2.22100308039076,-15.07721029811919,-2.2210030803907594,-32.0594336676535,-171.15171318604436
33.44672336168084,0.00018014758895755083,40.88741722752028,0.00018014758895755086,40.88741722752028,1.0000000000000002,0.01762253196543541,-2.220035319147349,-15.078633859840085,-2.2200353191473496,-32.054002311325036,-171.1626307912099
33.58679339669835,0.00018047398900226442,40.7673757340644,0.00018047398900226442,40.7673757340644,1.0,0.01761965828149438,-2.219032508180338,-15.080050372346642,-2.219032508180338,-32.04860634738842,-171.1736333842214
33.72686343171586,0.00018079807804704208,40.64789485647388,0.00018079807804704208,40.64789485647388,1.0,0.01761679933210984,-2.2179951757454295,-15.081459851083787,-2.21799517574543,-32.0432455669849,-171.18471891481335
33.866933466733364,0.00018111987376059636,40.52897162692543,0.00018111987376059633,40.528971626925426,0.9999999999999999,0.017613955077892818,-2.216923844431698,-15.082862312013102,-2.2169238444316974,-32.03791976109071,-171.1958853653335
34.00700350175087,0.00018143939370016883,40.4106030867871,0.00018143939370016877,40.4106030867871,0.9999999999999997,0.01761112547849424,-2.2158190311914994,-15.084257771598178,-2.2158190311914994,-32.03262872056651,-171.20713075031676
34.14707353676838,0.00018175665531132353,40.292786286790815,0.00018175665531132353,40.292786286790815,1.0,0.017608310492634636,-2.214681247371161,-15.08564624679018,-2.214681247371161,-32.02737223620537,-171.21845311606177
34.2871435717859,0.0001820716759277719,40.17551828719899,0.0001820716759277719,40.17551828719899,1.0,0.017605510078133404,-2.213510998742403,-15.087027755013683,-2.213510998742403,-32.0221500987792,-171.22985054021126
34.427213606803406,0.00018238447277122704,40.05879615796565,0.00018238447277122704,40.05879615796565,1.0,0.017602724191937428,-2.2123087855344523,-15.088402314152727,-2.2123087855344523,-32.01696209908383,-171.241321131335
34.56728364182091,0.00018269506295128898,39.94261697889159,0.00018269506295128898,39.942616978891586,1.0,0.017599952790149226,-2.2110751024668334,-15.089769942537178,-2.211075102466834,-32.01180802798245,-171.25286302851683
34.70735367683842,0.00018300346346535683,39.82697783977431,0.00018300346346535683,39.8269778397743,1.0,0.017597195828054493,-2.2098104387827884,-15.091130658929279,-2.209810438782789,-32.00668767644799,-171.26447440094438
34.847423711855924,0.00018330969119856956,39.7118758405525,0.00018330969119856956,39.71187584055251,1.0,0.017594453260149162,-2.2085152782832913,-15.092484482510491,-2.2085152782832913,-32.00160083560376,-171.27615344750288
34.98749374687344,0.00018361376292377402,39.597308091445164,0.00018361376292377402,39.597308091445164,1.0,0.017591725040165943,-2.2071900993616347,-15.093831432868539,-2.2071900993616347,-31.996547296763058,-171.2878983963721
35.12756378189094,0.0001839156953015181,39.48327171308563,0.00018391569530151812,39.48327171308562,1.0000000000000002,0.017589011121100305,-2.2058353750385553,-15.095171529984718,-2.2058353750385553,-31.991526851467302,-171.29970750462707
35.26763381690846,0.00018421550488007018,39.369763836650456,0.00018421550488007018,39.369763836650456,1.0,0.017586311455236002,-2.2044515729978564,-15.096504794221431,-2.204451572997857,-31.986539291523,-171.31157905784207
35.40770385192596,0.00018451320809546274,39.25678160398347,0.00018451320809546274,39.25678160398346,1.0,0.01758362599417005,-2.203039155622518,-15.097831246309948,-2.203039155622518,-31.981584409037428,-171.32351136969868
35.547773886943475,0.00018480882127155977,39.144322167714826,0.0001848088212715598,39.14432216771482,1.0000000000000002,0.017580954688837244,-2.201598580031251,-15.09915090733841,-2.201598580031251,-31.976661996453203,-171.33550278159726
35.68784392196098,0.0001851023606201472,39.032382691375346,0.0001851023606201472,39.032382691375346,1.0,0.01757829748953413,-2.20013029811547,-15.100463798740076,-2.20013029811547,-31.971771846581408,-171.3475516622721
35.827913956978485,0.0001853938422410459,38.92096034950632,0.00018539384224104585,38.92096034950632,0.9999999999999997,0.01757565434594257,-2.198634756576663,-15.101769942281745,-2.198634756576663,-31.966913752634003,-171.35965640741048
35.967983991996,0.00018568328212224613,38.8100523277645,0.00018568328212224613,38.810052327764495,1.0,0.01757302520715274,-2.197112396964129,-15.10306936005245,-2.197112396964129,-31.96208750825463,-171.3718154392754
36.10805402701351,0.00018597069614006322,38.69965582302294,0.00018597069614006322,38.69965582302294,1.0,0.017570410021685755,-2.1955636557130576,-15.104362074452347,-2.1955636557130576,-31.957292907548744,-171.38402720633192
36.24812406203102,0.00018625610005931328,38.589768043467224,0.00018625610005931325,38.589768043467224,0.9999999999999999,0.017567808737515768,-2.1939889641829238,-15.105648108181818,-2.1939889641829238,-31.952529745112464,-171.39629018287764
36.38819409704852,0.00018653950953350856,38.48038620868752,0.00018653950953350854,38.48038620868753,0.9999999999999999,0.017565221302091576,-2.1923887486961804,-15.106927484230813,-2.1923887486961804,-31.947797816060323,-171.40860286867672
36.528264132066035,0.00018682094010507143,38.37150754976655,0.00018682094010507146,38.37150754976655,1.0000000000000002,0.017562647662357857,-2.190763430577219,-15.108200225868382,-2.1907634305772192,-31.943096916052202,-171.42096378859787
36.668334167083536,0.00018710040720556803,38.26312930936332,0.00018710040720556806,38.26312930936332,1.0000000000000002,0.017560087764775967,-2.1891134261915757,-15.109466356632398,-2.1891134261915757,-31.938426841319213,-171.43337149225593
36.80840420210105,0.00018737792615595742,38.15524874179293,0.00018737792615595742,38.15524874179293,1.0,0.01755754155534415,-2.187439146985372,-15.110725900319542,-2.1874391469853722,-31.933787388688458,-171.4458245536578
36.94847423711856,0.00018765351216686025,38.04786311310255,0.00018765351216686025,38.04786311310255,1.0,0.017555008979617537,-2.18574099952495,-15.111978880975416,-2.1857409995249495,-31.92917835560707,-171.45832157085158
37.08854427213606,0.00018792718033884206,37.94096970114342,0.00018792718033884206,37.94096970114343,1.0,0.01755248998272755,-2.184019385536696,-15.113225322884933,-2.184019385536696,-31.924599540165243,-171.47086116558015
37.22861430715358,0.00018819894566271325,37.83456579563927,0.00018819894566271322,37.83456579563928,0.9999999999999999,0.01754998450940092,-2.182274701947035,-15.11446525056285,-2.182274701947035,-31.920050741118335,-171.48344198293816
37.368684342171086,0.0001884688230198447,37.7286486982511,0.00018846882301984472,37.72864869825111,1.0000000000000002,0.017547492503978367,-2.180507340922559,-15.115698688744503,-2.1805073409225595,-31.915531757908177,-171.49606269103313
37.508754377188595,0.00018873682718249777,37.6232157226382,0.00018873682718249777,37.6232157226382,1.0,0.017545013910432825,-2.1787176899102874,-15.116925662376744,-2.1787176899102874,-31.91104239068352,-171.50872198065022
37.648824412206096,0.00018900297281416843,37.518264194515965,0.00018900297281416843,37.518264194515965,1.0,0.01754254867238719,-2.17690613167804,-15.118146196609095,-2.17690613167804,-31.906582440319532,-171.52141856492113
37.78889444722361,0.00018926727446994573,37.41379145171012,0.00018926727446994573,37.41379145171012,1.0,0.01754009673313183,-2.1750730443548956,-15.11936031678502,-2.1750730443548956,-31.902151708436833,-171.5341511789964
37.92896448224112,0.00018952974659688303,37.309794844207694,0.00018952974659688303,37.309794844207694,1.0,0.017537658035641595,-2.1732188014717226,-15.120568048433437,-2.1732188014717226,-31.89774999741922,-171.5469185797221
38.06903451725863,0.000189790403534382,37.20627173420478,0.00018979040353438197,37.2062717342048,0.9999999999999999,0.017535232522592474,-2.171343772001773,-15.121769417260385,-2.1713437720017734,-31.893377110431246,-171.55971954531958
38.20910455227614,0.00019004925951458904,37.10321949615108,0.00019004925951458904,37.10321949615108,1.0,0.01753282013637789,-2.169448320401321,-15.12296444914088,-2.169448320401321,-31.889032851434443,-171.57255287506996
38.349174587293646,0.00019030632866280317,37.00063551679133,0.00019030632866280314,37.000635516791334,0.9999999999999999,0.017530420819124582,-2.1675328066503154,-15.124153170110961,-2.1675328066503154,-31.884717025203404,-171.58541738900158
38.48924462231116,0.00019056162499789576,36.89851719520389,0.00019056162499789576,36.89851719520389,1.0,0.01752803451270823,-2.165597586293057,-15.125335606359833,-2.165597586293057,-31.88042943734072,-171.59831192758173
38.62931465732866,0.00019081516243274019,36.79686194283616,0.00019081516243274019,36.796861942836166,1.0,0.017525661158768576,-2.1636430104788724,-15.126511784222302,-2.1636430104788724,-31.87616989429142,-171.61123535141192
38.76938469234617,0.0001910669547746527,36.695667183537275,0.0001910669547746527,36.695667183537275,1.0,0.017523300698724306,-2.1616694260027627,-15.127681730171279,-2.1616694260027622,-31.871938203356788,-171.62418654092696
38.90945472736368,0.000191317015725843,36.594930353587955,0.000191317015725843,36.594930353587955,1.0,0.01752095307378755,-2.1596771753460318,-15.128845470810468,-2.1596771753460318,-31.86773417270752,-171.63716439609783
39.04952476238119,0.00019156535888387424,36.49464890172761,0.00019156535888387424,36.49464890172761,1.0,0.017518618224978057,-2.157666596716874,-15.130003032867254,-2.157666596716874,-31.863557611396025,-171.65016783613814
39.1895947973987,0.00019181199774213174,36.39482028917884,0.00019181199774213174,36.39482028917883,1.0,0.01751629609313697,-2.1556380240909014,-15.131154443185718,-2.1556380240909014,-31.859408329368545,-171.66319579921435
39.329664832416206,0.00019205694569030148,36.295441989669264,0.00019205694569030148,36.295441989669264,1.0,0.017513986618940387,-2.1535917872516057,-15.132299728719795,-2.1535917872516057,-31.855286137476266,-171.67624724215966
39.469734867433715,0.00019230021601485594,36.19651148945086,0.00019230021601485594,36.19651148945087,1.0,0.01751168974291249,-2.151528211830753,-15.13343891652665,-2.151528211830753,-31.851190847486134,-171.68932114019142
39.60980490245122,0.00019254182189954822,36.09802628731685,0.00019254182189954827,36.09802628731685,1.0000000000000002,0.017509405405438463,-2.1494476193486753,-15.134572033760103,-2.1494476193486753,-31.847122272090918,-171.70241648663242
39.74987493746874,0.0001927817764259139,35.999983894616115,0.0001927817764259139,35.99998389461612,1.0,0.017507133546777,-2.1473503272544767,-15.135699107664314,-2.147350327254477,-31.843080224918886,-171.71553229263554
39.88994497248624,0.0001930200925737798,35.90238183526535,0.00019302009257377985,35.90238183526536,1.0000000000000002,0.017504874107072545,-2.1452366489661228,-15.136820165567524,-2.1452366489661228,-31.839064520542877,-171.728667586912
40.03001500750375,0.00019325678322177926,35.80521764575893,0.00019325678322177928,35.80521764575893,1.0000000000000002,0.017502627026367273,-2.143106893910414,-15.137935234876021,-2.143106893910414,-31.83507497448883,-171.7418214154633
40.17008504252126,0.00019349186114787537,35.70848887517642,0.00019349186114787537,35.70848887517642,1.0,0.017500392244612716,-2.140961367562835,-15.139044343068157,-2.140961367562835,-31.83111140324384,-171.7549928413165
40.310155077538774,0.0001937253390298885,35.612193085188125,0.0001937253390298885,35.61219308518813,1.0,0.017498169701681145,-2.138800371487257,-15.140147517688586,-2.138800371487257,-31.82717362426377,-171.76818094426312
40.45022511255628,0.00019395722944603105,35.5163278500584,0.00019395722944603102,35.5163278500584,0.9999999999999999,0.017495959337376635,-2.136624203375512,-15.141244786342586,-2.136624203375512,-31.823261455980404,-171.7813848206015
40.590295147573784,0.0001941875448754469,35.4208907566469,0.0001941875448754469,35.4208907566469,1.0,0.01749376109144587,-2.13443315708679,-15.142336176690552,-2.13443315708679,-31.819374717807975,-171.79460358288236
40.7303651825913,0.0001944162976987566,35.32587940440794,0.00019441629769875661,35.325879404407935,1.0000000000000002,0.01749157490358866,-2.1322275226869016,-15.143421716442582,-2.1322275226869016,-31.81551323014945,-171.80783635965832
40.87043521760881,0.00019464350019860718,35.23129140538776,0.00019464350019860718,35.23129140538776,1.0,0.017489400713468224,-2.130007586487352,-15.14450143335324,-2.130007586487352,-31.81167681440229,-171.82108229523604
41.01050525262632,0.0001948691645602268,35.13712438422006,0.00019486916456022677,35.13712438422005,0.9999999999999999,0.017487238460721168,-2.127773631084245,-15.145575355216392,-2.1277736310842457,-31.807865292963854,-171.8343405494324
41.15057528764382,0.00019509330287198357,35.0433759781196,0.0001950933028719836,35.0433759781196,1.0000000000000002,0.0174850880849672,-2.125525935397008,-15.146643509860226,-2.1255259353970075,-31.804078489236293,-171.8476102973336
41.29064532266133,0.00019531592712594836,34.950043836873995,0.00019531592712594833,34.950043836873995,0.9999999999999999,0.017482949525818664,-2.1232647747069207,-15.147705925142347,-2.1232647747069207,-31.800316227631072,-171.86089072905764
41.430715357678835,0.000195537049218462,34.85712562283389,0.000195537049218462,34.85712562283389,1.0,0.01748082272288975,-2.120990420695456,-15.148762628944999,-2.120990420695456,-31.796578333573258,-171.87418104952008
41.57078539269635,0.000195756680950705,34.76461901090127,0.00019575668095070503,34.764619010901264,1.0000000000000002,0.01747870761580547,-2.118703141482413,-15.149813649170447,-2.118703141482413,-31.79286463350531,-171.88748047820303
41.71085542771386,0.00019597483402927145,34.67252168851629,0.00019597483402927145,34.67252168851629,1.0,0.017476604144210397,-2.1164032016638457,-15.150859013736437,-2.1164032016638457,-31.78917495489033,-171.90078824892746
41.85092546273136,0.00019619152006674566,34.58083135564248,0.0001961915200667456,34.58083135564248,0.9999999999999998,0.01747451224777725,-2.1140908623497783,-15.151898750571757,-2.1140908623497783,-31.785509126215512,-171.91410360962828
41.99099549774888,0.00019640675058228127,34.489545724750236,0.00019640675058228127,34.489545724750236,1.0,0.017472431866215096,-2.1117663812017042,-15.152932887611968,-2.1117663812017042,-31.78186697699457,-171.92742582213307
42.131065532766385,0.00019662053700218377,34.398662520799085,0.00019662053700218377,34.398662520799085,1.0,0.01747036293927748,-2.109430012469861,-15.153961452795164,-2.109430012469861,-31.77824833777041,-171.94075416194343
42.271135567783894,0.0001968328906604942,34.30817948121832,0.0001968328906604942,34.30817948121832,1.0,0.017468305406770197,-2.107082007030279,-15.154984474057937,-2.107082007030279,-31.774653040117066,-171.95408791801987
42.411205602801395,0.00019704382279957597,34.21809435588611,0.00019704382279957594,34.21809435588611,0.9999999999999999,0.017466259208558967,-2.104722612421596,-15.156001979331371,-2.104722612421596,-31.77108091664175,-171.96742639256925
42.55127563781891,0.00019725334457070345,34.128404907107544,0.00019725334457070345,34.128404907107544,1.0,0.017464224284576845,-2.1023520728816423,-15.157013996537142,-2.1023520728816423,-31.76753180098609,-171.98076890083567
42.69134567283642,0.00019746146703465125,34.039108909591064,0.00019746146703465123,34.039108909591064,0.9999999999999999,0.01746220057483137,-2.0999706293837823,-15.158020553583789,-2.0999706293837828,-31.764005527827553,-171.99411477089404
42.83141570785393,0.00019766820116228674,33.95020415042376,0.00019766820116228674,33.95020415042376,1.0,0.0174601880194116,-2.097578519673011,-15.159021678363025,-2.097578519673011,-31.760501932880388,-172.0074633434466
42.97148574287144,0.00019787355783516225,33.861688429045316,0.00019787355783516225,33.86168842904532,1.0,0.01745818655849493,-2.0951759783018087,-15.160017398746126,-2.0951759783018087,-31.75702085289619,-172.02081397162263
43.11155577788894,0.00019807754784610941,33.77355955722081,0.00019807754784610941,33.77355955722081,1.0,0.017456196132353642,-2.0927632366657445,-15.16100774258051,-2.092763236665744,-31.753562125664452,-172.03416602078073
43.251625812906454,0.00019828018189983407,33.68581535901233,0.00019828018189983407,33.68581535901233,1.0,0.01745421668136133,-2.0903405230388277,-15.16199273768631,-2.0903405230388277,-31.750125590012672,-172.04751886831392
43.39169584792396,0.00019848147061351192,33.59845367074942,0.0001984814706135119,33.59845367074942,0.9999999999999999,0.017452248145999157,-2.087908062608598,-15.16297241185309,-2.0879080626085975,-31.74671108580626,-172.06087190345792
43.53176588294147,0.00019868142451738482,33.511472340998445,0.00019868142451738484,33.51147234099844,1.0000000000000002,0.017450290466861827,-2.0854660775109717,-15.16394679283666,-2.0854660775109717,-31.74331845394835,-172.07422452710185
43.67183591795897,0.00019888005405535779,33.42486923053085,0.00019888005405535779,33.424869230530845,1.0,0.0174483435846635,-2.083014786864811,-15.164915908355937,-2.083014786864811,-31.739947536379116,-172.08757615160175
43.81190595297649,0.00019907736958559588,33.33864221229044,0.0001990773695855959,33.33864221229043,1.0000000000000002,0.017446407440243433,-2.0805544068062383,-15.16587978608994,-2.0805544068062383,-31.736598176075105,-172.10092620059697
43.951975987994,0.00019927338138112137,33.2527891713597,0.00019927338138112135,33.252789171359694,0.9999999999999999,0.017444481974571505,-2.0780851505226936,-15.166838453674835,-2.0780851505226936,-31.73327021704822,-172.1142741088291
44.092046023011505,0.0001994680996304107,33.16730800492499,0.0001994680996304107,33.16730800492499,1.0,0.017442567128753535,-2.075607228286709,-15.167791938701107,-2.075607228286709,-31.72996350434469,-172.12761932196344
44.232116058029014,0.0001996615344379915,33.08219662224096,0.0001996615344379915,33.08219662224096,1.0,0.01744066284403647,-2.0731208474894283,-15.16874026871075,-2.0731208474894283,-31.726677884043454,-172.14096129641348
44.37218609304652,0.00019985369582503962,32.997452944594016,0.00019985369582503968,32.997452944594016,1.0000000000000002,0.017438769061813388,-2.070626212673852,-15.16968347119459,-2.070626212673852,-31.72341320325487,-172.1542994991676
44.51225612806404,0.00020004459372997458,32.9130749052649,0.00020004459372997458,32.9130749052649,1.0,0.017436885723628337,-2.0681235255678097,-15.170621573589681,-2.0681235255678097,-31.720169310118806,-172.16763340761827
44.65232616308154,0.00020023423800905567,32.82906044949043,0.00020023423800905567,32.82906044949043,1.0,0.01743501277118104,-2.0656129851166645,-15.171554603276755,-2.0656129851166645,-31.716946053802694,-172.18096250939436
44.79239619809905,0.00020042263843697696,32.74540753442445,0.00020042263843697696,32.74540753442446,1.0,0.017433150146331428,-2.0630947875157353,-15.172482587577761,-2.0630947875157357,-31.71374328449962,-172.19428630219517
44.93246623311655,0.00020060980470746064,32.66211412909806,0.00020060980470746064,32.66211412909806,1.0,0.01743129779110403,-2.060569126242459,-15.17340555375348,-2.060569126242459,-31.710560853425925,-172.20760429362736
45.072536268134066,0.00020079574643385074,32.579178214378864,0.00020079574643385077,32.57917821437886,1.0000000000000002,0.017429455647692247,-2.0580361920882604,-15.17432352900121,-2.0580361920882604,-31.70739861281878,-172.2209160010443
45.21260630315158,0.0002009804731497052,32.49659778292985,0.0002009804731497052,32.496597782929854,1.0,0.017427623658462402,-2.0554961731901615,-15.175236540452534,-2.0554961731901615,-31.704256415933717,-172.23422095138778
45.35267633816908,0.0002011639943093861,32.41437083916725,0.00020116399430938613,32.41437083916724,1.0000000000000002,0.01742580176595775,-2.0529492550621002,-15.176144615171127,-2.0529492550621002,-31.70113411704186,-172.24751868103192
45.49274637318659,0.00020134631928864997,32.332495399217876,0.00020134631928864994,32.33249539921788,0.9999999999999999,0.017423989912902296,-2.050395620625987,-15.177047780150659,-2.050395620625987,-31.698031571427066,-172.26080873562967
45.6328164082041,0.00020152745738523544,32.250969490875846,0.0002015274573852354,32.250969490875846,0.9999999999999999,0.017422188042204457,-2.0478354502424674,-15.177946062312769,-2.047835450242468,-31.69494863538297,-172.27409066996142
45.772886443221616,0.00020170741781945048,32.16979115355856,0.0002017074178194505,32.169791153558556,1.0000000000000002,0.017420396096960687,-2.045268921741423,-15.178839488505055,-2.045268921741423,-31.691885166209754,-172.28736404778616
45.91295647823912,0.00020188620973475698,32.088958438262274,0.00020188620973475698,32.088958438262274,1.0,0.017418614020458852,-2.0426962104521826,-15.179728085499216,-2.0426962104521826,-31.688841022211093,-172.3006284416944
46.053026513256626,0.00020206384219835456,32.00846940751682,0.0002020638421983546,32.00846940751682,1.0000000000000002,0.017416841756181578,-2.0401174892334635,-15.180611879989165,-2.0401174892334635,-31.68581606269064,-172.31388343296388
46.193096548274134,0.00020224032420176243,31.92832213534013,0.00020224032420176243,31.92832213534013,1.0,0.01741507924780942,-2.0375329285030284,-15.181490898589253,-2.0375329285030284,-31.682810147948555,-172.32712861141698
46.33316658329165,0.00020241566466139876,31.84851470719194,0.00020241566466139876,31.84851470719194,1.0,0.01741332643922396,-2.0349426962670703,-15.18236516783256,-2.0349426962670707,-31.67982313927802,-172.34036357528075
46.47323661830916,0.0002025898724191591,31.76904521992709,0.0002025898724191591,31.76904521992709,1.0,0.017411583274510704,-2.032346958149321,-15.183234714169206,-2.032346958149321,-31.676854898961366,-172.35358793104857
46.61330665332666,0.00020276295624299244,31.68991178174848,0.00020276295624299244,31.68991178174848,1.0,0.01740984969796201,-2.0297458774198733,-15.184099563964754,-2.0297458774198733,-31.67390529026642,-172.36680129334437
46.753376688344176,0.0002029349248274747,31.611112512159302,0.0002029349248274747,31.611112512159302,1.0,0.017408125654079717,-2.0271396150237364,-15.18495974349866,-2.0271396150237364,-31.670974177442535,-172.3800032847886
46.89344672336168,0.0002031057867943806,31.532645541915095,0.0002031057867943806,31.532645541915095,1.0,0.017406411087577855,-2.0245283296091174,-15.185815278962753,-2.0245283296091174,-31.668061425716655,-172.39319353586637
47.03351675837919,0.00020327555069325353,31.4545090129752,0.00020327555069325353,31.4545090129752,1.0,0.017404705943385085,-2.0219121775554147,-15.186666196459825,-2.0219121775554147,-31.66516690128914,-172.4063716847978
47.173586793396694,0.00020344422500197237,31.376701078453937,0.0002034442250019724,31.37670107845393,1.0000000000000002,0.017403010166647144,-2.0192913130009487,-15.187512522002217,-2.0192913130009487,-31.662290471329683,-172.4195373774099
47.3136568284142,0.00020361181812731684,31.299219902571284,0.0002036118181273168,31.299219902571284,0.9999999999999998,0.01740132370272916,-2.0166658878704142,-15.188354281510478,-2.0166658878704147,-31.65943200397301,-172.4326902670108
47.45372686343171,0.00020377833840552965,31.22206366060335,0.00020377833840552962,31.22206366060335,0.9999999999999999,0.01739964649721784,-2.0140360519020573,-15.189191500812074,-2.0140360519020573,-31.65659136831461,-172.44583001426588
47.59379689844923,0.00020394379410287677,31.145230538832365,0.00020394379410287674,31.145230538832365,0.9999999999999999,0.01739797849592361,-2.01140195267459,-15.19002420564016,-2.01140195267459,-31.65376843440628,-172.45895628707552
47.733866933466736,0.00020410819341620514,31.06871873449642,0.0002041081934162051,31.06871873449643,0.9999999999999999,0.01739631964488259,-2.008763735633817,-15.190852421632378,-2.008763735633817,-31.650963073251678,-172.47206876045516
47.87393696848424,0.00020427154447349725,30.99252645573897,0.00020427154447349725,30.992526455738965,1.0,0.01739466989035856,-2.0061215441190106,-15.191676174329714,-2.0061215441190106,-31.648175156801837,-172.4851671164168
48.01400700350175,0.00020443385533442393,30.916651921557786,0.00020443385533442393,30.916651921557786,1.0,0.01739302917884478,-2.0034755193890024,-15.192495489175384,-2.003475519389002,-31.645404557950446,-172.49825104385263
48.15407703851926,0.0002045951339908936,30.841093361754012,0.0002045951339908936,30.841093361754012,1.0,0.017391397457065732,-2.000825800648014,-15.193310391513808,-2.000825800648014,-31.642651150529296,-172.5113202384204
48.29414707353677,0.00020475538836759987,30.765849016880697,0.00020475538836759987,30.765849016880697,1.0,0.0173897746719788,-1.9981725250712223,-15.194120906589566,-1.9981725250712228,-31.639914809303544,-172.52437440243042
48.43421710855427,0.0002049146263225652,30.690917138191132,0.0002049146263225652,30.690917138191132,1.0,0.01738816077077582,-1.9955158278300513,-15.194927059546451,-1.9955158278300513,-31.637195409966917,-172.53741324473435
48.57428714357179,0.00020507285564768272,30.61629598758706,0.0002050728556476828,30.61629598758706,1.0000000000000004,0.017386555700884616,-1.9928558421172082,-15.195728875426536,-1.9928558421172082,-31.634492829136885,-172.55043648061607
48.714357178589296,0.00020523008406925464,30.54198383756657,0.00020523008406925466,30.54198383756657,1.0000000000000002,0.017384959409970382,-1.990192699171452,-15.196526379169281,-1.990192699171452,-31.631806944349815,-172.56344383168366
48.854427213606805,0.00020538631924852806,30.467978971171917,0.00020538631924852803,30.467978971171917,0.9999999999999999,0.01738337184593703,-1.9875265283021049,-15.197319595610706,-1.9875265283021049,-31.629137634056057,-172.57643502576357
48.99449724862431,0.0002055415687822277,30.394279681936982,0.0002055415687822277,30.394279681936982,1.0,0.01738179295692847,-1.9848574569132913,-15.19810854948256,-1.9848574569132913,-31.62648477761499,-172.58940979679605
49.134567283641815,0.00020569584020308613,30.320884273834793,0.00020569584020308613,30.320884273834793,1.0,0.01738022269132978,-1.9821856105279407,-15.198893265411575,-1.9821856105279407,-31.62384825528998,-172.6023678847327
49.27463731865933,0.00020584914098037036,30.247791061224653,0.00020584914098037036,30.247791061224653,1.0,0.017378660997768355,-1.9795111128115046,-15.199673767918698,-1.979511112811505,-31.621227948243412,-172.615309035435
49.41470735367684,0.0002060014785204059,30.174998368799358,0.0002060014785204059,30.17499836879935,1.0,0.01737710782511489,-1.9768340855954494,-15.20045008141845,-1.9768340855954494,-31.618623738531543,-172.62823300057497
49.55477738869435,0.00020615286016709735,30.102504531532162,0.00020615286016709738,30.102504531532155,1.0000000000000002,0.01737556312248443,-1.974154648900464,-15.201222230218224,-1.974154648900464,-31.61603550909949,-172.64113953753716
49.69484742371185,0.00020630329320244683,30.03030789462362,0.00020630329320244683,30.03030789462362,1.0,0.017374026839237246,-1.9714729209594366,-15.20199023851767,-1.9714729209594366,-31.613463143776045,-172.65402840932205
49.834917458729365,0.00020645278484706812,29.95840681344835,0.00020645278484706815,29.95840681344835,1.0000000000000002,0.017372498924979673,-1.9687890182401757,-15.202754130408113,-1.9687890182401757,-31.6109065272685,-172.66689938445128
49.97498749374687,0.00020660134226069897,29.886799653501797,0.00020660134226069894,29.886799653501804,0.9999999999999999,0.017370979329564933,-1.9661030554678742,-15.203513929871978,-1.9661030554678742,-31.60836554515747,-172.6797522368741
50.11505752876438,0.00020674897254270892,29.81548479034679,0.00020674897254270892,29.815484790346787,1.0,0.017369468003093823,-1.9634151456473357,-15.204269660782273,-1.9634151456473357,-31.605840083891735,-172.69258674587547
50.25512756378189,0.00020689568273260544,29.744460609560033,0.0002068956827326054,29.744460609560026,0.9999999999999999,0.01736796489591538,-1.9607254000849483,-15.205021346902093,-1.9607254000849483,-31.603330030782942,-172.7054026959855
50.3951975987994,0.00020704147981053517,29.67372550667871,0.00020704147981053512,29.673725506678718,0.9999999999999998,0.01736646995862748,-1.9580339284104176,-15.205769011884168,-1.9580339284104171,-31.60083527400042,-172.71819987689022
50.535267633816915,0.00020718637069778404,29.60327788714682,0.00020718637069778404,29.60327788714682,1.0,0.017364983142077395,-1.955340838598258,-15.20651267927041,-1.955340838598258,-31.598355702565804,-172.7309780833442
50.675337668834416,0.00020733036225727264,29.533116166261653,0.00020733036225727266,29.533116166261646,1.0000000000000002,0.0173635043973623,-1.9526462369890378,-15.207252372491505,-1.9526462369890378,-31.59589120634793,-172.74373711508392
50.815407703851925,0.00020747346129404892,29.463238769120128,0.00020747346129404892,29.46323876912012,1.0,0.01736203367582967,-1.9499502283103918,-15.207988114866549,-1.9499502283103918,-31.593441676057296,-172.75647677674314
50.955477738869426,0.0002076156745557774,29.393644130565196,0.0002076156745557774,29.393644130565196,1.0,0.01736057092907768,-1.9472529156977947,-15.208719929602697,-1.9472529156977947,-31.591007003241018,-172.76919687776893
51.09554777388694,0.00020775700873322577,29.32433069513219,0.00020775700873322577,29.324330695132183,1.0,0.017359116108955547,-1.9445544007150966,-15.209447839794837,-1.944554400715097,-31.58858708027728,-172.78189723233984
51.23561780890446,0.00020789747046074772,29.255296916995167,0.00020789747046074772,29.255296916995167,1.0,0.017357669167563778,-1.9418547833748323,-15.210171868425293,-1.941854783374832,-31.58618180037015,-172.79457765928456
51.37568784392196,0.00020803706631676238,29.186541259913366,0.00020803706631676238,29.186541259913366,1.0,0.017356230057254455,-1.939154162158285,-15.210892038363559,-1.939154162158285,-31.583791057544207,-172.80723798200248
51.51575787893947,0.00020817580282423147,29.118062197177526,0.00020817580282423147,29.118062197177526,1.0,0.017354798730631386,-1.9364526340353396,-15.211608372366046,-1.9364526340353396,-31.581414746639133,-172.8198780283852
51.655827913956976,0.00020831368645113176,29.049858211556348,0.00020831368645113176,29.049858211556348,1.0,0.017353375140550232,-1.933750294484089,-15.212320893075864,-1.933750294484089,-31.579052763304464,-172.83249763073945
51.79589794897449,0.0002084507236109253,28.981927795243003,0.0002084507236109253,28.981927795243003,1.0,0.017351959240118633,-1.9310472375102303,-15.213029623022633,-1.9310472375102303,-31.57670500399421,-172.8450966257109
51.93596798399199,0.00020858692066302615,28.914269449801587,0.00020858692066302615,28.914269449801594,1.0,0.01735055098269624,-1.928343555666226,-15.213734584622298,-1.928343555666226,-31.574371365961493,-172.8576748542098
52.0760380190095,0.0002087222839132637,28.846881686113747,0.0002087222839132637,28.846881686113747,1.0,0.017349150321894737,-1.9256393400702458,-15.214435800176975,-1.9256393400702454,-31.57205174725315,-172.87023216133716
52.21610805402701,0.00020885681961434267,28.77976302432529,0.00020885681961434267,28.77976302432529,1.0,0.01734775721157779,-1.9229346804248928,-15.215133291874842,-1.9229346804248928,-31.56974604670447,-172.8827683963126
52.356178089044526,0.00020899053396630017,28.712911993792876,0.00020899053396630017,28.712911993792876,1.0,0.017346371605860996,-1.9202296650357034,-15.215827081789994,-1.920229665035703,-31.567454163933828,-172.89528341240293
52.496248124062035,0.00020912343311695893,28.64632713303083,0.0002091234331169589,28.64632713303083,0.9999999999999999,0.017344993459111745,-1.91752438082944,-15.216517191882398,-1.91752438082944,-31.565175999337278,-172.90777706685236
52.636318159079536,0.00020925552316237775,28.580006989657953,0.00020925552316237777,28.580006989657953,1.0000000000000002,0.01734362272594911,-1.9148189133721578,-15.217203643997784,-1.9148189133721583,-31.562911454083267,-172.9202492208133
52.77638819409705,0.00020938681014729833,28.513950120344536,0.00020938681014729833,28.513950120344532,1.0,0.017342259361243614,-1.9121133468870724,-15.217886459867632,-1.9121133468870724,-31.560660430107323,-172.9326997392786
52.91645822911455,0.00020951730006558904,28.448155090759332,0.00020951730006558904,28.448155090759336,1.0,0.01734090332011704,-1.909407764272198,-15.218565661109123,-1.909407764272198,-31.55842283010669,-172.94512849101497
53.05652826413207,0.0002096469988606855,28.382620475516752,0.0002096469988606855,28.382620475516752,1.0,0.01733955455794218,-1.9067022471178043,-15.21924126922513,-1.9067022471178043,-31.556198557534998,-172.95753534849703
53.19659829914957,0.0002097759124260273,28.317344858124134,0.00020977591242602733,28.31734485812413,1.0000000000000002,0.017338213030342515,-1.9039968757236367,-15.219913305604242,-1.9039968757236367,-31.553987516597033,-172.96992018784283
53.33666833416708,0.0002099040466054923,28.252326830929064,0.0002099040466054923,28.252326830929064,1.0,0.01733687869319193,-1.90129172911595,-15.220581791520761,-1.90129172911595,-31.551789612243294,-172.9822828887503
53.47673836918459,0.0002100314071938267,28.18756499506687,0.00021003140719382673,28.187564995066875,1.0000000000000002,0.01733555150261433,-1.8985868850643353,-15.221246748134776,-1.8985868850643355,-31.54960475016491,-172.99462333443452
53.616808404202104,0.0002101579999370732,28.12305796040831,0.0002101579999370732,28.12305796040831,1.0,0.017334231414983258,-1.895882420098344,-15.221908196492201,-1.8958824200983444,-31.547432836788136,-173.00694141156637
53.75687843921961,0.0002102838305329943,28.058804345507188,0.00021028383053299426,28.058804345507184,0.9999999999999998,0.017332918386921515,-1.893178409523911,-15.222566157524849,-1.893178409523911,-31.5452737792693,-173.0192370102117
53.896948474237114,0.00021040890463149337,27.994802777548344,0.00021040890463149337,27.99480277754834,1.0,0.017331612375300672,-1.890474927439587,-15.22322065205055,-1.890474927439587,-31.543127485489386,-173.03151002377203
54.03701850925463,0.00021053322783503247,27.93105189229561,0.00021053322783503247,27.931051892295613,1.0,0.01733031333724064,-1.8877720467525658,-15.223871700773229,-1.8877720467525658,-31.54099386404892,-173.04376034892567
54.17708854427213,0.00021065680569904647,27.867550334039993,0.0002106568056990465,27.867550334039993,1.0000000000000002,0.01732902123010913,-1.8850698391945304,-15.224519324283033,-1.8850698391945304,-31.538872824262683,-173.0559878855701
54.31715857928965,0.00021077964373235436,27.804296755548,0.00021077964373235436,27.804296755548,1.0,0.017327736011521166,-1.8823683753372924,-15.225163543056476,-1.8823683753372924,-31.536764276154567,-173.06819253676525
54.45722861430715,0.0002109017473975669,27.741289818010046,0.0002109017473975669,27.741289818010046,1.0,0.017326457639338523,-1.8796677246082598,-15.225804377456589,-1.8796677246082598,-31.534668130452243,-173.08037420867768
54.597298649324664,0.00021102312211149183,27.678528190989155,0.00021102312211149183,27.67852819098916,1.0,0.01732518607166915,-1.8769679553056948,-15.226441847733065,-1.8769679553056948,-31.53258429858219,-173.09253281052543
54.737368684342165,0.00021114377324553488,27.616010552369705,0.00021114377324553488,27.616010552369698,1.0,0.017323921266866563,-1.874269134613812,-15.227075974022464,-1.874269134613812,-31.530512692664438,-173.1046682545243
54.87743871935968,0.00021126370612609832,27.55373558830636,0.00021126370612609835,27.55373558830636,1.0000000000000002,0.01732266318352925,-1.8715713286176667,-15.227706776348377,-1.8715713286176663,-31.528453225507377,-173.1167804558344
55.01750875437719,0.00021138292603497632,27.491701993173233,0.00021138292603497638,27.49170199317323,1.0000000000000002,0.017321411780500007,-1.8688746023178804,-15.22833427462164,-1.86887460231788,-31.526405810602782,-173.12886933250792
55.1575787893947,0.00021150143820974665,27.429908469513162,0.00021150143820974668,27.429908469513155,1.0000000000000002,0.017320167016865298,-1.8661790196451737,-15.228958488640545,-1.8661790196451737,-31.524370362120607,-173.14093480543752
55.29764882441221,0.00021161924784415963,27.368353727987163,0.00021161924784415966,27.368353727987163,1.0000000000000002,0.017318928851954525,-1.8634846434747303,-15.229579438091072,-1.8634846434747305,-31.522346794903978,-173.15297679830604
55.437718859429715,0.00021173636008852396,27.307036487324126,0.00021173636008852396,27.307036487324122,1.0,0.017317697245339367,-1.8607915356403761,-15.230197142547112,-1.8607915356403761,-31.52033502446406,-173.16499523753632
55.577788894447224,0.00021185278005008933,27.2459554742706,0.0002118527800500893,27.245955474270605,0.9999999999999999,0.017316472156833046,-1.8580997569485869,-15.230811621470718,-1.8580997569485869,-31.518334966975097,-173.1769900522423
55.71785892946473,0.0002119685127934256,27.185109423540855,0.0002119685127934256,27.18510942354085,1.0,0.017315253546489568,-1.8554093671923264,-15.231422894212379,-1.855409367192326,-31.516346539269385,-173.18896117418092
55.85792896448224,0.0002120835633407996,27.124497077767096,0.00021208356334079964,27.124497077767092,1.0000000000000002,0.01731404137460298,-1.8527204251647087,-15.232030980011267,-1.8527204251647087,-31.514369658832273,-173.20090853770446
55.99799899949974,0.00021219793667254783,27.064117187449824,0.00021219793667254778,27.064117187449828,0.9999999999999998,0.01731283560170656,-1.8500329886724922,-15.232635897995536,-1.8500329886724922,-31.51240424379719,-173.21283207971408
56.13806903451726,0.00021231163772744783,27.003968510908496,0.00021231163772744786,27.003968510908493,1.0000000000000002,0.01731163618857209,-1.8473471145494091,-15.233237667182584,-1.8473471145494087,-31.510450212940704,-173.22473173961384
56.27813906953477,0.00021242467140308367,26.944049814232276,0.00021242467140308364,26.944049814232276,0.9999999999999999,0.017310443096208945,-1.8446628586693221,-15.233836306479379,-1.8446628586693221,-31.508507485677622,-173.23660745926546
56.418209104552275,0.00021253704255621168,26.884359871231066,0.00021253704255621168,26.884359871231066,1.0,0.017309256285863373,-1.8419802759592279,-15.23443183468274,-1.8419802759592283,-31.5065759820561,-173.24845918294403
56.558279139569784,0.00021264875600312042,26.8248974633867,0.00021264875600312042,26.824897463386705,1.0,0.017308075719017556,-1.8392994204120894,-15.235024270479673,-1.8392994204120894,-31.504655622752683,-173.2602868572942
56.69834917458729,0.00021275981651998962,26.765661379804374,0.0002127598165199896,26.765661379804374,0.9999999999999999,0.017306901357388833,-1.8366203450995098,-15.23561363244768,-1.8366203450995098,-31.50274632906759,-173.2720904312873
56.8384192096048,0.00021287022884324455,26.706650417164205,0.00021287022884324455,26.706650417164212,1.0,0.017305733162928775,-1.8339431021842532,-15.236199939055094,-1.8339431021842532,-31.50084802291982,-173.28386985617885
56.97848924462231,0.00021297999766990862,26.64786337967313,0.00021297999766990862,26.64786337967313,1.0,0.017304571097822335,-1.8312677429325996,-15.236783208661421,-1.8312677429325996,-31.498960626842305,-173.2956250854672
57.11855927963982,0.0002130891276579522,26.58929907901691,0.00021308912765795218,26.58929907901691,0.9999999999999999,0.017303415124486923,-1.8285943177265545,-15.237363459517692,-1.8285943177265545,-31.49708406397725,-173.3073560748525
57.258629314657334,0.0002131976234266393,26.530956334312346,0.00021319762342663926,26.530956334312354,0.9999999999999999,0.01730226520557153,-1.8259228760758917,-15.237940709766793,-1.825922876075892,-31.495218258071333,-173.31906278219628
57.398699349674835,0.00021330548955687004,26.472833972059885,0.00021330548955687004,26.47283397205988,1.0,0.01730112130395579,-1.8232534666300635,-15.238514977443858,-1.823253466630064,-31.493363133470936,-173.33074516748223
57.53876938469235,0.00021341273059152153,26.414930826096104,0.00021341273059152153,26.414930826096104,1.0,0.01729998338274902,-1.8205861371899412,-15.239086280476624,-1.8205861371899412,-31.49151861511754,-173.34240319277686
57.67883941970985,0.0002135193510357858,26.35724573754679,0.0002135193510357858,26.35724573754679,1.0,0.017298851405289358,-1.8179209347194192,-15.239654636685794,-1.8179209347194192,-31.48968462854299,-173.35403682219143
57.81890945472737,0.0002136253553575031,26.299777554779993,0.0002136253553575031,26.299777554779993,1.0,0.017297725335142723,-1.81525790535687,-15.240220063785426,-1.8152579053568705,-31.487861099864865,-173.36564602184416
57.95897948974487,0.0002137307479874947,26.242525133359376,0.0002137307479874947,26.24252513335938,1.0,0.01729660513610189,-1.8125970944264542,-15.240782579383334,-1.8125970944264542,-31.486047955781913,-173.37723075982322
58.09904952476238,0.00021383553331989137,26.18548733599779,0.00021383553331989137,26.1854873359978,1.0,0.017295490772185538,-1.8099385464492814,-15.241342200981464,-1.8099385464492814,-31.4842451235694,-173.38879100615014
58.23911955977989,0.00021393971571245912,26.1286630325111,0.00021393971571245912,26.1286630325111,1.0,0.017294382207637224,-1.8072823051544396,-15.241898945976288,-1.8072823051544396,-31.48245253107457,-173.4003267327441
58.379189594797396,0.000214043299486923,26.072051099772178,0.00021404329948692297,26.072051099772178,0.9999999999999999,0.01729327940692445,-1.8046284134898762,-15.242452831659216,-1.8046284134898767,-31.480670106712143,-173.4118379133866
58.51925962981491,0.00021414628892928706,26.01565042166516,0.0002141462889292871,26.015650421665157,1.0000000000000002,0.017292182334737605,-1.8019769136331454,-15.243003875217012,-1.8019769136331454,-31.478897779459764,-173.4233245236866
58.65932966483241,0.00021424868829015214,25.959459889039955,0.00021424868829015214,25.959459889039955,1.0,0.017291090955989005,-1.7993278470020144,-15.243552093732191,-1.7993278470020144,-31.477135478853505,-173.43478654104675
58.79939969984993,0.00021435050178503063,25.903478399666902,0.0002143505017850307,25.9034783996669,1.0000000000000002,0.01729000523581186,-1.7966812542649377,-15.244097504183454,-1.7966812542649377,-31.4753831349835,-173.4462239446294
58.93946973486743,0.00021445173359465895,25.847704858191765,0.00021445173359465892,25.84770485819177,0.9999999999999999,0.017288925139559253,-1.7940371753513973,-15.244640123446096,-1.7940371753513973,-31.47364067848948,-173.45763671532382
59.079539769884946,0.0002145523878653063,25.792138176090873,0.00021455238786530635,25.79213817609087,1.0000000000000002,0.01728785063280314,-1.7913956494621048,-15.245179968292437,-1.7913956494621053,-31.471908040556382,-173.46902483571364
59.21960980490245,0.00021465246870908222,25.73677727162655,0.00021465246870908222,25.736777271626543,1.0,0.017286781681333265,-1.788756715079088,-15.24571705539227,-1.7887567150790877,-31.47018515290991,-173.48038829004503
59.35967983991996,0.00021475198020423994,25.681621069802702,0.00021475198020423994,25.681621069802702,1.0,0.017285718251156188,-1.7861204099756245,-15.246251401313263,-1.7861204099756243,-31.468471947812265,-173.4917270641951
59.499749874937464,0.00021485092639547798,25.626668502320747,0.000214850926395478,25.626668502320747,1.0000000000000002,0.017284660308494192,-1.7834867712260716,-15.24678302252143,-1.7834867712260716,-31.466768358057923,-173.5030411456411
59.63981990995498,0.0002149493112942388,25.5719185075357,0.00021494931129423876,25.5719185075357,0.9999999999999999,0.017283607819784247,-1.7808558352155552,-15.247311935381555,-1.7808558352155555,-31.465074316969147,-173.51433052342998
59.77988994497249,0.0002150471388790047,25.517370030412486,0.0002150471388790047,25.517370030412486,1.0,0.017282560751676966,-1.7782276376495383,-15.247838156157647,-1.778227637649538,-31.46338975839191,-173.52559518814857
59.91995997998999,0.000215144413095592,25.46302202248257,0.000215144413095592,25.46302202248257,1.0,0.01728151907103555,-1.775602213563268,-15.24836170101338,-1.775602213563268,-31.461714616691566,-173.53683513189407
60.060030015007506,0.00021524113785744074,25.40887344180068,0.00021524113785744074,25.40887344180068,1.0,0.017280482744934687,-1.7729795973310982,-15.24888258601256,-1.7729795973310984,-31.46004882674871,-173.54805034824523
60.20010005002501,0.00021533731704590384,25.354923252901962,0.00021533731704590384,25.354923252901962,1.0,0.017279451740659552,-1.7703598226756894,-15.249400827119556,-1.7703598226756894,-31.45839232395499,-173.55924083223388
60.34017008504252,0.00021543295451053243,25.301170426759196,0.00021543295451053246,25.301170426759192,1.0000000000000002,0.01727842602570468,-1.7677429226771002,-15.249916440199788,-1.7677429226771,-31.45674504420889,-173.5704065803169
60.480240120060024,0.00021552805406935917,25.24761394074032,0.00021552805406935925,25.247613940740315,1.0000000000000004,0.017277405567772904,-1.7651289297817476,-15.25042944102017,-1.765128929781748,-31.455106923911835,-173.58154759034875
60.62031015507754,0.0002156226195091789,25.194252778566206,0.0002156226195091789,25.194252778566202,1.0,0.017276390334774315,-1.7625178758112625,-15.250939845249565,-1.7625178758112625,-31.453477899963815,-173.59266386155448
60.76038019009504,0.00021571665458582656,25.141085930268655,0.0002157166545858266,25.141085930268655,1.0000000000000002,0.01727538029482514,-1.7599097919712197,-15.251447668459267,-1.7599097919712197,-31.45185790975955,-173.60375539450308
60.90045022511256,0.00021581016302445319,25.088112392148616,0.00021581016302445316,25.088112392148616,0.9999999999999999,0.017274375416246667,-1.7573047088597686,-15.25195292612347,-1.7573047088597689,-31.450246891184367,-173.6148221910812
61.040520260130066,0.00021590314851979866,25.03533116673467,0.00021590314851979868,25.03533116673467,1.0000000000000002,0.01727337566756417,-1.7547026564761383,-15.252455633619729,-1.7547026564761383,-31.44864478261026,-173.6258642544676
61.180590295147574,0.0002159956147364632,24.982741262741712,0.0002159956147364632,24.982741262741712,1.0,0.017272381017505858,-1.7521036642290388,-15.252955806229416,-1.752103664229039,-31.447051522891826,-173.63688158910765
61.32066033016508,0.00021608756530917497,24.930341695029934,0.00021608756530917497,24.93034169502994,1.0,0.017271391435001712,-1.7495077609449543,-15.25345345913822,-1.7495077609449543,-31.445467051362407,-173.64787420068865
61.46073036518259,0.00021617900384305607,24.878131484563962,0.00021617900384305607,24.878131484563962,1.0,0.017270406889182455,-1.7469149748763226,-15.25394860743662,-1.7469149748763226,-31.443891307830132,-173.65884209611525
61.6008004002001,0.0002162699339138864,24.82610965837233,0.0002162699339138864,24.82610965837233,1.0,0.017269427349378447,-1.7443253337096165,-15.25444126612034,-1.7443253337096165,-31.442324232574062,-173.66978528348528
61.74087043521761,0.00021636035906836453,24.77427524950708,0.00021636035906836453,24.774275249507077,1.0,0.017268452785118578,-1.7417388645733105,-15.254931450090849,-1.7417388645733107,-31.440765766340313,-173.68070377206624
61.88094047023512,0.00021645028282436669,24.722627297003704,0.00021645028282436669,24.722627297003708,1.0,0.0172674831661292,-1.7391555940457502,-15.25541917415582,-1.73915559404575,-31.439215850338186,-173.6915975722719
62.02101050525262,0.00021653970867120282,24.671164845841222,0.00021653970867120282,24.671164845841222,1.0,0.017266518462333007,-1.736575548162915,-15.255904453029636,-1.736575548162915,-31.437674426236477,-173.70246669563946
62.161080540270135,0.00021662864006987117,24.619886946902607,0.00021662864006987114,24.61988694690261,0.9999999999999999,0.017265558643847972,-1.7339987524260831,-15.256387301333838,-1.7339987524260831,-31.436141436159588,-173.71331115480712
62.30115057528764,0.0002167170804533098,24.56879265693537,0.00021671708045330976,24.56879265693537,0.9999999999999999,0.017264603680986222,-1.7314252318093943,-15.256867733597648,-1.7314252318093946,-31.434616822683804,-173.72413096349175
62.44122061030515,0.00021680503322664613,24.51788103851236,0.00021680503322664608,24.51788103851236,0.9999999999999998,0.017263653544252976,-1.72885501076731,-15.257345764258403,-1.72885501076731,-31.433100528833666,-173.73492613646727
62.58129064532266,0.00021689250176744454,24.467151159992902,0.00021689250176744454,24.46715115999289,1.0,0.017262708204345428,-1.7262881132419825,-15.257821407662085,-1.7262881132419827,-31.431592498078118,-173.74569668954325
62.72136068034017,0.00021697948942595092,24.416602095484045,0.0002169794894259509,24.41660209548405,0.9999999999999999,0.01726176763215165,-1.7237245626705229,-15.25829467806378,-1.7237245626705229,-31.430092674327046,-173.7564426395437
62.86143071535768,0.00021706599952533593,24.366232924802183,0.00021706599952533596,24.366232924802183,1.0000000000000002,0.01726083179874954,-1.7211643819921758,-15.258765589628165,-1.7211643819921758,-31.428601001927404,-173.7671640042866
63.001500750375186,0.00021715203536193514,24.316042733434774,0.0002171520353619351,24.316042733434774,0.9999999999999999,0.017259900675405657,-1.7186075936553977,-15.259234156430006,-1.7186075936553977,-31.42711742565991,-173.77786080256328
63.141570785392695,0.00021723760020548772,24.266030612502366,0.00021723760020548775,24.26603061250236,1.0000000000000002,0.017258974233574215,-1.7160542196248432,-15.25970039245462,-1.7160542196248432,-31.4256418907351,-173.78853305411863
63.28164082041021,0.0002173226972993728,24.21619565872086,0.00021732269729937283,24.216195658720856,1.0000000000000002,0.01725805244489593,-1.713504281388261,-15.260164311598391,-1.7135042813882613,-31.42417434279006,-173.7991807796314
63.42171085542771,0.00021740732986084288,24.166536974364018,0.00021740732986084288,24.166536974364014,1.0,0.017257135281196934,-1.7109577999632992,-15.260625927669235,-1.7109577999632992,-31.422714727884863,-173.8098040006946
63.56178089044523,0.00021749150108125661,24.11705366722609,0.00021749150108125664,24.117053667226095,1.0000000000000002,0.017256222714487755,-1.708414795904214,-15.261085254387087,-1.708414795904214,-31.42126299249889,-173.8204027397969
63.70185092546273,0.00021757521412630806,24.067744850584862,0.00021757521412630804,24.067744850584862,0.9999999999999999,0.017255314716962133,-1.7058752893084999,-15.261542305384403,-1.7058752893084999,-31.419819083527592,-173.83097702030338
63.84192096048024,0.00021765847213625446,24.01860964316477,0.00021765847213625449,24.018609643164773,1.0000000000000002,0.017254411260996007,-1.703339299823428,-15.261997094206627,-1.7033392998234282,-31.418382948278875,-173.84152686643765
63.981990995497746,0.000217741278226142,23.969647169100337,0.000217741278226142,23.969647169100337,1.0,0.0172535123191464,-1.7008068466524964,-15.26244963431269,-1.7008068466524964,-31.416954534469713,-173.8520523032635
64.12206103051525,0.00021782363548602927,23.920856557899782,0.00021782363548602927,23.920856557899782,1.0,0.017252617864150357,-1.698277948561799,-15.262899939075481,-1.698277948561799,-31.415533790222895,-173.862553356667
64.26213106553277,0.0002179055469812084,23.872236944408936,0.0002179055469812084,23.872236944408936,1.0,0.017251727868923827,-1.6957526238863052,-15.263348021782368,-1.6957526238863052,-31.414120664063454,-173.87303005333936
64.40220110055027,0.00021798701575242549,23.82378746877529,0.00021798701575242546,23.823787468775283,0.9999999999999999,0.017250842306560658,-1.6932308905360611,-15.263793895635626,-1.6932308905360611,-31.41271510491547,-173.88348242075944
64.54227113556779,0.00021806804481609701,23.77550727641234,0.00021806804481609707,23.775507276412338,1.0000000000000002,0.01724996115033144,-1.6907127660023076,-15.264237573752983,-1.6907127660023076,-31.41131706209867,-173.8939104871769
64.68234117058529,0.00021814863716452577,23.72739551796417,0.00021814863716452582,23.72739551796417,1.0000000000000002,0.01724908437368249,-1.6881982673635167,-15.264679069168057,-1.6881982673635167,-31.409926485325244,-173.90431428159567
64.8224112056028,0.00021822879576611427,23.679451349270163,0.00021822879576611422,23.67945134927017,0.9999999999999998,0.01724821195023476,-1.6856874112913462,-15.265118394830859,-1.6856874112913462,-31.40854332469647,-173.91469383375758
64.9624812406203,0.00021830852356557624,23.631673931330088,0.0002183085235655763,23.631673931330088,1.0000000000000002,0.017247343853782775,-1.6831802140565209,-15.26555556360828,-1.6831802140565209,-31.407167530699592,-173.92504917412623
65.10255127563782,0.00021838782348414614,23.584062430269253,0.00021838782348414614,23.584062430269253,1.0,0.017246480058293562,-1.6806766915346254,-15.26599058828457,-1.6806766915346254,-31.40579905420452,-173.93538033387117
65.24262131065532,0.0002184666984197867,23.536616017304045,0.00021846669841978666,23.53661601730405,0.9999999999999999,0.017245620537905605,-1.678176859211837,-15.26642348156181,-1.678176859211837,-31.40443784646071,-173.94568734485253
65.38269134567284,0.00021854515124739466,23.489333868707494,0.0002185451512473947,23.489333868707483,1.0000000000000002,0.017244765266927756,-1.6756807321905618,-15.266854256060405,-1.6756807321905618,-31.403083859093922,-173.95597023960565
65.52276138069034,0.00021862318481900484,23.44221516577529,0.0002186231848190048,23.4422151657753,0.9999999999999999,0.017243914219838206,-1.673188325195012,-15.267282924319561,-1.6731883251950117,-31.40173704410323,-173.96622905132597
65.66283141570786,0.00021870080196399175,23.39525909479185,0.00021870080196399175,23.395259094791854,1.0,0.01724306737128344,-1.6706996525767022,-15.26770949879775,-1.6706996525767022,-31.40039735385774,-173.97646381385454
65.80290145072536,0.00021877800548926953,23.34846484699667,0.00021877800548926953,23.34846484699667,1.0,0.01724222469607715,-1.6682147283198736,-15.268133991873214,-1.6682147283198736,-31.39906474109369,-173.98667456166316
65.94297148574287,0.00021885479817949056,23.301831618550864,0.0002188547981794906,23.30183161855086,1.0000000000000002,0.01724138616919923,-1.6657335660468437,-15.268556415844419,-1.6657335660468435,-31.397739158911268,-173.99686132984039
66.08304152076037,0.00021893118279724135,23.255358610504,0.00021893118279724138,23.255358610503997,1.0000000000000002,0.01724055176579468,-1.6632561790232918,-15.268976782930546,-1.6632561790232918,-31.396420560771606,-174.00702415407747
66.22311155577789,0.00021900716208323793,23.209045028761082,0.0002190071620832379,23.209045028761086,0.9999999999999999,0.017239721461172662,-1.6607825801634644,-15.269395105271945,-1.6607825801634646,-31.395108900493767,-174.01716307065448
66.36318159079539,0.00021908273875651725,23.16289008404973,0.00021908273875651728,23.16289008404973,1.0000000000000002,0.017238895230805323,-1.6583127820353203,-15.26981139493065,-1.6583127820353203,-31.393804132251848,-174.02727811642683
66.50325162581291,0.00021915791551462954,23.116892991887678,0.00021915791551462954,23.116892991887678,1.0,0.017238073050326916,-1.655846796865598,-15.270225663890791,-1.6558467968655977,-31.392506210571888,-174.03736932881188
66.64332166083041,0.00021923269503382664,23.07105297255039,0.0002192326950338267,23.071052972550387,1.0000000000000002,0.01723725489553266,-1.6533846365448246,-15.27063792405912,-1.6533846365448246,-31.391215090329027,-174.04743674577597
66.78339169584793,0.0002193070799692498,23.025369251038924,0.00021930707996924986,23.025369251038924,1.0000000000000002,0.01723644074237776,-1.6509263126322509,-15.271048187265448,-1.6509263126322509,-31.389930726744552,-174.05748040582137
66.92346173086544,0.00021938107295511495,22.97984105704804,0.00021938107295511495,22.97984105704804,1.0,0.017235630566976374,-1.6484718363607247,-15.271456465263139,-1.6484718363607247,-31.388653075383065,-174.0675003479739
67.06353176588294,0.00021945467660489776,22.934467624934463,0.0002194546766048978,22.934467624934467,1.0000000000000002,0.01723482434560061,-1.6460212186414966,-15.271862769729541,-1.6460212186414966,-31.387382092149533,-174.07749661177016
67.20360180090046,0.00021952789351151447,22.889248193685418,0.00021952789351151438,22.889248193685415,0.9999999999999997,0.01723402205467951,-1.6435744700689598,-15.272267112266483,-1.6435744700689598,-31.38611773328656,-174.08746923724553
67.34367183591795,0.00021960072624750338,22.844182006887312,0.00021960072624750335,22.844182006887312,0.9999999999999999,0.017233223670798013,-1.641131600925335,-15.27266950440074,-1.641131600925335,-31.384859955371457,-174.09741826492217
67.48374187093548,0.00021967317736520386,22.799268312694668,0.00021967317736520383,22.799268312694675,0.9999999999999999,0.017232429170695993,-1.6386926211852775,-15.273069957584465,-1.6386926211852775,-31.383608715313557,-174.10734373579697
67.62381190595298,0.00021974524939693301,22.75450636379931,0.00021974524939693301,22.75450636379931,1.0,0.017231638531267225,-1.6362575405204403,-15.27346848319568,-1.6362575405204405,-31.382363970351335,-174.11724569133034
67.76388194097048,0.00021981694485516162,22.709895417399636,0.00021981694485516162,22.709895417399636,1.0,0.01723085172955841,-1.6338263683039622,-15.273865092538724,-1.6338263683039624,-31.381125678049806,-174.1271241734343
67.903951975988,0.00021988826623268825,22.665434735170187,0.00021988826623268827,22.665434735170187,1.0000000000000002,0.017230068742768147,-1.631399113614901,-15.274259796844714,-1.6313991136149009,-31.379893796297658,-174.13697922446173
68.0440220110055,0.00021995921600281127,22.62112358323145,0.00021995921600281127,22.62112358323145,1.0,0.017229289548246013,-1.6289757852426088,-15.274652607271985,-1.6289757852426088,-31.378668283304645,-174.1468108871951
68.18409204602301,0.0002200297966194998,22.576961232119732,0.00022002979661949983,22.576961232119732,1.0000000000000002,0.017228514123491488,-1.6265563916910444,-15.27504353490659,-1.6265563916910444,-31.37744909759884,-174.15661920483564
68.32416208104051,0.00022010001051756288,22.53294695675741,0.0002201000105175629,22.532946956757407,1.0000000000000002,0.017227742446153046,-1.6241409411830323,-15.275432590762698,-1.6241409411830325,-31.376236198024102,-174.16640422099275
68.46423211605803,0.0002201698601128171,22.489080036423257,0.0002201698601128171,22.489080036423253,1.0,0.017226974494027176,-1.6217294416644599,-15.275819785783064,-1.6217294416644599,-31.375029543737266,-174.17616597967353
68.60430215107554,0.0002202393478022524,22.445359754722986,0.00022023934780225244,22.445359754722986,1.0000000000000002,0.017226210245057334,-1.6193219008084225,-15.276205130839514,-1.6193219008084225,-31.373829094205693,-174.18590452527258
68.74437218609305,0.00022030847596419688,22.40178539956007,0.00022030847596419685,22.401785399560072,0.9999999999999999,0.01722544967733309,-1.6169183260193087,-15.27658863673334,-1.6169183260193087,-31.37263480920462,-174.19561990256162
68.88444222111055,0.0002203772469584796,22.358356263106693,0.00022037724695847963,22.35835626310669,1.0000000000000002,0.017224692769089073,-1.6145187244368358,-15.27697031419577,-1.6145187244368358,-31.371446648814555,-174.2053121566799
69.02451225612808,0.0002204456631265921,22.315071641774882,0.00022044566312659207,22.31507164177489,0.9999999999999999,0.017223939498704082,-1.6121231029400231,-15.277350173888415,-1.6121231029400231,-31.370264573418783,-174.21498133312423
69.16458229114556,0.000220513726791848,22.271930836187963,0.00022051372679184799,22.271930836187963,0.9999999999999999,0.017223189844700056,-1.6097314681511208,-15.277728226403724,-1.6097314681511208,-31.369088543700855,-174.2246274777394
69.30465232616308,0.00022058144025954222,22.228933151151974,0.00022058144025954222,22.228933151151974,1.0,0.017222443785741216,-1.6073438264394768,-15.27810448226538,-1.6073438264394766,-31.36791852064203,-174.23425063670882
69.4447223611806,0.00022064880581710731,22.186077895627594,0.00022064880581710731,22.18607789562759,1.0,0.017221701300633042,-1.6049601839253635,-15.278478951928792,-1.6049601839253638,-31.366754465518817,-174.2438508565452
69.5847923961981,0.00022071582573426877,22.14336438270196,0.00022071582573426877,22.14336438270196,1.0,0.017220962368321376,-1.602580546483738,-15.278851645781495,-1.602580546483738,-31.365596339900552,-174.2534281840816
69.72486243121561,0.0002207825022632002,22.100791929560863,0.00022078250226320012,22.100791929560867,0.9999999999999997,0.017220226967891484,-1.6002049197479609,-15.279222574143601,-1.6002049197479609,-31.364444105646932,-174.26298266646214
69.8649324662331,0.00022084883763867465,22.058359857461127,0.00022084883763867465,22.058359857461124,1.0,0.017219495078567116,-1.5978333091134662,-15.279591747268231,-1.597833309113466,-31.363297724905557,-174.27251435113362
70.00500250125063,0.0002209148340782171,22.01606749170303,0.0002209148340782171,22.01606749170303,1.0,0.017218766679709594,-1.5954657197413735,-15.27995917534194,-1.5954657197413733,-31.362157160109618,-174.28202328583657
70.14507253626813,0.00022098049378225303,21.97391416160313,0.00022098049378225303,21.97391416160313,1.0,0.01721804175081686,-1.5931021565620642,-15.280324868485152,-1.5931021565620644,-31.361022373975405,-174.29150951859702
70.28514257128563,0.00022104581893425763,21.931899200467107,0.0002210458189342576,21.93189920046711,0.9999999999999999,0.01721732027152261,-1.590742624278693,-15.280688836752589,-1.5907426242786933,-31.359893329500128,-174.3009730977179
70.42521260630316,0.0002211108117009028,21.89002194556289,0.0002211108117009028,21.89002194556289,1.0,0.01721660222159534,-1.5883871273706633,-15.281051090133687,-1.5883871273706633,-31.358769989959367,-174.31041407177105
70.56528264132066,0.0002211754742322026,21.84828173809391,0.0002211754742322026,21.848281738093903,1.0,0.01721588758093745,-1.586035670097056,-15.281411638553026,-1.586035670097056,-31.357652318904876,-174.31983248958917
70.70535267633817,0.00022123980866165747,21.806677923172593,0.0002212398086616574,21.806677923172597,0.9999999999999998,0.01721517632958436,-1.5836882565000039,-15.281770491870763,-1.583688256500004,-31.356540280162342,-174.32922840025765
70.84542271135568,0.00022130381710639774,21.765209849794005,0.00022130381710639774,21.765209849794005,1.0,0.017214468447703603,-1.5813448904080276,-15.282127659883017,-1.5813448904080276,-31.35543383782894,-174.33860185310718
70.98549274637318,0.0002213675016673247,21.72387687080968,0.0002213675016673247,21.72387687080968,1.0,0.017213763915593934,-1.5790055754393246,-15.282483152322321,-1.5790055754393248,-31.35433295627123,-174.34795289770588
71.1255627813907,0.00022143086442925108,21.682678342901625,0.00022143086442925108,21.682678342901625,1.0,0.01721306271368443,-1.5766703150050094,-15.282836978858025,-1.5766703150050092,-31.353237600122817,-174.35728158385183
71.2656328164082,0.00022149390746104027,21.64161362655658,0.0002214939074610403,21.641613626556573,1.0000000000000002,0.017212364822533622,-1.5743391123123156,-15.283189149096707,-1.5743391123123156,-31.352147734282248,-174.36658796156576
71.4057028514257,0.0002215566328157439,21.600682086040308,0.00022155663281574393,21.600682086040308,1.0000000000000002,0.017211670222828615,-1.5720119703677529,-15.283539672582586,-1.5720119703677526,-31.351063323910658,-174.3758720810838
71.54577288644323,0.00022161904253073826,21.559883089372214,0.00022161904253073826,21.559883089372214,1.0,0.017210978895384227,-1.569688891980217,-15.283888558797933,-1.569688891980217,-31.3499843344297,-174.3851339928503
71.68584292146073,0.00022168113862785967,21.5192160083001,0.0002216811386278597,21.519216008300095,1.0000000000000002,0.017210290821142102,-1.5673698797640654,-15.284235817163465,-1.5673698797640654,-31.34891073151936,-174.394373747511
71.82591295647823,0.000221742923113538,21.478680218275,0.00022174292311353798,21.478680218275,0.9999999999999999,0.01720960598116985,-1.5650549361421424,-15.284581457038778,-1.5650549361421422,-31.347842481115826,-174.40359139590595
71.96598299149575,0.00022180439797892974,21.438275098426338,0.00022180439797892974,21.438275098426338,1.0,0.01720892435666019,-1.5627440633487693,-15.28492548772272,-1.5627440633487693,-31.346779549409266,-174.41278698906305
72.10605302651325,0.00022186556520004957,21.39800003153718,0.00022186556520004957,21.39800003153718,1.0,0.01720824592893013,-1.560437263432692,-15.285267918453808,-1.560437263432692,-31.34572190284191,-174.42196057819112
72.24612306153077,0.00022192642673789993,21.35785440401965,0.00022192642673789996,21.35785440401965,1.0000000000000002,0.017207570679420064,-1.5581345382599872,-15.285608758410625,-1.5581345382599874,-31.34466950810574,-174.43111221467373
72.38619309654827,0.00022198698453860076,21.317837605890578,0.0002219869845386008,21.317837605890578,1.0000000000000002,0.01720689858969296,-1.555835889516933,-15.285948016712219,-1.5558358895169333,-31.343622332140594,-174.44024195006256
72.52626313156578,0.00022204724053351678,21.277949030747227,0.00022204724053351673,21.277949030747227,0.9999999999999998,0.017206229641433528,-1.5535413187128333,-15.28628570241848,-1.5535413187128337,-31.34258034213201,-174.4493498360712
72.6663331665833,0.0002221071966393845,21.23818807574332,0.00022210719663938447,21.238188075743324,0.9999999999999999,0.017205563816447368,-1.5512508271828123,-15.286621824530558,-1.5512508271828125,-31.341543505509307,-174.45843592456907
72.80640320160079,0.00022216685475843752,21.198554141565122,0.0002221668547584375,21.198554141565122,0.9999999999999999,0.017204901096660157,-1.5489644160905653,-15.286956391991232,-1.5489644160905651,-31.340511789943392,-174.4675002675753
72.94647323661832,0.00022222621677853066,21.159046632407687,0.00022222621677853066,21.159046632407687,1.0,0.017204241464116806,-1.546682086431071,-15.287289413685324,-1.5466820864310709,-31.339485163344932,-174.4765429172528
73.08654327163582,0.0002222852845732634,21.11966495595144,0.0002222852845732634,21.11966495595144,1.0,0.017203584900980666,-1.544403839033274,-15.287620898440048,-1.5444038390332737,-31.33846359386222,-174.48556392590245
73.22661330665332,0.00022234406000210162,21.080408523338665,0.00022234406000210167,21.08040852333866,1.0000000000000002,0.0172029313895327,-1.5421296745627209,-15.287950855025422,-1.5421296745627207,-31.337447049879398,-174.4945633459574
73.36668334167084,0.00022240254491049885,21.041276749150388,0.0002224025449104988,21.04127674915039,0.9999999999999998,0.017202280912170673,-1.5398595935241683,-15.288279292154641,-1.5398595935241683,-31.336435500014318,-174.5035412299773
73.50675337668835,0.0002224607411300152,21.002269051383315,0.00022246074113001522,21.002269051383315,1.0000000000000002,0.017201633451408335,-1.5375935962641543,-15.288606218484464,-1.5375935962641543,-31.335428913116694,-174.512497630643
73.64682341170585,0.00022251865047843712,20.963384851426923,0.00022251865047843715,20.963384851426923,1.0000000000000002,0.017200988989874683,-1.5353316829735253,-15.288931642615575,-1.5353316829735255,-31.334427258266228,-174.5214326007509
73.78689344672335,0.00022257627475989384,20.924623574040748,0.00022257627475989386,20.924623574040748,1.0000000000000002,0.01720034751031306,-1.5330738536899469,-15.28925557309298,-1.5330738536899466,-31.333430504770625,-174.53034619320792
73.92696348174086,0.00022263361576497478,20.885984647331853,0.0002226336157649748,20.885984647331853,1.0000000000000002,0.017199708995580484,-1.530820108300357,-15.28957801840635,-1.5308201083003568,-31.332438622163792,-174.53923846102592
74.06703351675839,0.00022269067527084412,20.847467502732403,0.00022269067527084412,20.847467502732403,1.0,0.01719907342864677,-1.528570446543408,-15.289898986990435,-1.5285704465434078,-31.331451580203947,-174.5481094573168
74.20710355177589,0.00022274745504135562,20.809071574977445,0.0002227474550413556,20.809071574977448,0.9999999999999999,0.0171984407925938,-1.5263248680118597,-15.290218487225388,-1.5263248680118597,-31.330469348871702,-174.55695923528748
74.34717358679339,0.00022280395682716545,20.770796302082797,0.0002228039568271654,20.770796302082797,0.9999999999999998,0.017197811070614733,-1.5240833721549465,-15.290536527437164,-1.5240833721549467,-31.329491898368342,-174.56578784823475
74.48724362181092,0.00022286018236584467,20.732641125323152,0.00022286018236584467,20.732641125323156,1.0,0.01719718424601322,-1.5218459582807122,-15.290853115897873,-1.5218459582807122,-31.32851919911394,-174.57459534954072
74.6273136568284,0.00022291613338199054,20.69460548921032,0.00022291613338199057,20.69460548921032,1.0000000000000002,0.017196560302202697,-1.5196126255583078,-15.291168260826133,-1.5196126255583076,-31.32755122174555,-174.58338179266764
74.76738369184592,0.00022297181158733616,20.656688841471546,0.00022297181158733616,20.65668884147155,1.0,0.017195939222705535,-1.517383373020262,-15.291481970387457,-1.5173833730202622,-31.32658793711551,-174.5921472311537
74.90745372686342,0.0002230272186808599,20.61889063302813,0.0002230272186808599,20.618890633028133,1.0,0.017195320991152358,-1.5151581995647236,-15.291794252694581,-1.5151581995647236,-31.325629316289493,-174.6008917186081
75.04752376188094,0.0002230823563488935,20.5812103179741,0.00022308235634889344,20.581210317974104,0.9999999999999998,0.017194705591281254,-1.5129371039576647,-15.29210511580784,-1.5129371039576645,-31.32467533054497,-174.60961530870662
75.18759379689845,0.00022313722626522906,20.543647353555006,0.00022313722626522898,20.543647353555006,0.9999999999999997,0.01719409300693705,-1.5107200848350615,-15.292414567735511,-1.5107200848350615,-31.323725951369354,-174.61831805518727
75.32766383191596,0.00022319183009122503,20.506201200146975,0.00022319183009122495,20.506201200146975,0.9999999999999997,0.017193483222070552,-1.5085071407050386,-15.292722616434183,-1.5085071407050386,-31.322781150458233,-174.62700001184587
75.46773386693347,0.00022324616947591176,20.468871321235827,0.00022324616947591176,20.468871321235827,1.0,0.017192876220737813,-1.50629826994999,-15.293029269809082,-1.50629826994999,-31.321840899713752,-174.63566123253182
75.60780390195099,0.00022330024605609535,20.43165718339637,0.00022330024605609535,20.431657183396368,1.0,0.01719227198709942,-1.5040934708286657,-15.293334535714436,-1.5040934708286657,-31.320905171242885,-174.64430177114397
75.74787393696847,0.00022335406145646092,20.394558256271868,0.00022335406145646092,20.394558256271868,1.0,0.01719167050541976,-1.501892741478234,-15.293638421953805,-1.501892741478234,-31.319973937355726,-174.6529216816264
75.88794397198599,0.00022340761728967452,20.357574012553563,0.00022340761728967457,20.357574012553567,1.0000000000000002,0.01719107176006623,-1.4996960799163122,-15.293940936280464,-1.4996960799163122,-31.319047170563948,-174.6615210179645
76.0280140070035,0.00022346091515648516,20.320703927960498,0.00022346091515648524,20.320703927960498,1.0000000000000004,0.017190475735508633,-1.4975034840429706,-15.294242086397688,-1.4975034840429706,-31.31812484357892,-174.67009983418092
76.16808404202101,0.00022351395664582473,20.28394748121931,0.0002235139566458247,20.283947481219315,0.9999999999999999,0.01718988241631841,-1.4953149516427067,-15.294541879959125,-1.495314951642707,-31.3172069293103,-174.6786581843319
76.30815407703852,0.0002235667433349073,20.247304154044315,0.0002235667433349073,20.24730415404432,1.0,0.017189291787167903,-1.4931304803863985,-15.294840324569135,-1.4931304803863985,-31.31629340086436,-174.6871961225031
76.44822411205601,0.00022361927678932794,20.210773431117655,0.00022361927678932796,20.210773431117655,1.0000000000000002,0.01718870383282969,-1.4909500678332244,-15.295137427783112,-1.4909500678332244,-31.315384231542225,-174.69571370280633
76.58829414707354,0.00022367155856316053,20.17435480006956,0.00022367155856316053,20.174354800069562,1.0,0.017188118538175874,-1.488773711432554,-15.295433197107828,-1.488773711432554,-31.31447939483849,-174.70421097937546
76.72836418209104,0.00022372359019905366,20.138047751458874,0.00022372359019905366,20.138047751458874,1.0,0.017187535888177386,-1.4866014085258266,-15.295727640001754,-1.4866014085258266,-31.31357886443954,-174.71268800636312
76.86843421710854,0.00022377537322832748,20.101851778753577,0.0002237753732283275,20.101851778753577,1.0000000000000002,0.017186955867903298,-1.4844331563483877,-15.296020763875397,-1.4844331563483875,-31.31268261422194,-174.72114483793703
77.00850425212607,0.00022382690917106804,20.065766378311547,0.00022382690917106807,20.065766378311544,1.0000000000000002,0.017186378462520135,-1.4822689520313106,-15.296312576091623,-1.4822689520313104,-31.311790618251017,-174.72958152827667
77.14857428714357,0.00022387819953622158,20.02979104936141,0.00022387819953622167,20.029791049361407,1.0000000000000004,0.017185803657291193,-1.4801087926031853,-15.296603083965984,-1.4801087926031853,-31.3109028507792,-174.73799813156973
77.28864432216108,0.0002239292458216877,19.99392529398354,0.00022392924582168773,19.993925293983537,1.0000000000000002,0.017185231437575867,-1.4779526749918925,-15.29689229476704,-1.4779526749918925,-31.31001928624453,-174.7463947020089
77.42871435717859,0.00022398004951441162,19.95816861709119,0.0002239800495144116,19.958168617091193,0.9999999999999999,0.017184661788828978,-1.4758005960263416,-15.297180215716681,-1.4758005960263416,-31.309139899269187,-174.75477129378856
77.5687843921961,0.00022403061209047597,19.92252052641179,0.00022403061209047597,19.92252052641179,1.0,0.01718409469660008,-1.4736525524381938,-15.297466853990445,-1.4736525524381938,-31.308264664657905,-174.76312796110173
77.70885442721361,0.00022408093501519137,19.886980532468307,0.0002240809350151914,19.886980532468304,1.0000000000000002,0.01718353014653287,-1.4715085408635533,-15.297752216717823,-1.4715085408635533,-31.307393557396658,-174.77146475813666
77.84892446223111,0.000224131019743186,19.851548148560838,0.000224131019743186,19.85154814856084,1.0,0.01718296812436442,-1.469368557844648,-15.298036310982607,-1.469368557844648,-31.306526552650933,-174.779781739074
77.98899449724863,0.0002241808677184949,19.816222890748246,0.0002241808677184949,19.816222890748246,1.0,0.017182408615924624,-1.4672325998314666,-15.298319143823157,-1.4672325998314666,-31.305663625764492,-174.7880789580837
78.12906453226614,0.00022423048037464825,19.781004277829943,0.00022423048037464828,19.781004277829943,1.0000000000000002,0.017181851607135475,-1.465100663183394,-15.298600722232758,-1.465100663183394,-31.304804752257873,-174.79635646932203
78.26913456728363,0.00022427985913475853,19.745891831327917,0.00022427985913475853,19.745891831327924,1.0,0.017181297084010484,-1.4629727441708118,-15.298881053159887,-1.4629727441708116,-31.303949907826855,-174.8046143269287
78.40920460230114,0.00022432900541160744,19.710885075468646,0.00022432900541160744,19.710885075468646,1.0,0.01718074503265398,-1.460848838976676,-15.299160143508548,-1.4608488389766758,-31.303099068341147,-174.81285258502407
78.54927463731866,0.00022437792060773116,19.675983537165422,0.00022437792060773118,19.67598353716542,1.0000000000000002,0.0171801954392605,-1.458728943698083,-15.299438000138572,-1.458728943698083,-31.302252209842987,-174.8210712977063
78.68934467233616,0.000224426606115506,19.641186746000606,0.00022442660611550597,19.64118674600061,0.9999999999999999,0.017179648290114157,-1.4566130543478002,-15.299714629865907,-1.4566130543478004,-31.301409308545605,-174.8292705190487
78.82941470735368,0.00022447506331723242,19.60649423420806,0.00022447506331723245,19.606494234208057,1.0000000000000002,0.017179103571588018,-1.4545011668557857,-15.29999003946293,-1.454501166855786,-31.300570340832014,-174.83745030309692
78.9694847423712,0.00022452329358521833,19.571905536655777,0.00022452329358521836,19.571905536655777,1.0000000000000002,0.01717856127014347,-1.4523932770706813,-15.300264235658743,-1.4523932770706813,-31.29973528325353,-174.84561070386656
79.1095547773887,0.00022457129828186182,19.53742019082852,0.0002245712982818618,19.537420190828524,0.9999999999999999,0.01717802137232958,-1.4502893807612902,-15.30053722513947,-1.4502893807612904,-31.29890411252843,-174.85375177534036
79.24962481240621,0.00022461907875973358,19.50303773681066,0.00022461907875973356,19.50303773681066,0.9999999999999999,0.01717748386478253,-1.4481894736180254,-15.300809014548559,-1.4481894736180254,-31.298076805540664,-174.8618735714658
79.3896948474237,0.00022466663636165754,19.468757717269142,0.00022466663636165756,19.468757717269142,1.0000000000000002,0.017176948734224963,-1.4460935512543462,-15.301079610487054,-1.4460935512543465,-31.29725333933841,-174.86997614615268
79.52976488244123,0.00022471397242079184,19.43457967743649,0.0002247139724207919,19.434579677436485,1.0000000000000002,0.017176415967465393,-1.4440016092081696,-15.301349019513914,-1.4440016092081698,-31.296433691132822,-174.87805955327065
79.66983491745873,0.0002247610882607081,19.40050316509406,0.00022476108826070807,19.40050316509406,0.9999999999999999,0.017175885551397596,-1.4419136429432644,-15.301617248146277,-1.4419136429432644,-31.295617838296753,-174.88612384664677
79.80990495247623,0.0002248079851954708,19.366527730555323,0.0002248079851954708,19.366527730555326,1.0,0.017175357473000023,-1.4398296478506278,-15.301884302859767,-1.439829647850628,-31.294805758363356,-174.89416908006334
79.94997498749375,0.00022485466452971554,19.332652926649267,0.00022485466452971554,19.332652926649267,1.0,0.01717483171933519,-1.4377496192498331,-15.30215019008876,-1.4377496192498331,-31.293997429024806,-174.90219530725554
80.09004502251125,0.0002249011275587264,19.29887830870397,0.00022490112755872634,19.298878308703966,0.9999999999999998,0.017174308277549104,-1.4356735523903739,-15.302414916226684,-1.435673552390374,-31.293192828131133,-174.9102025819093
80.23011505752876,0.00022494737556851303,19.26520343453025,0.00022494737556851306,19.26520343453025,1.0000000000000002,0.017173787134870656,-1.4336014424529737,-15.3026784876263,-1.4336014424529737,-31.292391933688858,-174.91819095765896
80.37018509254627,0.00022499340983588676,19.23162786440547,0.0002249934098358868,19.23162786440547,1.0000000000000002,0.017173268278611053,-1.4315332845508904,-15.302940910599974,-1.4315332845508904,-31.2915947238597,-174.92616048808532
80.51025512756378,0.00022503923162853624,19.1981511610574,0.0002250392316285362,19.1981511610574,0.9999999999999998,0.017172751696163256,-1.429469073731191,-15.303202191419942,-1.429469073731191,-31.29080117695947,-174.93411122671336
80.6503251625813,0.00022508484220510217,19.164772889648223,0.00022508484220510222,19.164772889648216,1.0000000000000002,0.01717223737500137,-1.4274088049760187,-15.303462336318619,-1.4274088049760187,-31.29001127145665,-174.9420432270104
80.7903951975988,0.00022513024281525107,19.131492617758713,0.00022513024281525107,19.131492617758713,1.0,0.01717172530268009,-1.4253524732038363,-15.303721351488848,-1.4253524732038363,-31.289224985971348,-174.94995654238406
80.9304652326163,0.0002251754346997494,19.09830991537243,0.00022517543469974938,19.09830991537243,0.9999999999999999,0.017171215466834144,-1.423300073270649,-15.30397924308418,-1.4233000732706491,-31.28844229927398,-174.95785122618005
81.07053526763383,0.00022522041909053603,19.06522435486009,0.00022522041909053594,19.065224354860092,0.9999999999999997,0.017170707855177735,-1.4212515999712216,-15.304236017219136,-1.4212515999712216,-31.28766319028408,-174.9657273316807
81.21060530265132,0.00022526519721079402,19.032235510964018,0.00022526519721079405,19.032235510964014,1.0000000000000002,0.017170202455503943,-1.419207048040265,-15.304491679969496,-1.4192070480402648,-31.28688763806914,-174.97358491210267
81.35067533766883,0.00022530977027502284,18.999342960782723,0.0002253097702750228,18.999342960782727,0.9999999999999999,0.017169699255684224,-1.417166412153615,-15.304746237372544,-1.417166412153615,-31.286115621843393,-174.9814240205953
81.49074537268635,0.0002253541394891088,18.966546283755623,0.00022535413948910883,18.966546283755623,1.0000000000000002,0.01716919824366783,-1.415129686929391,-15.304999695427341,-1.4151296869293912,-31.285347120966648,-174.98924471023895
81.63081540770385,0.0002253983060503949,18.933845061647784,0.0002253983060503949,18.933845061647784,1.0,0.017168699407481246,-1.4130968669291408,-15.305252060095,-1.4130968669291408,-31.28458211494314,-174.9970470340429
81.77088544272137,0.00022544227114775137,18.901238878534862,0.00022544227114775137,18.901238878534862,1.0,0.017168202735227716,-1.4110679466589626,-15.305503337298914,-1.4110679466589626,-31.28382058342039,-175.004831044944
81.91095547773885,0.00022548603596164355,18.86872732078811,0.00022548603596164352,18.868727320788114,0.9999999999999999,0.01716770821508661,-1.4090429205706216,-15.305753532925056,-1.4090429205706214,-31.283062506188042,-175.01259679580468
82.05102551275638,0.0002255296016642009,18.836309977059493,0.0002255296016642009,18.83630997705949,1.0,0.01716721583531296,-1.4070217830626421,-15.306002652822217,-1.4070217830626424,-31.28230786317672,-175.02034433941157
82.19109554777388,0.00022557296941928438,18.803986438266907,0.0002255729694192844,18.803986438266904,1.0000000000000002,0.017166725584236903,-1.4050045284813883,-15.306250702802252,-1.4050045284813886,-31.281556634456887,-175.02807372847366
82.33116558279139,0.0002256161403825537,18.771756297579525,0.0002256161403825537,18.77175629757953,1.0,0.017166237450263154,-1.402991151122128,-15.306497688640357,-1.4029911511221278,-31.28080880023787,-175.03578501562092
82.47123561780892,0.00022565911570153382,18.739619150403232,0.00022565911570153385,18.739619150403232,1.0000000000000002,0.017165751421870483,-1.4009816452300814,-15.306743616075302,-1.4009816452300814,-31.28006434086653,-175.0434782534027
82.61130565282642,0.0002257018965156805,18.707574594366182,0.00022570189651568046,18.707574594366182,0.9999999999999998,0.017165267487611206,-1.3989760050014572,-15.306988490809692,-1.3989760050014572,-31.27932323682642,-175.05115349428615
82.75137568784392,0.0002257444839564462,18.675622229304384,0.0002257444839564462,18.67562222930438,1.0,0.017164785636110635,-1.3969742245844716,-15.307232318510223,-1.3969742245844718,-31.278585468736466,-175.05881079065483
82.89144572286143,0.00022578687914734442,18.64376165724753,0.00022578687914734445,18.64376165724753,1.0000000000000002,0.01716430585606662,-1.3949762980803526,-15.307475104807907,-1.3949762980803524,-31.27785101735006,-175.06645019480732
83.03151575787894,0.00022582908320401367,18.61199248240479,0.00022582908320401367,18.61199248240479,1.0,0.017163828136249004,-1.392982219544333,-15.307716855298333,-1.392982219544333,-31.277119863553917,-175.07407175895577
83.17158579289645,0.0002258710972342815,18.580314311150747,0.00022587109723428155,18.580314311150744,1.0000000000000002,0.017163352465499097,-1.3909919829866224,-15.307957575541913,-1.3909919829866224,-31.27639198836707,-175.08167553522438
83.31165582791395,0.00022591292233822702,18.54872675201155,0.00022591292233822705,18.548726752011554,1.0000000000000002,0.017162878832729243,-1.3890055823733802,-15.30819727106412,-1.3890055823733802,-31.27566737293975,-175.0892615756484
83.45172586293145,0.00022595455960824364,18.51722941565092,0.00022595455960824364,18.51722941565092,1.0,0.017162407226922242,-1.3870230116276512,-15.308435947355722,-1.3870230116276512,-31.274945998552425,-175.0968299321726
83.59179589794898,0.00022599601012910077,18.485821914856512,0.0002259960101291008,18.48582191485652,1.0000000000000002,0.017161937637130916,-1.3850442646303132,-15.308673609873043,-1.3850442646303132,-31.27422784661471,-175.1043806566499
83.73186593296649,0.0002260372749780053,18.4545038645262,0.0002260372749780053,18.454503864526206,1.0,0.0171614700524776,-1.3830693352209913,-15.308910264038161,-1.3830693352209913,-31.273512898664414,-175.11191380084043
83.87193596798399,0.00022607835522466205,18.42327488165456,0.00022607835522466202,18.42327488165456,0.9999999999999999,0.01716100446215363,-1.381098217198972,-15.309145915239187,-1.381098217198972,-31.272801136366443,-175.11942941641004
84.0120060030015,0.00022611925193133435,18.39213458531939,0.00022611925193133435,18.39213458531939,1.0,0.017160540855418897,-1.3791309043240954,-15.30938056883047,-1.3791309043240954,-31.27209254151189,-175.12692755492924
84.152076038019,0.00022615996615290372,18.361082596668343,0.00022615996615290372,18.361082596668343,1.0,0.017160079221601347,-1.377167390317641,-15.30961423013284,-1.377167390317641,-31.27138709601697,-175.13440826787206
84.29214607303652,0.0002262004989369285,18.330118538905683,0.00022620049893692847,18.33011853890568,0.9999999999999999,0.0171596195500965,-1.375207668863197,-15.309846904433835,-1.375207668863197,-31.270684781922107,-175.14187160661484
84.43221610805402,0.00022624085132370302,18.2992420372791,0.00022624085132370302,18.2992420372791,1.0,0.017159161830366986,-1.3732517336075205,-15.310078596987942,-1.3732517336075205,-31.269985581390863,-175.1493176224352
84.57228614307154,0.00022628102434631557,18.268452719066598,0.00022628102434631557,18.268452719066598,1.0,0.017158706051942082,-1.371299578161379,-15.310309313016802,-1.371299578161379,-31.269289476709048,-175.156746366511
84.71235617808905,0.0002263210190307059,18.237750213563586,0.0002263210190307059,18.237750213563586,1.0,0.017158252204417232,-1.369351196100387,-15.310539057709446,-1.369351196100387,-31.268596450283717,-175.1641578899191
84.85242621310654,0.00022636083639572234,18.207134152069916,0.00022636083639572237,18.207134152069916,1.0000000000000002,0.017157800277453568,-1.3674065809658282,-15.31076783622254,-1.3674065809658282,-31.267906484642246,-175.1715522436346
84.99249624812407,0.00022640047745317826,18.176604167877098,0.0002264004774531783,18.176604167877095,1.0000000000000002,0.01715735026077748,-1.3654657262654617,-15.310995653680584,-1.3654657262654617,-31.26721956243143,-175.1789294785297
85.13256628314157,0.00022643994320790836,18.146159896255625,0.00022643994320790833,18.146159896255625,0.9999999999999999,0.017156902144180176,-1.3635286254743249,-15.31122251517612,-1.3635286254743249,-31.26653566641638,-175.1862896453727
85.27263631815907,0.0002264792346578241,18.11580097444229,0.0002264792346578241,18.11580097444229,1.0,0.01715645591751716,-1.361595272035515,-15.311448425769989,-1.3615952720355151,-31.265854779479838,-175.19363279482718
85.41270635317659,0.00022651835279396848,18.085527041627717,0.00022651835279396845,18.085527041627717,0.9999999999999999,0.017156011570707844,-1.3596656593609673,-15.311673390491531,-1.3596656593609675,-31.265176884621066,-175.200958977451
85.5527763881941,0.00022655729860057158,18.055337738943884,0.0002265572986005716,18.05533773894388,1.0000000000000002,0.017155569093735088,-1.3577397808322182,-15.31189741433879,-1.3577397808322182,-31.26450196495504,-175.20826824369536
85.6928464232116,0.00022659607305510317,18.02523270945179,0.00022659607305510314,18.025232709451792,0.9999999999999999,0.01715512847664473,-1.3558176298011584,-15.312120502278743,-1.3558176298011586,-31.263830003711455,-175.2155606439041
85.8329164582291,0.0002266346771283277,17.99521159812916,0.00022663467712832772,17.99521159812916,1.0000000000000002,0.017154689709545173,-1.3538991995907732,-15.312342659247518,-1.3538991995907732,-31.263160984233945,-175.22283622831264
85.97298649324661,0.00022667311178435677,17.965274051858312,0.00022667311178435677,17.965274051858312,1.0,0.017154252782606953,-1.3519844834958765,-15.312563890150589,-1.3519844834958765,-31.262494889979088,-175.2300950470473
86.11305652826414,0.00022671137798070185,17.935419719414025,0.00022671137798070185,17.93541971941403,1.0,0.017153817686062268,-1.3500734747838277,-15.312784199863001,-1.3500734747838279,-31.26183170451565,-175.2373371501245
86.25312656328164,0.00022674947666832674,17.905648251451574,0.00022674947666832674,17.905648251451574,1.0,0.017153384410204586,-1.348166166695246,-15.313003593229574,-1.348166166695246,-31.261171411523527,-175.24456258744985
86.39319659829914,0.00022678740879169914,17.875959300494742,0.00022678740879169914,17.875959300494742,1.0,0.01715295294538821,-1.3462625524447063,-15.31322207506511,-1.3462625524447063,-31.260513994793104,-175.2517714088175
86.53326663331667,0.00022682517528884154,17.84635252092409,0.00022682517528884157,17.846352520924086,1.0000000000000002,0.01715252328202782,-1.3443626252214302,-15.313439650154594,-1.3443626252214302,-31.259859438224172,-175.2589636639095
86.67333666833416,0.0002268627770913832,17.816827568965092,0.0002268627770913832,17.81682756896509,1.0,0.0171520954105981,-1.342466378189965,-15.313656323253417,-1.3424663781899653,-31.25920772582529,-175.26613940229478
86.81340670335167,0.0002269002151246095,17.78738410267653,0.0002269002151246095,17.78738410267653,1.0,0.0171516693216333,-1.3405738044908533,-15.313872099087543,-1.3405738044908535,-31.258558841712826,-175.27329867342883
86.95347673836918,0.00022693749030751193,17.75802178193892,0.00022693749030751193,17.75802178193892,1.0,0.017151245005726793,-1.3386848972412966,-15.314086982353764,-1.3386848972412964,-31.257912770110032,-175.28044152665265
87.09354677338669,0.00022697460355283817,17.728740268442966,0.00022697460355283815,17.72874026844297,0.9999999999999999,0.017150822453530706,-1.3367996495357946,-15.31430097771985,-1.3367996495357946,-31.25726949534647,-175.28756801119246
87.23361680840421,0.00022701155576714105,17.699539225678144,0.00022701155576714105,17.699539225678144,1.0,0.017150401655755494,-1.3349180544467985,-15.314514089824769,-1.3349180544467985,-31.256629001856936,-175.2946781761588
87.37368684342171,0.00022704834785082674,17.6704183189214,0.00022704834785082674,17.6704183189214,1.0,0.017149982603169522,-1.3330401050253335,-15.314726323278887,-1.3330401050253338,-31.25599127418081,-175.30177207054604
87.51375687843922,0.0002270849806982034,17.641377215225848,0.00022708498069820335,17.64137721522585,0.9999999999999998,0.017149565286598684,-1.331165794301623,-15.31493768266416,-1.331165794301623,-31.255356296961168,-175.30884974323175
87.65382691345673,0.00022712145519752878,17.612415583409604,0.00022712145519752878,17.612415583409604,1.0,0.01714914969692598,-1.3292951152857027,-15.315148172534334,-1.3292951152857027,-31.254724054943992,-175.31591124297609
87.79389694847423,0.00022715777223105758,17.583533094044675,0.00022715777223105758,17.58353309404467,1.0,0.017148735825091133,-1.3274280609680216,-15.315357797415125,-1.3274280609680216,-31.25409453297739,-175.3229566184213
87.93396698349174,0.00022719393267508863,17.55472941944595,0.00022719393267508863,17.55472941944595,1.0,0.01714832366209018,-1.325564624320038,-15.315566561804424,-1.3255646243200379,-31.253467716010867,-175.32998591809118
88.07403701850926,0.00022722993740001142,17.526004233660235,0.00022722993740001142,17.52600423366023,1.0,0.017147913198975125,-1.3237047982948051,-15.315774470172476,-1.3237047982948054,-31.25284358909439,-175.3369991903905
88.21410705352676,0.00022726578727035168,17.497357212455405,0.00022726578727035163,17.49735721245541,0.9999999999999998,0.017147504426853474,-1.32184857582755,-15.315981526962082,-1.32184857582755,-31.252222137377753,-175.34399648360454
88.35417708854426,0.00022730148314481787,17.46878803330958,0.00022730148314481787,17.468788033309586,1.0,0.017147097336887906,-1.3199959498362372,-15.316187736588788,-1.319995949836237,-31.251603346109817,-175.35097784589854
88.49424712356179,0.00022733702587634621,17.440296375400457,0.00022733702587634621,17.440296375400457,1.0,0.01714669192029589,-1.318146913222135,-15.316393103441042,-1.318146913222135,-31.250987200637628,-175.35794332531736
88.6343171585793,0.00022737241631214537,17.411881919594617,0.0002273724163121453,17.41188191959462,0.9999999999999998,0.017146288168349275,-1.3163014588703625,-15.316597631880422,-1.3163014588703625,-31.250373686405748,-175.36489296978488
88.7743871935968,0.00022740765529374155,17.383544348436985,0.00022740765529374155,17.383544348436985,1.0,0.017145886072373922,-1.3144595796504375,-15.316801326241789,-1.3144595796504375,-31.249762788955525,-175.3718268271036
88.9144572286143,0.0002274427436570223,17.35528334614035,0.0002274427436570223,17.35528334614035,1.0,0.017145485623749353,-1.3126212684168073,-15.317004190833483,-1.3126212684168075,-31.249154493924344,-175.37874494495426
89.05452726363183,0.00022747768223228043,17.327098598574906,0.00022747768223228045,17.327098598574906,1.0000000000000002,0.017145086813908347,-1.310786518009379,-15.317206229937494,-1.310786518009379,-31.24854878704474,-175.38564737089547
89.19459729864933,0.00022751247184425697,17.298989793257967,0.00022751247184425694,17.298989793257967,0.9999999999999999,0.017144689634336588,-1.3089553212540388,-15.317407447809659,-1.3089553212540388,-31.247945654143955,-175.39253415236314
89.33466733366683,0.00022754711331218516,17.270956619343647,0.00022754711331218516,17.27095661934364,1.0,0.017144294076572295,-1.3071276709631643,-15.317607848679817,-1.307127670963164,-31.247345081143006,-175.39940533667033
89.47473736868433,0.00022758160744983214,17.24299876761267,0.00022758160744983214,17.242998767612665,1.0,0.017143900132205864,-1.3053035599361267,-15.317807436752007,-1.3053035599361267,-31.24674705405598,-175.40626097100667
89.61480740370186,0.00022761595506554154,17.215115930462247,0.00022761595506554157,17.215115930462247,1.0000000000000002,0.017143507792879476,-1.3034829809597896,-15.31800621620464,-1.3034829809597896,-31.246151558989386,-175.41310110243825
89.75487743871936,0.0002276501569622757,17.18730780189605,0.00022765015696227565,17.187307801896054,0.9999999999999998,0.017143117050286802,-1.3016659268089974,-15.318204191190661,-1.3016659268089974,-31.2455585821415,-175.41992577790697
89.89494747373686,0.00022768421393765687,17.159574077514165,0.00022768421393765687,17.159574077514158,1.0,0.017142727896172584,-1.299852390247056,-15.31840136583773,-1.299852390247056,-31.244968109801484,-175.4267350442306
90.03501750875438,0.00022771812678400844,17.131914454503214,0.00022771812678400839,17.13191445450321,0.9999999999999998,0.0171423403223323,-1.298042364026207,-15.318597744248413,-1.298042364026207,-31.24438012834887,-175.43352894810218
90.17508754377188,0.0002277518962883959,17.10432863162651,0.0002277518962883959,17.104328631626515,1.0,0.01714195432061184,-1.2962358408880974,-15.318793330500313,-1.2962358408880974,-31.243794624252835,-175.44030753608982
90.3151575787894,0.00022778552323266744,17.07681630921427,0.00022778552323266747,17.076816309214273,1.0000000000000002,0.017141569882907125,-1.2944328135642384,-15.318988128646279,-1.2944328135642387,-31.243211584071492,-175.44707085463642
90.4552276138069,0.00022781900839349356,17.049377189153905,0.0002278190083934936,17.0493771891539,1.0000000000000002,0.01714118700116378,-1.2926332747764568,-15.319182142714546,-1.292633274776457,-31.242630994451133,-175.45381895005949
90.59529764882441,0.00022785235254240725,17.022010974880374,0.00022785235254240723,17.022010974880374,0.9999999999999999,0.017140805667376764,-1.2908372172373446,-15.319375376708928,-1.2908372172373446,-31.242052842125755,-175.4605518685507
90.73536768384191,0.0002278855564458437,16.994717371366626,0.00022788555644584368,16.994717371366626,0.9999999999999999,0.017140425873590086,-1.2890446336506955,-15.31956783460896,-1.2890446336506953,-31.24147711391626,-175.4672696561759
90.87543771885943,0.0002279186208651787,16.96749608511408,0.0002279186208651787,16.96749608511408,1.0,0.01714004761189641,-1.2872555167119388,-15.319759520370074,-1.2872555167119388,-31.240903796729764,-175.4739723588746
91.01550775387695,0.00022795154655676802,16.940346824143205,0.00022795154655676805,16.940346824143205,1.0000000000000002,0.017139670874436744,-1.2854698591085687,-15.319950437923763,-1.2854698591085685,-31.24033287755907,-175.48066002246
91.15557778889445,0.00022798433427198529,16.913269297984105,0.00022798433427198526,16.9132692979841,0.9999999999999999,0.01713929565340009,-1.283687653520557,-15.320140591177756,-1.283687653520557,-31.23976434348194,-175.48733269261868
91.29564782391195,0.00022801698475726097,16.886263217667242,0.00022801698475726097,16.88626321766724,1.0,0.017138921941023157,-1.2819088926207725,-15.32032998401614,-1.2819088926207725,-31.23919818166048,-175.4939904149104
91.43571785892946,0.00022804949875411903,16.8593282957142,0.000228049498754119,16.859328295714196,0.9999999999999999,0.017138549729589968,-1.2801335690753857,-15.32051862029958,-1.2801335690753857,-31.23863437934049,-175.50063323476795
91.57578789394698,0.00022808187699921513,16.83246424612847,0.0002280818769992151,16.83246424612847,0.9999999999999999,0.01713817901143161,-1.2783616755442675,-15.320706503865411,-1.2783616755442675,-31.238072923850822,-175.50726119749694
91.71585792896448,0.0002281141202243736,16.805670784386376,0.0002281141202243736,16.805670784386376,1.0,0.017137809778925834,-1.276593204681389,-15.320893638527853,-1.276593204681389,-31.23751380260277,-175.51387434827566
91.85592796398198,0.00022814622915662424,16.778947627427986,0.0002281462291566242,16.77894762742799,0.9999999999999999,0.01713744202449679,-1.2748281491352031,-15.321080028078134,-1.2748281491352031,-31.2369570030895,-175.520472732155
91.99599799899948,0.0002281782045182387,16.752294493648137,0.0002281782045182387,16.752294493648137,1.0,0.01713707574061469,-1.2730665015490292,-15.321265676284654,-1.2730665015490292,-31.236402512885284,-175.52705639405826
92.13606803401701,0.00022821004702676647,16.725711102887523,0.00022821004702676645,16.725711102887526,0.9999999999999999,0.01713671091979546,-1.2713082545614345,-15.321450586893162,-1.2713082545614347,-31.23585031964513,-175.5336253787809
92.27613806903452,0.00022824175739507172,16.699197176423823,0.00022824175739507172,16.699197176423823,1.0,0.017136347554600508,-1.2695534008065958,-15.321634763626854,-1.2695534008065958,-31.235300411103907,-175.54017973099062
92.41620810405202,0.00022827333633136743,16.672752436962867,0.0002282733363313674,16.672752436962867,0.9999999999999999,0.01713598563763631,-1.2678019329146721,-15.321818210186597,-1.2678019329146721,-31.23475277507596,-175.5467194952272
92.55627813906953,0.00022830478453925198,16.646376608629947,0.000228304784539252,16.646376608629947,1.0000000000000002,0.01713562516155419,-1.2660538435121578,-15.32200093025102,-1.266053843512158,-31.23420739945441,-175.55324471590234
92.69634817408705,0.000228336102717743,16.62006941696109,0.000228336102717743,16.62006941696109,1.0,0.017135266119049954,-1.26430912522224,-15.322182927476698,-1.2643091252222403,-31.233664272210557,-175.5597554372996
92.83641820910455,0.000228367291561313,16.59383058889448,0.000228367291561313,16.593830588894477,1.0,0.017134908502863616,-1.2625677706651437,-15.322364205498285,-1.2625677706651437,-31.233123381393394,-175.56625170357438
92.97648824412205,0.00022839835175992313,16.567659852761857,0.00022839835175992313,16.567659852761857,1.0,0.017134552305779063,-1.2608297724584767,-15.322544767928674,-1.2608297724584767,-31.23258471512888,-175.57273355875375
93.11655827913957,0.00022842928399905734,16.541556938280042,0.00022842928399905734,16.541556938280042,1.0,0.017134197520623805,-1.2590951232175658,-15.32272461835914,-1.2590951232175656,-31.232048261619518,-175.5792010467365
93.25662831415708,0.00022846008895975646,16.51552157654248,0.00022846008895975646,16.515521576542483,1.0,0.017133844140268646,-1.2573638155557845,-15.32290376035947,-1.2573638155557842,-31.231514009143613,-175.58565421129305
93.39669834917459,0.00022849076731865133,16.489553500010867,0.0002284907673186513,16.489553500010867,0.9999999999999999,0.01713349215762737,-1.255635842084887,-15.32308219747814,-1.255635842084887,-31.230981946054904,-175.5920930960653
93.5367683841921,0.00022852131974799612,16.463652442506806,0.00022852131974799615,16.463652442506806,1.0000000000000002,0.017133141565656478,-1.2539111954153228,-15.32325993324243,-1.2539111954153228,-31.230452060781893,-175.59851774456678
93.6768384192096,0.00022855174691570156,16.43781813920359,0.00022855174691570158,16.43781813920359,1.0000000000000002,0.0171327923573549,-1.2521898681565578,-15.323436971158577,-1.2521898681565578,-31.229924341827196,-175.6049282001825
93.8169084542271,0.00022858204948536734,16.412050326617887,0.00022858204948536734,16.412050326617887,1.0,0.017132444525763683,-1.2504718529173795,-15.323613314711919,-1.2504718529173795,-31.229398777767212,-175.61132450616907
93.95697848924462,0.0002286122281163142,16.386348742601708,0.0002286122281163142,16.38634874260171,1.0,0.017132098063965703,-1.24875714230621,-15.323788967367038,-1.24875714230621,-31.228875357251432,-175.61770670565448
94.09704852426214,0.00022864228346361674,16.36071312633421,0.00022864228346361674,16.36071312633421,1.0,0.0171317529650854,-1.2470457289314016,-15.323963932567889,-1.2470457289314014,-31.22835406900185,-175.62407484163828
94.23711855927964,0.0002286722161781346,16.335143218313732,0.0002286722161781346,16.335143218313732,1.0,0.01713140922228849,-1.2453376054015368,-15.324138213737942,-1.2453376054015366,-31.227834901812596,-175.6304289569915
94.37718859429714,0.0002287020269065443,16.30963876034975,0.0002287020269065443,16.309638760349745,1.0,0.01713106682878167,-1.2436327643257192,-15.32431181428034,-1.2436327643257192,-31.227317844549233,-175.63676909445675
94.51725862931467,0.00022873171629137068,16.284199495554937,0.00022873171629137068,16.28419949555494,1.0,0.017130725777812342,-1.241931198313857,-15.324484737577997,-1.241931198313857,-31.22680288614836,-175.64309529664817
94.65732866433217,0.00022876128497101774,16.258825168337374,0.00022876128497101772,16.25882516833737,0.9999999999999999,0.01713038606266836,-1.2402328999769512,-15.324656986993768,-1.2402328999769512,-31.226290015616982,-175.6494076060514
94.79739869934967,0.00022879073357979916,16.233515524392622,0.00022879073357979918,16.23351552439262,1.0000000000000002,0.01713004767667773,-1.238537861927369,-15.324828565870563,-1.238537861927369,-31.22577922203203,-175.65570606502385
94.93746873436717,0.00022882006274796952,16.208270310696005,0.00022882006274796952,16.208270310696,1.0,0.017129710613208334,-1.2368460767791174,-15.3249994775315,-1.2368460767791174,-31.22527049453991,-175.66199071579447
95.0775387693847,0.00022884927310175385,16.183089275494883,0.00022884927310175388,16.183089275494883,1.0000000000000002,0.01712937486566768,-1.2351575371481134,-15.325169725280013,-1.2351575371481134,-31.224763822355865,-175.66826160046406
95.2176088044022,0.00022887836526337807,16.15797216830103,0.00022887836526337807,16.157972168301033,1.0,0.017129040427502615,-1.233472235652449,-15.325339312400006,-1.2334722356524488,-31.224259194763533,-175.67451876100503
95.3576788394197,0.00022890733985109863,16.13291873988293,0.00022890733985109863,16.13291873988293,1.0,0.01712870729219908,-1.2317901649126468,-15.325508242155973,-1.2317901649126468,-31.223756601114545,-175.68076223926175
95.4977488744372,0.00022893619747923168,16.10792874225831,0.00022893619747923165,16.10792874225831,0.9999999999999999,0.017128375453281823,-1.2301113175519214,-15.325676517793125,-1.2301113175519214,-31.223256030827816,-175.6869920769505
95.63781890945474,0.00022896493875818304,16.083001928686585,0.00022896493875818302,16.08300192868659,0.9999999999999999,0.017128044904314136,-1.2284356861964265,-15.325844142537532,-1.2284356861964265,-31.222757473389184,-175.69320831565958
95.77788894447224,0.00022899356429447642,16.05813805366142,0.00022899356429447642,16.05813805366142,1.0,0.017127715638897614,-1.2267632634755063,-15.326011119596236,-1.2267632634755063,-31.222260918350905,-175.69941099684925
95.91795897948974,0.00022902207469078283,16.033336872903334,0.00022902207469078283,16.033336872903334,1.0,0.017127387650671885,-1.225094042021933,-15.32617745215739,-1.225094042021933,-31.221766355331198,-175.70560016185217
96.05802901450726,0.00022905047054594857,16.008598143352327,0.00022905047054594857,16.008598143352327,1.0,0.01712706093331434,-1.2234280144721537,-15.326343143390375,-1.2234280144721537,-31.221273774013664,-175.71177585187306
96.19809904952476,0.00022907875245502414,15.983921623160573,0.00022907875245502412,15.98392162316058,0.9999999999999999,0.017126735480539907,-1.221765173466517,-15.326508196445927,-1.221765173466517,-31.220783164146873,-175.71793810798908
96.33816908454227,0.0002291069210092915,15.9593070716852,0.00022910692100929154,15.959307071685197,1.0000000000000002,0.017126411286100755,-1.2201055116495114,-15.326672614456278,-1.2201055116495116,-31.220294515543905,-175.72408697115003
96.47823911955977,0.00022913497679629246,15.934754249481063,0.00022913497679629246,15.934754249481063,1.0,0.01712608834378609,-1.2184490216699901,-15.326836400535251,-1.2184490216699901,-31.2198078180818,-175.73022248217808
96.61830915457729,0.0002291629203998564,15.910262918293588,0.0002291629203998564,15.910262918293588,1.0,0.01712576664742188,-1.2167956961813926,-15.3269995577784,-1.2167956961813926,-31.219323061701225,-175.73634468176826
96.75837918959479,0.000229190752400127,15.885832841051675,0.00022919075240012692,15.885832841051677,0.9999999999999997,0.017125446190870603,-1.2151455278419665,-15.327162089263133,-1.2151455278419663,-31.218840236405846,-175.7424536104885
96.8984492246123,0.0002292184733735898,15.861463781860635,0.00022921847337358978,15.861463781860635,0.9999999999999999,0.017125126968031004,-1.2134985093149844,-15.327323998048827,-1.2134985093149842,-31.218359332262015,-175.7485493087796
97.03851925962982,0.0002292460838930993,15.837155505995197,0.00022924608389309932,15.837155505995197,1.0000000000000002,0.017124808972837885,-1.2118546332689542,-15.327485287176943,-1.2118546332689542,-31.217880339398214,-175.7546318169555
97.17858929464732,0.00022927358452790457,15.812907779892521,0.00022927358452790454,15.812907779892521,0.9999999999999999,0.01712449219926178,-1.2102138923778305,-15.32764595967117,-1.2102138923778305,-31.217403248004658,-175.76070117520354
97.31865932966483,0.00022930097584367753,15.788720371145306,0.00022930097584367753,15.788720371145306,1.0,0.017124176641308813,-1.2085762793212154,-15.327806018537496,-1.2085762793212154,-31.216928048332832,-175.76675742358427
97.45872936468234,0.0002293282584025375,15.764593048494906,0.00022932825840253746,15.764593048494909,0.9999999999999998,0.017123862293020403,-1.2069417867845633,-15.327965466764377,-1.2069417867845633,-31.21645473069502,-175.772800602032
97.59879939969986,0.00022935543276307788,15.740525581824539,0.00022935543276307786,15.740525581824539,0.9999999999999999,0.01712354914847301,-1.205310407459381,-15.328124307322831,-1.205310407459381,-31.215983285463878,-175.77883075035462
97.73886943471736,0.00022938249948039225,15.716517742152467,0.00022938249948039225,15.716517742152464,1.0,0.017123237201777962,-1.2036821340434167,-15.328282543166535,-1.2036821340434167,-31.215513703072077,-175.78484790823398
97.87893946973486,0.00022940945910609938,15.692569301625307,0.00022940945910609935,15.692569301625307,0.9999999999999999,0.017122926447081167,-1.2020569592408565,-15.328440177231982,-1.2020569592408565,-31.215045974011733,-175.79085211522593
98.01900950475236,0.000229436312188369,15.66868003351135,0.00022943631218836898,15.66868003351135,0.9999999999999999,0.017122616878562907,-1.200434875762511,-15.32859721243855,-1.200434875762511,-31.21458008883403,-175.79684341076066
98.15907953976989,0.00022946305927194687,15.644849712193896,0.00022946305927194687,15.644849712193896,1.0,0.017122308490437582,-1.1988158763259986,-15.328753651688656,-1.1988158763259986,-31.214116038148827,-175.8028218341426
98.29914957478739,0.0002294897008981798,15.621078113164671,0.00022948970089817978,15.621078113164671,0.9999999999999999,0.017122001276953524,-1.197199953655928,-15.328909497867834,-1.197199953655928,-31.213653812624255,-175.80878742455087
98.4392196098049,0.0002295162376050401,15.597365013017301,0.00022951623760504008,15.597365013017301,0.9999999999999999,0.017121695232392736,-1.195587100484075,-15.329064753844865,-1.1955871004840752,-31.213193402986192,-175.81474022103927
98.57928964482241,0.00022954266992715062,15.573710189440785,0.00022954266992715065,15.573710189440785,1.0000000000000002,0.01712139035107068,-1.1939773095495623,-15.32921942247189,-1.1939773095495623,-31.212734800017927,-175.82068026253668
98.71935967983993,0.00022956899839580864,15.550113421213048,0.00022956899839580864,15.550113421213048,1.0,0.017121086627336034,-1.1923705735990264,-15.329373506584517,-1.1923705735990267,-31.212277994559706,-175.826607587847
98.85942971485743,0.00022959522353901044,15.52657448819453,0.00022959522353901044,15.52657448819453,1.0,0.017120784055570507,-1.1907668853867874,-15.329527009001913,-1.1907668853867874,-31.211822977508398,-175.83252223564955
98.99949974987493,0.00022962134588147486,15.503093171321783,0.00022962134588147483,15.503093171321787,0.9999999999999999,0.01712048263018859,-1.189166237675018,-15.32967993252694,-1.189166237675018,-31.211369739816984,-175.8384242444991
99.13956978489244,0.00022964736594466742,15.479669252601187,0.00022964736594466742,15.479669252601187,1.0,0.017120182345637332,-1.1875686232339018,-15.329832279946249,-1.1875686232339018,-31.210918272494222,-175.84431365282623
99.27963981990996,0.00022967328424682354,15.456302515102644,0.00022967328424682357,15.456302515102648,1.0000000000000002,0.017119883196396166,-1.1859740348417982,-15.329984054030385,-1.1859740348417982,-31.210468566604238,-175.85019049893754
99.41970985492746,0.00022969910130297218,15.432992742953312,0.0002296991013029722,15.432992742953315,1.0000000000000002,0.01711958517697663,-1.184382465285395,-15.33013525753389,-1.1843824652853947,-31.210020613266096,-175.85605482101562
99.55977988994498,0.00022972481762495897,15.40973972133144,0.00022972481762495895,15.409739721331437,0.9999999999999999,0.017119288281922208,-1.1827939073598654,-15.330285893195427,-1.1827939073598654,-31.20957440365345,-175.8619066571196
99.69984992496248,0.00022975043372146868,15.38654323646018,0.00022975043372146865,15.386543236460184,0.9999999999999999,0.017118992505808086,-1.1812083538690186,-15.33043596373786,-1.1812083538690183,-31.20912992899411,-175.86774604518513
99.83991995997998,0.00022977595009804921,15.363403075601498,0.00022977595009804921,15.363403075601498,1.0,0.01711869784324095,-1.1796257976254494,-15.330585471868377,-1.1796257976254494,-31.20868718056972,-175.8735730230247
99.9799899949975,0.00022980136725713284,15.34031902705005,0.00022980136725713282,15.34031902705005,0.9999999999999999,0.01711840428885878,-1.1780462314506805,-15.330734420278581,-1.1780462314506805,-31.20824614971525,-175.87938762832786
100.12006003001501,0.0002298266856980596,15.317290880127192,0.00022982668569805962,15.317290880127189,1.0000000000000002,0.01711811183733065,-1.1764696481753103,-15.330882811644603,-1.1764696481753103,-31.2078068278188,-175.88518989866137
100.26013006503251,0.00022985190591709903,15.294318425174946,0.000229851905917099,15.294318425174946,0.9999999999999999,0.01711782048335649,-1.1748960406391495,-15.331030648627193,-1.1748960406391495,-31.207369206321005,-175.89097987146954
100.40020010005001,0.0002298770284074726,15.271401453550096,0.00022987702840747263,15.271401453550094,1.0000000000000002,0.01711753022166693,-1.1733254016913621,-15.331177933871821,-1.173325401691362,-31.206933276714885,-175.8967575840744
100.54027013506754,0.0002299020536593753,15.248539757618206,0.00022990205365937532,15.248539757618202,1.0000000000000002,0.017117241047023037,-1.1717577241905985,-15.331324670008788,-1.1717577241905983,-31.206499030545295,-175.90252307367604
100.68034017008505,0.00022992698215999738,15.225733130747765,0.00022992698215999738,15.225733130747765,1.0,0.01711695295421617,-1.170193001005128,-15.331470859653326,-1.170193001005128,-31.206066459408603,-175.90827637735262
100.82041020510255,0.0002299518143935461,15.202981367304403,0.00022995181439354608,15.202981367304407,0.9999999999999999,0.01711666593806775,-1.1686312250129702,-15.331616505405671,-1.1686312250129702,-31.205635554952366,-175.91401753206085
100.96048024012005,0.0002299765508412668,15.180284262645008,0.00022997655084126676,15.180284262645008,0.9999999999999999,0.017116379993429062,-1.167072389102024,-15.331761609851199,-1.1670723891020238,-31.205206308874985,-175.91974657463612
101.10055027513758,0.00023000119198146428,15.157641613112034,0.00023000119198146428,15.15764161311203,1.0,0.01711609511518105,-1.165516486170187,-15.3319061755605,-1.1655164861701872,-31.204778712925254,-175.92546354179282
101.24062031015508,0.00023002573828952378,15.135053216027734,0.00023002573828952378,15.13505321602773,1.0,0.017115811298234165,-1.1639635091254854,-15.33205020508946,-1.1639635091254852,-31.20435275890205,-175.9311684701245
101.38069034517258,0.00023005019023793192,15.112518869688508,0.0002300501902379319,15.112518869688511,0.9999999999999999,0.017115528537528114,-1.1624134508861899,-15.332193700979403,-1.1624134508861899,-31.203928438653993,-175.93686139610412
101.52076038019008,0.00023007454829629685,15.090038373359242,0.00023007454829629688,15.090038373359242,1.0000000000000002,0.01711524682803169,-1.1608663043809346,-15.332336665757138,-1.1608663043809344,-31.203505744079102,-175.94254235608443
101.66083041520761,0.0002300988129313695,15.067611527267703,0.0002300988129313695,15.067611527267703,1.0,0.01711496616474259,-1.1593220625488336,-15.332479101935094,-1.1593220625488339,-31.203084667124376,-175.9482113862982
101.80090045022511,0.00023012298460706353,15.04523813259898,0.00023012298460706353,15.04523813259898,1.0,0.017114686542687215,-1.1577807183395947,-15.332621012011373,-1.1577807183395945,-31.202665199785557,-175.9538685228583
101.94097048524262,0.00023014706378447539,15.022917991489935,0.00023014706378447536,15.022917991489935,0.9999999999999999,0.017114407956920482,-1.1562422647136275,-15.332762398469882,-1.1562422647136272,-31.202247334106687,-175.95951380175816
102.08104052026013,0.00023017105092190454,15.000650907023706,0.00023017105092190454,15.000650907023706,1.0,0.017114130402525633,-1.1547066946421556,-15.332903263780398,-1.1547066946421556,-31.201831062179814,-175.96514725887207
102.22111055527763,0.0002301949464748734,14.978436683224267,0.0002301949464748734,14.978436683224267,1.0,0.017113853874614046,-1.1531740011073226,-15.333043610398677,-1.1531740011073226,-31.201416376144657,-175.97076892995517
102.36118059029515,0.00023021875089614653,14.956275125050981,0.00023021875089614656,14.956275125050981,1.0000000000000002,0.017113578368325062,-1.1516441771022958,-15.33318344076654,-1.151644177102296,-31.201003268188252,-175.97637885064404
102.50125062531265,0.00023024246463575099,14.934166038393233,0.000230242464635751,14.93416603839323,1.0000000000000002,0.017113303878825814,-1.1501172156313684,-15.333322757311944,-1.1501172156313684,-31.200591730544676,-175.98197705645677
102.64132066033017,0.0002302660881409948,14.912109230065074,0.00023026608814099482,14.91210923006507,1.0000000000000002,0.017113030401310986,-1.1485931097100626,-15.333461562449116,-1.1485931097100626,-31.200181755494544,-175.98756358279337
102.78139069534767,0.00023028962185648702,14.890104507799878,0.00023028962185648704,14.890104507799878,1.0000000000000002,0.01711275793100272,-1.1470718523652221,-15.333599858578593,-1.1470718523652221,-31.199773335364988,-175.9931384649359
102.92146073036518,0.0002303130662241559,14.8681516802451,0.0002303130662241559,14.8681516802451,1.0,0.01711248646315033,-1.1455534366351154,-15.33373764808735,-1.1455534366351154,-31.199366462529035,-175.9987017380488
103.0615307653827,0.00023033642168326888,14.846250556957008,0.00023033642168326888,14.846250556957008,1.0,0.01711221599303025,-1.1440378555695243,-15.333874933348866,-1.1440378555695243,-31.198961129405376,-176.00425343717936
103.2016008004002,0.00023035968867045028,14.824400948395477,0.00023035968867045025,14.824400948395477,0.9999999999999999,0.017111946515945733,-1.1425251022298393,-15.334011716723214,-1.1425251022298393,-31.19855732845818,-176.0097935972576
103.3416708354177,0.00023038286761970064,14.8026026659188,0.00023038286761970064,14.8026026659188,1.0,0.01711167802722676,-1.1410151696891477,-15.33414800055716,-1.1410151696891475,-31.198155052196604,-176.015322253097
103.48174087043522,0.00023040595896241483,14.780855521778573,0.00023040595896241483,14.78085552177857,1.0,0.017111410522229833,-1.1395080510323237,-15.334283787184226,-1.1395080510323237,-31.197754293174537,-176.02083943939445
103.62181090545273,0.00023042896312740075,14.759159329114553,0.00023042896312740072,14.759159329114555,0.9999999999999999,0.017111143996337806,-1.1380037393561135,-15.334419078924801,-1.1380037393561135,-31.197355043990342,-176.02634519073067
103.76188094047023,0.0002304518805408966,14.737513901949606,0.00023045188054089655,14.73751390194961,0.9999999999999998,0.01711087844495969,-1.1365022277692212,-15.334553878086219,-1.1365022277692212,-31.19695729728646,-176.03183954157052
103.90195097548774,0.00023047471162659033,14.715919055184658,0.00023047471162659035,14.715919055184658,1.0000000000000002,0.017110613863530546,-1.1350035093923903,-15.334688186962826,-1.1350035093923903,-31.19656104574911,-176.0373225262633
104.04202101050524,0.00023049745680563607,14.694374604593689,0.00023049745680563607,14.694374604593685,1.0,0.01711035024751125,-1.1335075773584828,-15.33482200783608,-1.1335075773584828,-31.19616628210814,-176.04279417904291
104.18209104552277,0.00023052011649667297,14.672880366818735,0.000230520116496673,14.672880366818735,1.0000000000000002,0.01711008759238835,-1.132014424812563,-15.334955342974638,-1.132014424812563,-31.19577299913647,-176.04825453402833
104.32216108054027,0.00023054269111584208,14.651436159364984,0.00023054269111584208,14.65143615936498,1.0,0.017109825893673897,-1.130524044911969,-15.335088194634421,-1.130524044911969,-31.195381189650014,-176.05370362522368
104.46223111555777,0.0002305651810768041,14.63004180059584,0.00023056518107680412,14.63004180059584,1.0000000000000002,0.01710956514690529,-1.1290364308263947,-15.33522056505872,-1.1290364308263947,-31.19499084650724,-176.0591414865188
104.60230115057529,0.00023058758679075678,14.608697109728046,0.00023058758679075675,14.60869710972805,0.9999999999999999,0.0171093053476451,-1.1275515757379566,-15.335352456478251,-1.1275515757379566,-31.194601962608935,-176.06456815168934
104.7423711855928,0.00023060990866645184,14.58740190682685,0.00023060990866645184,14.58740190682685,1.0,0.01710904649148089,-1.1260694728412715,-15.335483871111254,-1.1260694728412715,-31.194214530897924,-176.0699836543971
104.8824412206103,0.00023063214711021245,14.56615601280116,0.00023063214711021248,14.56615601280116,1.0000000000000002,0.017108788574025098,-1.1245901153435223,-15.335614811163566,-1.1245901153435223,-31.193828544358734,-176.07538802819045
105.0225112556278,0.00023065430252594964,14.544959249398827,0.00023065430252594964,14.544959249398827,1.0,0.017108531590914838,-1.1231134964645315,-15.335745278828705,-1.1231134964645315,-31.193443996017386,-176.08078130650432
105.16258129064532,0.00023067637531517913,14.5238114392018,0.00023067637531517913,14.5238114392018,1.0,0.017108275537811735,-1.1216396094368253,-15.335875276287947,-1.1216396094368253,-31.193060878940955,-176.086163522661
105.30265132566284,0.00023069836587703865,14.50271240562147,0.00023069836587703862,14.50271240562147,0.9999999999999999,0.01710802041040181,-1.1201684475056977,-15.336004805710399,-1.1201684475056977,-31.192679186237516,-176.09153470986985
105.44272136068034,0.00023072027460830348,14.481661972893987,0.00023072027460830348,14.481661972893987,1.0,0.017107766204395282,-1.1187000039292783,-15.336133869253082,-1.1187000039292783,-31.192298911055595,-176.09689490122815
105.58279139569785,0.00023074210190340353,14.460659966075566,0.00023074210190340353,14.460659966075564,1.0,0.017107512915526403,-1.1172342719785933,-15.336262469061017,-1.1172342719785933,-31.191920046584137,-176.10224412972107
105.72286143071535,0.00023076384815443927,14.439706211037844,0.00023076384815443927,14.43970621103784,1.0,0.017107260539553356,-1.1157712449376236,-15.336390607267285,-1.1157712449376236,-31.19154258605203,-176.10758242822203
105.86293146573286,0.00023078551375119798,14.418800534463346,0.00023078551375119798,14.418800534463346,1.0,0.017107009072258053,-1.1143109161033682,-15.336518285993115,-1.114310916103368,-31.19116652272801,-176.11290982949313
106.00300150075037,0.00023080709908116976,14.39794276384085,0.00023080709908116973,14.397942763840854,0.9999999999999999,0.017106758509445992,-1.1128532787858985,-15.336645507347956,-1.1128532787858987,-31.190791849920224,-176.11822636618535
106.14307153576789,0.00023082860452956324,14.377132727460905,0.00023082860452956327,14.377132727460902,1.0000000000000002,0.017106508846946127,-1.1113983263084173,-15.336772273429549,-1.1113983263084173,-31.190418560976056,-176.12353207083882
106.28314157078539,0.00023085003047932146,14.35637025441126,0.00023085003047932143,14.35637025441126,0.9999999999999999,0.01710626008061067,-1.1099460520073128,-15.336898586324015,-1.1099460520073128,-31.190046649281808,-176.12882697588327
106.42321160580289,0.00023087137731113766,14.335655174572443,0.00023087137731113766,14.335655174572443,1.0,0.017106012206315,-1.1084964492322102,-15.33702444810591,-1.1084964492322102,-31.189676108262525,-176.1341111136383
106.56328164082042,0.00023089264540347048,14.31498731861327,0.00023089264540347045,14.31498731861327,0.9999999999999999,0.017105765219957474,-1.1070495113460268,-15.337149860838306,-1.1070495113460268,-31.189306931381577,-176.1393845163135
106.70335167583792,0.00023091383513255948,14.294366517986438,0.00023091383513255948,14.294366517986438,1.0,0.01710551911745929,-1.1056052317250213,-15.337274826572877,-1.1056052317250213,-31.18893911214057,-176.14464721600908
106.84342171085542,0.00023093494687244026,14.273792604924141,0.00023093494687244029,14.27379260492414,1.0000000000000002,0.01710527389476433,-1.1041636037588427,-15.337399347349956,-1.1041636037588427,-31.188572644078928,-176.14989924471595
106.98349174587293,0.00023095598099495977,14.253265412433674,0.00023095598099495977,14.253265412433674,1.0,0.01710502954783904,-1.102724620850578,-15.33752342519861,-1.102724620850578,-31.188207520773727,-176.15514063431613
107.12356178089045,0.00023097693786979152,14.232784774293131,0.00023097693786979152,14.23278477429313,1.0,0.017104786072672257,-1.1012882764168008,-15.337647062136721,-1.1012882764168008,-31.18784373583944,-176.16037141658296
107.26363181590796,0.00023099781786444995,14.212350525047079,0.00023099781786444998,14.212350525047077,1.0000000000000002,0.017104543465275093,-1.0998545638876134,-15.337770260171038,-1.0998545638876134,-31.187481282927656,-176.1655916231816
107.40370185092546,0.00023101862134430556,14.191962500002285,0.00023101862134430556,14.191962500002285,1.0,0.01710430172168076,-1.098423476706694,-15.337893021297266,-1.098423476706694,-31.18712015572681,-176.17080128566917
107.54377188594296,0.0002310393486725997,14.171620535223447,0.0002310393486725997,14.171620535223447,1.0,0.017104060837944454,-1.096995008331337,-15.338015347500136,-1.0969950083313367,-31.186760347961915,-176.1760004354952
107.68384192096048,0.00023106000021045898,14.151324467528992,0.00023106000021045898,14.151324467528994,1.0,0.01710382081014322,-1.0955691522324966,-15.338137240753458,-1.0955691522324966,-31.18640185339448,-176.18118910400176
107.82391195597799,0.00023108057631690941,14.131074134486843,0.00023108057631690941,14.131074134486843,1.0,0.017103581634375767,-1.0941459018948245,-15.338258703020205,-1.0941459018948247,-31.18604466582199,-176.18636732242402
107.96398199099549,0.00023110107734889137,14.110869374410298,0.0002311010773488914,14.110869374410298,1.0000000000000002,0.017103343306762397,-1.0927252508167113,-15.33837973625257,-1.0927252508167113,-31.18568877907793,-176.19153512189038
108.10405202601301,0.00023112150366127332,14.090710026353838,0.00023112150366127332,14.09071002635384,1.0,0.0171031058234448,-1.0913071925103235,-15.338500342392054,-1.0913071925103233,-31.185334187031273,-176.1966925334229
108.24412206103051,0.00023114185560686612,14.070595930109032,0.0002311418556068661,14.070595930109034,0.9999999999999999,0.017102869180585973,-1.0898917205016394,-15.33862052336951,-1.0898917205016392,-31.18498088358656,-176.20183958793743
108.38419209604803,0.000231162133536437,14.05052692620045,0.00023116213353643696,14.050526926200451,0.9999999999999999,0.017102633374370044,-1.0884788283304854,-15.33874028110523,-1.0884788283304854,-31.184628862683343,-176.20697631624432
108.52426213106553,0.00023118233779872323,14.030502855881581,0.00023118233779872323,14.030502855881583,1.0,0.01710239840100216,-1.0870685095505708,-15.338859617508994,-1.0870685095505705,-31.184278118296135,-176.21210274904826
108.66433216608304,0.0002312024687404467,14.010523561130805,0.00023120246874044675,14.010523561130805,1.0000000000000002,0.017102164256708352,-1.0856607577295179,-15.338978534480145,-1.0856607577295179,-31.183928644434154,-176.2172189169489
108.80440220110054,0.0002312225267063263,13.99058888464738,0.0002312225267063263,13.990588884647378,1.0,0.017101930937735384,-1.0842555664488998,-15.339097033907667,-1.0842555664488998,-31.183580435141035,-176.22232485044114
108.94447223611806,0.00023124251203909287,13.970698669847454,0.00023124251203909287,13.970698669847454,1.0,0.017101698440350643,-1.082852929304266,-15.339215117670221,-1.082852929304266,-31.18323348449465,-176.22742057991533
109.08454227113558,0.00023126242507950137,13.950852760860098,0.00023126242507950137,13.950852760860098,1.0,0.01710146676084199,-1.0814528399051755,-15.339332787636247,-1.0814528399051755,-31.182887786606837,-176.2325061356577
109.22461230615308,0.00023128226616634555,13.93105100252338,0.00023128226616634555,13.93105100252338,1.0,0.017101235895517663,-1.0800552918752222,-15.339450045663984,-1.0800552918752222,-31.18254333562319,-176.23758154785065
109.36468234117058,0.00023130203563647024,13.911293240380447,0.00023130203563647027,13.911293240380447,1.0000000000000002,0.017101005840706097,-1.078660278852068,-15.339566893601578,-1.0786602788520678,-31.182200125722837,-176.24264684657308
109.5047523761881,0.00023132173382478467,13.891579320675627,0.0002313217338247847,13.891579320675625,1.0000000000000002,0.017100776592755832,-1.0772677944874638,-15.33968333328712,-1.0772677944874638,-31.181858151118192,-176.24770206180065
109.64482241120561,0.0002313413610642759,13.871909090350604,0.00023134136106427592,13.871909090350602,1.0000000000000002,0.01710054814803538,-1.075877832447281,-15.339799366548712,-1.0758778324472809,-31.1815174060548,-176.25274722340615
109.78489244622311,0.0002313609176860215,13.852282397040536,0.00023136091768602147,13.852282397040536,0.9999999999999999,0.017100320502933097,-1.0744903864115303,-15.339914995204541,-1.0744903864115303,-31.18117788481101,-176.25778236115985
109.92496248124061,0.00023138040401920258,13.83269908907028,0.00023138040401920258,13.83269908907028,1.0,0.017100093653857052,-1.0731054500743888,-15.34003022106292,-1.0731054500743888,-31.180839581697818,-176.26280750472978
110.06503251625811,0.00023139982039111607,13.813159015450575,0.00023139982039111607,13.813159015450573,1.0,0.017099867597234888,-1.0717230171442247,-15.340145045922375,-1.0717230171442247,-31.18050249105869,-176.26782268368203
110.20510255127564,0.0002314191671271885,13.79366202587431,0.0002314191671271885,13.79366202587431,1.0,0.017099642329513765,-1.0703430813436137,-15.340259471571686,-1.0703430813436137,-31.18016660726921,-176.27282792748113
110.34517258629315,0.0002314384445509869,13.774207970712744,0.0002314384445509869,13.774207970712744,1.0,0.017099417847160136,-1.0689656364093638,-15.340373499789962,-1.0689656364093638,-31.179831924737048,-176.27782326549027
110.48524262131065,0.00023145765298423284,13.754796701011836,0.00023145765298423284,13.754796701011832,1.0,0.01709919414665971,-1.0675906760925353,-15.34048713234669,-1.0675906760925353,-31.179498437901575,-176.28280872697178
110.62531265632816,0.00023147679274681382,13.735428068488511,0.00023147679274681385,13.735428068488511,1.0000000000000002,0.017098971224517288,-1.0662181941584576,-15.340600371001802,-1.0662181941584576,-31.179166141233743,-176.28778434108733
110.76538269134568,0.0002314958641567962,13.716101925527015,0.00023149586415679622,13.716101925527015,1.0000000000000002,0.01709874907725665,-1.0648481843867488,-15.340713217505739,-1.0648481843867486,-31.178835029235906,-176.29275013689823
110.90545272636318,0.00023151486753043667,13.69681812517526,0.00023151486753043667,13.69681812517526,1.0,0.017098527701420445,-1.0634806405713328,-15.340825673599497,-1.0634806405713326,-31.178505096441498,-176.2977061433659
111.04552276138068,0.0002315338031821951,13.677576521141221,0.00023153380318219512,13.677576521141221,1.0000000000000002,0.017098307093570065,-1.062115556520455,-15.340937741014692,-1.0621155565204548,-31.178176337414953,-176.30265238935198
111.1855927963982,0.00023155267142474598,13.658376967789293,0.00023155267142474598,13.658376967789291,1.0,0.017098087250285537,-1.0607529260566988,-15.341049421473627,-1.0607529260566988,-31.177848746751362,-176.30758890361884
111.32566283141571,0.00023157147256899042,13.639219320136766,0.00023157147256899042,13.639219320136768,1.0,0.01709786816816537,-1.0593927430170003,-15.341160716689341,-1.0593927430170005,-31.177522319076424,-176.3125157148298
111.46573286643321,0.00023159020692406856,13.62010343385023,0.00023159020692406862,13.620103433850227,1.0000000000000002,0.017097649843826508,-1.0580350012526585,-15.341271628365662,-1.0580350012526585,-31.177197049046114,-176.31743285154946
111.60580290145073,0.00023160887479737013,13.601029165242066,0.00023160887479737013,13.601029165242068,1.0,0.017097432273904124,-1.0566796946293548,-15.341382158197286,-1.0566796946293546,-31.176872931346537,-176.32234034224405
111.74587293646823,0.00023162747649454742,13.581996371266932,0.00023162747649454742,13.581996371266932,1.0,0.01709721545505161,-1.0553268170271601,-15.34149230786979,-1.0553268170271601,-31.176549960693762,-176.32723821528177
111.88594297148573,0.00023164601231952573,13.563004909518268,0.00023164601231952573,13.563004909518266,1.0,0.01709699938394037,-1.0539763623405458,-15.341602079059744,-1.0539763623405458,-31.176228131833554,-176.332126498933
112.02601300650325,0.00023166448257451555,13.544054638224836,0.00023166448257451555,13.544054638224836,1.0,0.01709678405725975,-1.0526283244783996,-15.341711473434733,-1.0526283244783996,-31.17590743954123,-176.33700522137073
112.16608304152076,0.00023168288756002367,13.525145416247284,0.0002316828875600237,13.525145416247284,1.0000000000000002,0.017096569471716932,-1.0512826973640297,-15.341820492653413,-1.0512826973640297,-31.17558787862144,-176.34187441067084
112.30615307653827,0.00023170122757486418,13.506277103074712,0.00023170122757486418,13.506277103074714,1.0,0.01709635562403681,-1.0499394749351765,-15.341929138365572,-1.0499394749351765,-31.175269443907982,-176.3467340948124
112.44622311155577,0.0002317195029161704,13.487449558821273,0.00023171950291617037,13.487449558821275,0.9999999999999999,0.01709614251096187,-1.0485986511440202,-15.342037412212191,-1.0485986511440202,-31.174952130263577,-176.3515843016781
112.5862931465733,0.00023173771387940522,13.468662644222817,0.00023173771387940525,13.468662644222816,1.0000000000000002,0.017095930129252104,-1.04726021995719,-15.342145315825505,-1.04726021995719,-31.17463593257974,-176.35642505905435
112.7263631815908,0.00023175586075837288,13.449916220633481,0.0002317558607583729,13.449916220633478,1.0000000000000002,0.017095718475684894,-1.0459241753557664,-15.342252850829007,-1.0459241753557664,-31.17432084577657,-176.36125639463177
112.8664332166083,0.00023177394384522908,13.431210150022423,0.0002317739438452291,13.431210150022423,1.0000000000000002,0.017095507547054876,-1.044590511335294,-15.342360018837587,-1.0445905113352938,-31.174006864802543,-176.36607833600553
113.0065032516258,0.0002317919634304927,13.412544294970434,0.00023179196343049268,13.412544294970436,0.9999999999999999,0.017095297340173878,-1.0432592219057815,-15.342466821457503,-1.0432592219057815,-31.17369398463431,-176.37089091067557
113.14657328664333,0.0002318099198030559,13.393918518666705,0.00023180991980305588,13.393918518666707,0.9999999999999999,0.01709508785187078,-1.0419303010917067,-15.342573260286489,-1.0419303010917067,-31.173382200276567,-176.3756941460469
113.28664332166083,0.00023182781325019545,13.37533268490551,0.00023182781325019553,13.375332684905505,1.0000000000000004,0.017094879078991418,-1.0406037429320247,-15.342679336913776,-1.0406037429320247,-31.173071506761836,-176.38048806943002
113.42671335667833,0.0002318456440575825,13.356786658082983,0.0002318456440575825,13.356786658082983,1.0,0.01709467101839848,-1.0392795414801679,-15.342785052920169,-1.039279541480168,-31.172761899150277,-176.38527270804116
113.56678339169584,0.00023186341250929437,13.33828030319385,0.00023186341250929431,13.338280303193851,0.9999999999999998,0.017094463666971406,-1.0379576908040478,-15.342890409878072,-1.0379576908040478,-31.17245337252955,-176.39004808900265
113.70685342671335,0.0002318811188878238,13.319813485828252,0.00023188111888782376,13.319813485828254,0.9999999999999999,0.01709425702160627,-1.0366381849860598,-15.34299540935156,-1.0366381849860598,-31.17214592201453,-176.39481423934316
113.84692346173087,0.00023189876347408996,13.301386072168528,0.00023189876347409,13.301386072168526,1.0000000000000002,0.017094051079215692,-1.035321018123083,-15.34310005289643,-1.035321018123083,-31.17183954274732,-176.39957118599816
113.98699349674837,0.0002319163465474487,13.282997928986052,0.00023191634654744868,13.282997928986052,0.9999999999999999,0.017093845836728717,-1.0340061843264827,-15.34320434206024,-1.0340061843264825,-31.17153422989685,-176.40431895580997
114.12706353176588,0.00023193386838570284,13.264648923638074,0.00023193386838570284,13.264648923638074,1.0,0.01709364129109076,-1.0326936777221065,-15.343308278382358,-1.0326936777221065,-31.171229978658896,-176.40905757552844
114.26713356678339,0.000231951329265112,13.246338924064592,0.00023195132926511194,13.246338924064593,0.9999999999999998,0.017093437439263434,-1.031383492450288,-15.343411863394035,-1.0313834924502883,-31.170926784255762,-176.41378707181087
114.4072036018009,0.0002319687294604029,13.22806779878522,0.00023196872946040293,13.228067798785219,1.0000000000000002,0.017093234278224487,-1.0300756226658447,-15.343515098618427,-1.0300756226658447,-31.170624641936154,-176.4185074712227
114.5472736368184,0.00023198606924477983,13.209835416896139,0.00023198606924477983,13.20983541689614,1.0,0.01709303180496775,-1.0287700625380745,-15.343617985570656,-1.0287700625380745,-31.17032354697509,-176.42321880023752
114.68734367183592,0.00023200334888993362,13.19164164806696,0.00023200334888993362,13.191641648066962,1.0,0.017092830016502917,-1.0274668062507566,-15.343720525757881,-1.0274668062507568,-31.170023494673575,-176.42792108523759
114.82741370685342,0.00023202056866605225,13.173486362537712,0.00023202056866605225,13.173486362537714,1.0,0.017092628909855592,-1.0261658480021443,-15.34382272067929,-1.0261658480021443,-31.169724480358592,-176.432614352514
114.96748374187094,0.00023203772884183025,13.155369431115778,0.00023203772884183025,13.15536943111578,1.0,0.017092428482067067,-1.0248671820049664,-15.343924571826214,-1.0248671820049664,-31.169426499382812,-176.4372986282671
115.10755377688845,0.00023205482968447877,13.137290725172907,0.0002320548296844788,13.137290725172905,1.0000000000000002,0.017092228730194302,-1.0235708024864207,-15.344026080682136,-1.0235708024864207,-31.16912954712449,-176.44197393860676
115.24762381190595,0.0002320718714597348,13.119250116642174,0.00023207187145973476,13.119250116642176,0.9999999999999998,0.017092029651309803,-1.0222767036881693,-15.344127248722742,-1.0222767036881693,-31.16883361898731,-176.44664030955263
115.38769384692345,0.00023208885443187123,13.101247478015026,0.0002320888544318712,13.101247478015027,0.9999999999999999,0.017091831242501535,-1.020984879866333,-15.34422807741598,-1.020984879866333,-31.16853871040012,-176.4512977670346
115.52776388194097,0.00023210577886370563,13.083282682338318,0.00023210577886370566,13.083282682338318,1.0000000000000002,0.017091633500872786,-1.0196953252914902,-15.344328568222107,-1.0196953252914902,-31.16824481681691,-176.4559463368929
115.66783391695849,0.00023212264501661057,13.065355603211358,0.00023212264501661057,13.065355603211358,1.0,0.01709143642354216,-1.018408034248664,-15.344428722593719,-1.018408034248664,-31.167951933716548,-176.4605860448787
115.80790395197599,0.00023213945315052228,13.047466114782976,0.00023213945315052225,13.04746611478298,0.9999999999999999,0.01709124000764339,-1.0171230010373216,-15.344528541975816,-1.0171230010373216,-31.167660056602706,-176.46521691665404
115.94797398699349,0.0002321562035239501,13.029614091748643,0.00023215620352395013,13.02961409174864,1.0000000000000002,0.0170910442503253,-1.015840219971364,-15.344628027805843,-1.015840219971364,-31.16736918100358,-176.46983897779248
116.08804402201099,0.00023217289639398606,13.011799409347539,0.00023217289639398608,13.011799409347539,1.0000000000000002,0.017090849148751697,-1.0145596853791183,-15.34472718151373,-1.0145596853791183,-31.16707930247187,-176.4744522537792
116.22811405702852,0.00023218953201631354,12.99402194335971,0.00023218953201631354,12.99402194335971,1.0,0.01709065470010129,-1.0132813916033312,-15.344826004521934,-1.013281391603331,-31.166790416584497,-176.47905677001143
116.36818409204602,0.0002322061106452169,12.97628157010322,0.00023220611064521694,12.97628157010322,1.0000000000000002,0.01709046090156758,-1.0120053330011602,-15.344924498245513,-1.0120053330011602,-31.16650251894256,-176.48365255179863
116.50825412706352,0.00023222263253358936,12.958578166431275,0.00023222263253358934,12.958578166431275,0.9999999999999999,0.017090267750358767,-1.0107315039441644,-15.345022664092138,-1.0107315039441644,-31.166215605171097,-176.488239624363
116.64832416208104,0.0002322390979329438,12.940911609729437,0.00023223909793294382,12.940911609729438,1.0000000000000002,0.017090075243697718,-1.0094598988182928,-15.345120503462141,-1.0094598988182928,-31.165929670918928,-176.4928180128395
116.78839419709855,0.00023225550709341986,12.92328177791282,0.00023225550709341986,12.923281777912822,1.0,0.017089883378821776,-1.0081905120238797,-15.345218017748582,-1.0081905120238797,-31.1656447118586,-176.49738774227643
116.92846423211606,0.0002322718602637939,12.905688549423276,0.00023227186026379386,12.905688549423276,0.9999999999999999,0.017089692152982772,-1.0069233379756277,-15.345315208337274,-1.0069233379756277,-31.165360723686145,-176.50194883763558
117.06853426713356,0.00023228815769148702,12.888131803226655,0.00023228815769148705,12.888131803226656,1.0000000000000002,0.017089501563446866,-1.0056583711026028,-15.345412076606827,-1.0056583711026028,-31.16507770212097,-176.5065013237925
117.20860430215107,0.0002323043996225745,12.870611418810048,0.0002323043996225745,12.870611418810048,1.0,0.01708931160749451,-1.004395605848219,-15.345508623928703,-1.004395605848219,-31.164795642905666,-176.511045225537
117.34867433716859,0.00023232058630179365,12.85312727617904,0.00023232058630179365,12.85312727617904,1.0,0.01708912228242032,-1.0031350366702287,-15.34560485166725,-1.0031350366702287,-31.16451454180588,-176.5155805675732
117.48874437218609,0.0002323367179725531,12.835679255854997,0.00023233671797255308,12.835679255854998,0.9999999999999999,0.017088933585533022,-1.00187665804071,-15.345700761179742,-1.0018766580407101,-31.164234394610236,-176.52010737452005
117.6288144072036,0.00023235279487694051,12.81826723887238,0.00023235279487694051,12.81826723887238,1.0,0.017088745514155335,-1.0006204644460548,-15.34579635381644,-1.0006204644460548,-31.163955197130075,-176.52462567091152
117.76888444222111,0.0002323688172557319,12.800891106776033,0.0002323688172557319,12.800891106776032,1.0,0.01708855806562394,-0.9993664503869546,-15.345891630920597,-0.9993664503869544,-31.163676945199374,-176.52913548119687
117.90895447723861,0.00023238478534839914,12.783550741618539,0.00023238478534839916,12.783550741618537,1.0000000000000002,0.017088371237289304,-0.9981146103783894,-15.345986593828563,-0.9981146103783894,-31.163399634674633,-176.533636829741
118.04902451225612,0.00023240069939311898,12.766246025957557,0.000232400699393119,12.766246025957555,1.0000000000000002,0.017088185026515712,-0.9968649389496111,-15.34608124386974,-0.9968649389496111,-31.163123261434635,-176.53812974082481
118.18909454727364,0.00023241655962678108,12.748976842853184,0.00023241655962678102,12.748976842853187,0.9999999999999998,0.017087999430681077,-0.9956174306441319,-15.34617558236671,-0.9956174306441319,-31.162847821380385,-176.5426142386454
118.32916458229114,0.00023243236628499574,12.731743075865326,0.00023243236628499572,12.731743075865326,0.9999999999999999,0.017087814447176927,-0.9943720800197097,-15.346269610635222,-0.9943720800197097,-31.162573310434954,-176.54709034731638
118.46923461730864,0.000232448119602103,12.71454460905113,0.00023244811960210305,12.714544609051126,1.0000000000000002,0.017087630073408303,-0.9931288816483305,-15.346363329984236,-0.9931288816483305,-31.162299724543338,-176.55155809086824
118.60930465232617,0.00023246381981117964,12.697381326962347,0.00023246381981117958,12.697381326962349,0.9999999999999998,0.017087446306793652,-0.9918878301161973,-15.346456741716006,-0.9918878301161973,-31.162027059672283,-176.55601749324853
118.74937468734367,0.00023247946714404814,12.680253114642797,0.00023247946714404806,12.680253114642797,0.9999999999999997,0.017087263144764806,-0.990648920023712,-15.34654984712606,-0.9906489200237122,-31.161755311810204,-176.56046857832226
118.88944472236118,0.0002324950618312839,12.6631598576258,0.00023249506183128387,12.6631598576258,0.9999999999999999,0.01708708058476682,-0.9894121459854602,-15.346642647503288,-0.9894121459854602,-31.161484476967015,-176.56491136987216
119.02951475737868,0.00023251060410222368,12.646101441931613,0.00023251060410222366,12.646101441931616,0.9999999999999999,0.017086898624257975,-0.9881775026301935,-15.346735144129957,-0.9881775026301935,-31.161214551173984,-176.56934589159903
119.16958479239621,0.00023252609418497312,12.629077754064953,0.00023252609418497315,12.629077754064953,1.0000000000000002,0.017086717260709632,-0.9869449846008167,-15.34682733828176,-0.9869449846008168,-31.160945530483644,-176.57377216712183
119.30965482741371,0.00023254153230641475,12.612088681012432,0.0002325415323064147,12.612088681012434,0.9999999999999998,0.017086536491606203,-0.9857145865543667,-15.346919231227847,-0.9857145865543667,-31.160677410969562,-176.5781902199783
119.44972486243121,0.0002325569186922153,12.595134110240105,0.00023255691869221532,12.595134110240103,1.0000000000000002,0.017086356314445026,-0.9844863031619994,-15.347010824230885,-0.9844863031619994,-31.160410188726402,-176.58260007362483
119.58979489744871,0.00023257225356683393,12.57821392969096,0.00023257225356683393,12.57821392969096,1.0,0.01708617672673634,-0.9832601291089668,-15.347102118547063,-0.9832601291089668,-31.16014385986955,-176.58700175143724
119.72986493246623,0.00023258753715352972,12.561328027782459,0.0002325875371535297,12.561328027782462,0.9999999999999999,0.01708599772600316,-0.9820360590946052,-15.347193115426156,-0.9820360590946052,-31.159878420535094,-176.59139527671073
119.86993496748374,0.00023260276967436877,12.544476293404106,0.0002326027696743688,12.544476293404106,1.0000000000000002,0.017085819309781227,-0.9808140878323117,-15.347283816111561,-0.9808140878323117,-31.159613866879813,-176.59578067266017
120.01000500250125,0.00023261795135023227,12.527658615914987,0.00023261795135023225,12.527658615914987,0.9999999999999999,0.017085641475618932,-0.9795942100495311,-15.347374221840324,-0.9795942100495311,-31.15935019508079,-176.6001579624206
120.15007503751876,0.00023263308240082384,12.510874885141366,0.00023263308240082384,12.510874885141366,1.0,0.017085464221077217,-0.9783764204877313,-15.347464333843185,-0.9783764204877313,-31.15908740133554,-176.60452716904743
120.29014507253626,0.00023264816304467654,12.494124991374258,0.00023264816304467657,12.494124991374258,1.0000000000000002,0.01708528754372953,-0.9771607139023891,-15.347554153344618,-0.9771607139023891,-31.158825481861705,-176.6088883155165
120.43021510755378,0.00023266319349916057,12.477408825367064,0.00023266319349916055,12.477408825367066,0.9999999999999999,0.017085111441161732,-0.9759470850629688,-15.347643681562861,-0.975947085062969,-31.158564432897027,-176.61324142472478
120.57028514257128,0.00023267817398049093,12.46072627833317,0.00023267817398049095,12.460726278333166,1.0000000000000002,0.01708493591097204,-0.974735528752902,-15.347732919709951,-0.9747355287529019,-31.158304250699167,-176.61758651949032
120.7103551775888,0.00023269310470373366,12.444077241943603,0.00023269310470373363,12.444077241943605,0.9999999999999999,0.017084760950770918,-0.9735260397695696,-15.347821868991776,-0.9735260397695696,-31.158044931545582,-176.62192362255269
120.8504252126063,0.00023270798588281394,12.42746160832466,0.000232707985882814,12.427461608324657,1.0000000000000002,0.017084586558181042,-0.9723186129242793,-15.347910530608095,-0.9723186129242793,-31.157786471733495,-176.62625275657325
120.99049524762381,0.000232722817730523,12.410879270055586,0.00023272281773052298,12.410879270055586,0.9999999999999999,0.01708441273083721,-0.9711132430422484,-15.347998905752583,-0.9711132430422486,-31.157528867579597,-176.63057394413536
121.13056528264133,0.0002327376004585247,12.39433012016626,0.00023273760045852473,12.394330120166257,1.0000000000000002,0.017084239466386267,-0.9699099249625789,-15.348086995612869,-0.9699099249625789,-31.157272115420117,-176.63488720774484
121.27063531765883,0.00023275233427736327,12.377814052134875,0.00023275233427736327,12.377814052134875,1.0,0.01708406676248704,-0.9687086535382411,-15.348174801370561,-0.9687086535382413,-31.15701621161058,-176.63919256982996
121.41070535267633,0.00023276701939647018,12.361330959885644,0.0002327670193964702,12.361330959885642,1.0000000000000002,0.017083894616810286,-0.9675094236360484,-15.348262324201283,-0.9675094236360484,-31.156761152525696,-176.64349005274198
121.55077538769385,0.0002327816560241705,12.344880737786518,0.00023278165602417053,12.344880737786518,1.0000000000000002,0.01708372302703856,-0.9663122301366392,-15.348349565274733,-0.9663122301366392,-31.15650693455929,-176.64777967875537
121.69084542271136,0.0002327962443676906,12.32846328064695,0.00023279624436769056,12.328463280646954,0.9999999999999999,0.01708355199086623,-0.9651170679344525,-15.348436525754678,-0.9651170679344525,-31.156253554124156,-176.65206147006805
121.83091545772886,0.00023281078463316428,12.312078483715592,0.00023281078463316428,12.312078483715592,1.0,0.017083381505999327,-0.9639239319377084,-15.348523206799028,-0.9639239319377084,-31.15600100765188,-176.65633544880163
121.97098549274637,0.00023282527702563996,12.295726242678104,0.00023282527702563996,12.295726242678102,1.0,0.01708321157015552,-0.9627328170683839,-15.348609609559853,-0.9627328170683839,-31.155749291592887,-176.66060163700178
122.11105552776387,0.00023283972174908745,12.27940645365489,0.0002328397217490874,12.279406453654893,0.9999999999999998,0.017083042181064066,-0.9615437182621916,-15.3486957351834,-0.9615437182621919,-31.155498402416143,-176.66486005663847
122.2511255627814,0.00023285411900640443,12.263119013198915,0.0002328541190064044,12.263119013198917,0.9999999999999999,0.017082873336465666,-0.9603566304685589,-15.348781584810165,-0.9603566304685589,-31.155248336609127,-176.66911072960627
122.3911955977989,0.00023286846899942315,12.24686381829348,0.00023286846899942315,12.246863818293482,1.0,0.017082705034112487,-0.9591715486506003,-15.348867159574901,-0.9591715486506003,-31.154999090677755,-176.67335367772455
122.5312656328164,0.00023288277192891728,12.230640766350065,0.00023288277192891734,12.230640766350065,1.0000000000000002,0.017082537271768037,-0.9579884677850997,-15.348952460606649,-0.9579884677850997,-31.154750661146167,-176.6775889227378
122.67133566783392,0.00023289702799460783,12.214449755206122,0.00023289702799460786,12.214449755206124,1.0000000000000002,0.01708237004720711,-0.9568073828624839,-15.349037489028792,-0.9568073828624839,-31.154503044556677,-176.68181648631597
122.81140570285143,0.00023291123739517053,12.19829068312294,0.00023291123739517053,12.19829068312294,1.0,0.017082203358215718,-0.9556282888868008,-15.349122245959073,-0.9556282888868008,-31.154256237469685,-176.6860363900546
122.95147573786893,0.0002329254003282418,12.182163448783482,0.0002329254003282418,12.182163448783482,1.0,0.01708203720259106,-0.9544511808756955,-15.349206732509622,-0.9544511808756955,-31.154010236463492,-176.6902486554753
123.09154577288643,0.00023293951699042482,12.166067951290275,0.00023293951699042485,12.166067951290277,1.0000000000000002,0.017081871578141387,-0.9532760538603855,-15.349290949787012,-0.9532760538603855,-31.15376503813424,-176.69445330402579
123.23161580790395,0.00023295358757729673,12.150004090163248,0.00023295358757729673,12.150004090163248,1.0,0.017081706482686004,-0.9521029028856381,-15.349374898892263,-0.9521029028856379,-31.15352063909579,-176.6986503570803
123.37168584292147,0.00023296761228341426,12.133971765337646,0.00023296761228341428,12.133971765337646,1.0000000000000002,0.017081541914055164,-0.9509317230097452,-15.349458580920903,-0.9509317230097452,-31.15327703597965,-176.70283983593993
123.51175587793897,0.00023298159130232026,12.117970877161953,0.00023298159130232026,12.117970877161953,1.0,0.01708137787009002,-0.9497625093044996,-15.349541996962975,-0.9497625093044996,-31.153034225434787,-176.7070217618326
123.65182591295648,0.00023299552482655006,12.102001326395763,0.0002329955248265501,12.102001326395762,1.0000000000000002,0.017081214348642564,-0.9485952568551693,-15.349625148103085,-0.9485952568551693,-31.152792204127575,-176.71119615591377
123.79189594797398,0.00023300941304763774,12.086063014207728,0.0002330094130476377,12.086063014207728,0.9999999999999999,0.017081051347575555,-0.9474299607604756,-15.349708035420427,-0.9474299607604756,-31.15255096874169,-176.71536303926624
123.93196598299149,0.00023302325615612144,12.07015584217351,0.00023302325615612144,12.07015584217351,1.0,0.017080888864762448,-0.9462666161325654,-15.349790659988818,-0.9462666161325654,-31.152310515978,-176.71952243290085
124.072036018009,0.00023303705434155064,12.054279712273713,0.00023303705434155064,12.054279712273711,1.0,0.017080726898087355,-0.945105218096985,-15.349873022876725,-0.945105218096985,-31.152070842554416,-176.72367435775635
124.21210605302652,0.00023305080779249153,12.038434526891873,0.0002330508077924915,12.038434526891875,0.9999999999999999,0.017080565445444965,-0.9439457617926608,-15.349955125147298,-0.9439457617926608,-31.1518319452059,-176.72781883470003
124.35217608804402,0.00023306451669653325,12.022620188812386,0.00023306451669653325,12.022620188812388,1.0,0.01708040450474049,-0.9427882423718669,-15.350036967858404,-0.9427882423718669,-31.15159382068417,-176.7319558845277
124.49224612306152,0.0002330781812402935,12.006836601218552,0.00023307818124029348,12.006836601218552,0.9999999999999999,0.01708024407388958,-0.9416326550002044,-15.350118552062659,-0.9416326550002044,-31.151356465757843,-176.73608552796406
124.63231615807905,0.00023309180160942534,11.991083667690544,0.00023309180160942534,11.991083667690544,1.0,0.017080084150818315,-0.9404789948565737,-15.350199878807437,-0.9404789948565737,-31.151119877212086,-176.7402077856631
124.77238619309655,0.0002331053779886219,11.975361292203406,0.00023310537798862193,11.975361292203406,1.0000000000000002,0.017079924733463096,-0.9393272571331481,-15.350280949134943,-0.9393272571331481,-31.150884051848735,-176.74432267820805
124.91245622811405,0.00023311891056162327,11.959669379125128,0.00023311891056162324,11.959669379125128,0.9999999999999999,0.01707976581977059,-0.9381774370353507,-15.35036176408219,-0.9381774370353507,-31.150648986485997,-176.74843022611196
125.05252626313155,0.00023313239951122167,11.944007833214611,0.0002331323995112217,11.94400783321461,1.0000000000000002,0.01707960740769769,-0.9370295297818243,-15.350442324681087,-0.9370295297818243,-31.15041467795852,-176.75253044981773
125.19259629814908,0.0002331458450192676,11.928376559619759,0.00023314584501926756,11.92837655961976,0.9999999999999999,0.01707944949521146,-0.9358835306044078,-15.350522631958407,-0.9358835306044078,-31.150181123117207,-176.75662336969853
125.33266633316659,0.00023315924726667522,11.912775463875546,0.00023315924726667522,11.912775463875546,1.0,0.017079292080289025,-0.934739434748111,-15.35060268693588,-0.9347394347481108,-31.14994831882904,-176.76070900605797
125.47273636818409,0.00023317260643342845,11.897204451902045,0.00023317260643342848,11.897204451902043,1.0000000000000002,0.017079135160917597,-0.9335972374710826,-15.350682490630156,-0.9335972374710826,-31.149716261977222,-176.76478737913035
125.61280640320159,0.00023318592269858628,11.881663430002533,0.00023318592269858622,11.881663430002531,0.9999999999999998,0.01707897873509433,-0.9324569340445913,-15.350762044052901,-0.9324569340445913,-31.149484949460785,-176.76885850908096
125.7528764382191,0.00023319919624028833,11.86615230486157,0.00023319919624028833,11.86615230486157,1.0,0.017078822800826315,-0.9313185197529917,-15.350841348210775,-0.9313185197529917,-31.14925437819473,-176.77292241600637
125.89294647323662,0.00023321242723576107,11.850670983543125,0.00023321242723576107,11.850670983543127,1.0,0.017078667356130513,-0.9301819898937018,-15.350920404105477,-0.9301819898937018,-31.14902454510981,-176.77697911993457
126.03301650825412,0.00023322561586132227,11.835219373488666,0.00023322561586132227,11.835219373488664,1.0,0.017078512399033678,-0.929047339777176,-15.350999212733784,-0.9290473397771759,-31.148795447152434,-176.78102864082535
126.17308654327164,0.00023323876229238777,11.819797382515292,0.0002332387622923878,11.819797382515292,1.0000000000000002,0.017078357927572355,-0.9279145647268746,-15.351077775087564,-0.9279145647268746,-31.148567081284654,-176.78507099857046
126.31315657828914,0.00023325186670347566,11.804404918813862,0.00023325186670347566,11.804404918813862,1.0,0.017078203939792733,-0.92678366007924,-15.351156092153818,-0.92678366007924,-31.14833944448396,-176.7891062129939
126.45322661330665,0.00023326492926821273,11.789041890947157,0.0002332649292682127,11.78904189094716,0.9999999999999999,0.01707805043375067,-0.9256546211836678,-15.3512341649147,-0.9256546211836678,-31.148112533743312,-176.79313430385218
126.59329664832416,0.00023327795015933922,11.773708207848024,0.00023327795015933917,11.773708207848026,0.9999999999999998,0.017077897407511602,-0.9245274434024803,-15.351311994347538,-0.9245274434024803,-31.147886346070916,-176.79715529083458
126.73336668334167,0.0002332909295487144,11.75840377881756,0.0002332909295487144,11.758403778817557,1.0,0.017077744859150496,-0.9234021221108967,-15.351389581424877,-0.9234021221108967,-31.147660878490242,-176.80116919356337
126.87343671835917,0.00023330386760732192,11.74312851352325,0.00023330386760732192,11.74312851352325,1.0,0.017077592786751788,-0.9222786526970078,-15.351466927114494,-0.9222786526970078,-31.147436128039875,-176.8051760315941
127.01350675337669,0.00023331676450527496,11.727882321997207,0.00023331676450527496,11.727882321997207,1.0,0.01707744118840933,-0.9211570305617477,-15.351544032379438,-0.9211570305617477,-31.147212091773415,-176.8091758244158
127.1535767883942,0.00023332962041182153,11.71266511463435,0.00023332962041182158,11.712665114634351,1.0000000000000002,0.017077290062226344,-0.9200372511188653,-15.35162089817804,-0.9200372511188653,-31.146988766759442,-176.81316859145122
127.2936468234117,0.0002333424354953497,11.697476802190597,0.0002333424354953497,11.697476802190597,1.0,0.017077139406315365,-0.9189193097948961,-15.351697525463956,-0.9189193097948961,-31.146766150081366,-176.81715435205717
127.43371685842921,0.00023335520992339272,11.682317295781116,0.0002333552099233927,11.682317295781115,0.9999999999999999,0.01707698921879819,-0.9178032020291361,-15.351773915186177,-0.9178032020291361,-31.146544238837382,-176.82113312552465
127.57378689344671,0.00023336794386263402,11.667186506878526,0.00023336794386263402,11.667186506878526,1.0,0.017076839497805796,-0.9166889232736102,-15.351850068289083,-0.9166889232736102,-31.146323030140334,-176.8251049310792
127.71385692846424,0.00023338063747891253,11.652084347311163,0.0002333806374789125,11.652084347311163,0.9999999999999999,0.01707669024147834,-0.9155764689930479,-15.351925985712436,-0.9155764689930477,-31.14610252111771,-176.8290697878811
127.85392696348174,0.00023339329093722758,11.637010729261315,0.00023339329093722755,11.637010729261311,0.9999999999999999,0.01707654144796505,-0.9144658346648521,-15.35200166839143,-0.9144658346648521,-31.14588270891148,-176.83302771502554
127.99399699849924,0.00023340590440174417,11.621965565263494,0.00023340590440174417,11.621965565263496,1.0,0.01707639311542424,-0.9133570157790725,-15.352077117256702,-0.9133570157790727,-31.14566359067802,-176.83697873154298
128.13406703351674,0.00023341847803579746,11.60694876820269,0.00023341847803579744,11.606948768202694,0.9999999999999999,0.017076245242023176,-0.912250007838375,-15.35215233323437,-0.912250007838375,-31.145445163588043,-176.84092285639937
128.27413706853426,0.0002334310120018982,11.591960251312662,0.0002334310120018982,11.591960251312663,1.0,0.01707609782593809,-0.9111448063580163,-15.352227317246061,-0.9111448063580161,-31.14522742482649,-176.84486010849636
128.41420710355177,0.00023344350646173746,11.576999928174255,0.0002334435064617375,11.576999928174253,1.0000000000000002,0.017075950865354114,-0.9100414068658116,-15.352302070208912,-0.9100414068658116,-31.145010371592544,-176.8487905066715
128.5542771385693,0.00023345596157619154,11.562067712713636,0.00023345596157619154,11.562067712713636,1.0,0.017075804358465205,-0.9089398049021096,-15.352376593035629,-0.9089398049021097,-31.144794001099385,-176.85271406969852
128.69434717358678,0.00023346837750532677,11.547163519200673,0.0002334683775053268,11.547163519200671,1.0000000000000002,0.01707565830347411,-0.9078399960197604,-15.352450886634486,-0.9078399960197604,-31.14457831057419,-176.85663081628766
128.8344172086043,0.00023348075440840428,11.532287262247218,0.00023348075440840428,11.532287262247218,1.0,0.017075512698592327,-0.9067419757840909,-15.352524951909372,-0.9067419757840909,-31.14436329725811,-176.86054076508574
128.9744872436218,0.00023349309244388524,11.517438856805441,0.0002334930924438852,11.517438856805441,0.9999999999999999,0.01707536754204005,-0.9056457397728684,-15.352598789759783,-0.9056457397728682,-31.144148958406078,-176.8644439346766
129.11455727863932,0.00023350539176943472,11.50261821816617,0.0002335053917694347,11.502618218166173,0.9999999999999999,0.0170752228320461,-0.9045512835762822,-15.352672401080888,-0.904551283576282,-31.143935291286752,-176.86834034358102
129.2546273136568,0.00023351765254192743,11.487825261957255,0.00023351765254192748,11.487825261957253,1.0000000000000002,0.017075078566847895,-0.903458602796905,-15.352745786763524,-0.903458602796905,-31.143722293182556,-176.87223001025734
129.39469734867436,0.00023352987491745156,11.473059904141888,0.00023352987491745156,11.473059904141888,1.0,0.017074934744691413,-0.9023676930496691,-15.352818947694228,-0.9023676930496691,-31.143509961389398,-176.87611295310145
129.53476738369184,0.00023354205905131396,11.458322061017043,0.00023354205905131402,11.458322061017043,1.0000000000000002,0.017074791363831096,-0.9012785499618359,-15.352891884755273,-0.9012785499618359,-31.143298293216706,-176.87998919044708
129.67483741870936,0.00023355420509804466,11.443611649211748,0.00023355420509804463,11.44361164921175,0.9999999999999999,0.017074648422529863,-0.9001911691729672,-15.35296459882467,-0.9001911691729672,-31.143087285987377,-176.883858740566
129.81490745372685,0.0002335663132114013,11.42892858568558,0.00023356631321140133,11.42892858568558,1.0000000000000002,0.017074505919059013,-0.8991055463348945,-15.353037090776212,-0.8991055463348943,-31.142876937037663,-176.88772162166833
129.95497748874436,0.0002335783835443738,11.414272787726972,0.00023357838354437382,11.414272787726972,1.0000000000000002,0.017074363851698204,-0.8980216771116913,-15.353109361479484,-0.8980216771116912,-31.14266724371702,-176.8915778519027
130.09504752376188,0.00023359041624918886,11.39964417295168,0.00023359041624918886,11.399644172951678,1.0,0.017074222218735394,-0.8969395571796444,-15.353181411799902,-0.8969395571796444,-31.142458203388163,-176.89542744935656
130.2351175587794,0.0002336024114773147,11.385042659301165,0.0002336024114773147,11.385042659301163,1.0,0.01707408101846681,-0.8958591822272222,-15.353253242598711,-0.8958591822272222,-31.14224981342685,-176.89927043205637
130.37518759379688,0.00023361436937946494,11.37046816504102,0.0002336143693794649,11.370468165041023,0.9999999999999999,0.017073940249196867,-0.8947805479550462,-15.353324854733048,-0.8947805479550461,-31.1420420712219,-176.90310681796774
130.5152576288144,0.0002336262901056039,11.355920608759405,0.0002336262901056039,11.355920608759407,1.0,0.017073799909238175,-0.8937036500758628,-15.353396249055912,-0.8937036500758628,-31.141834974175172,-176.90693662499575
130.6553276638319,0.00023363817380495032,11.34139990936549,0.00023363817380495032,11.341399909365489,1.0,0.01707365999691144,-0.8926284843145124,-15.353467426416243,-0.8926284843145124,-31.141628519701285,-176.91075987098523
130.79539769884943,0.0002336500206259816,11.326905986087896,0.00023365002062598157,11.326905986087896,0.9999999999999999,0.017073520510545434,-0.8915550464079016,-15.353538387658908,-0.8915550464079017,-31.141422705227747,-176.91457657372095
130.93546773386694,0.000233661830716439,11.312438758473169,0.00023366183071643902,11.312438758473169,1.0000000000000002,0.017073381448476983,-0.8904833321049707,-15.353609133624726,-0.8904833321049705,-31.14121752819475,-176.9183867509277
131.07553776888443,0.00023367360422333128,11.297998146384215,0.00023367360422333128,11.297998146384215,1.0,0.017073242809050863,-0.8894133371666668,-15.353679665150517,-0.8894133371666668,-31.141012986055195,-176.9221904202707
131.21560780390195,0.0002336853412929391,11.283584069998831,0.0002336853412929391,11.283584069998831,1.0,0.017073104590619812,-0.8883450573659137,-15.353749983069092,-0.8883450573659138,-31.140809076274504,-176.9259875993558
131.35567783891946,0.00023369704207081956,11.269196449808112,0.0002336970420708196,11.269196449808112,1.0000000000000002,0.017072966791544453,-0.8872784884875817,-15.353820088209293,-0.8872784884875817,-31.140605796330675,-176.92977830572957
131.49574787393698,0.00023370870670181,11.254835206615022,0.00023370870670180998,11.254835206615022,0.9999999999999999,0.017072829410193245,-0.8862136263284567,-15.353889981396023,-0.8862136263284568,-31.140403143714103,-176.9335625568797
131.63581790895446,0.00023372033533003257,11.240500261532851,0.0002337203353300326,11.240500261532851,1.0000000000000002,0.017072692444942462,-0.885150466697214,-15.353959663450237,-0.885150466697214,-31.140201115927567,-176.93734037023506
131.77588794397198,0.00023373192809889831,11.226191535983725,0.00023373192809889837,11.226191535983725,1.0000000000000002,0.017072555894176136,-0.8840890054143845,-15.354029135188998,-0.8840890054143845,-31.139999710486123,-176.94111176316608
131.9159579789895,0.00023374348515111114,11.21190895169714,0.00023374348515111114,11.21190895169714,1.0,0.01707241975628602,-0.8830292383123285,-15.354098397425481,-0.8830292383123286,-31.139798924917088,-176.9448767529848
132.056028014007,0.0002337550066286722,11.197652430708482,0.0002337550066286722,11.197652430708484,1.0,0.017072284029671526,-0.881971161235204,-15.354167450969003,-0.881971161235204,-31.139598756759863,-176.94863535694532
132.1960980490245,0.00023376649267288388,11.183421895357558,0.00023376649267288385,11.183421895357558,0.9999999999999999,0.017072148712739706,-0.880914770038936,-15.354236296625032,-0.880914770038936,-31.139399203566015,-176.95238759224364
132.33616808404201,0.0002337779434243537,11.169217268287147,0.00023377794342435373,11.169217268287143,1.0000000000000002,0.017072013803905196,-0.8798600605911903,-15.354304935195222,-0.8798600605911903,-31.13920026289903,-176.95613347601835
132.47623811905953,0.00023378935902299876,11.155038472441536,0.00023378935902299873,11.155038472441538,0.9999999999999999,0.01707187930159019,-0.878807028771339,-15.354373367477425,-0.8788070287713391,-31.13900193233441,-176.9598730253505
132.61630815407705,0.00023380073960804955,11.140885431065103,0.00023380073960804952,11.140885431065103,0.9999999999999999,0.017071745204224366,-0.8777556704704351,-15.354441594265714,-0.877755670470435,-31.138804209459494,-176.96360625726393
132.75637818909453,0.00023381208531805342,11.126758067700868,0.0002338120853180534,11.126758067700868,0.9999999999999999,0.017071611510244875,-0.8767059815911792,-15.35450961635041,-0.8767059815911792,-31.13860709187339,-176.96733318872552
132.89644822411205,0.00023382339629087932,11.112656306189066,0.00023382339629087932,11.112656306189065,1.0,0.01707147821809627,-0.8756579580478919,-15.354577434518104,-0.875657958047892,-31.13841057718705,-176.9710538366453
133.03651825912956,0.00023383467266372166,11.098580070665744,0.00023383467266372166,11.098580070665745,1.0,0.017071345326230516,-0.8746115957664825,-15.354645049551653,-0.8746115957664824,-31.13821466302298,-176.9747682178768
133.17658829414708,0.00023384591457310342,11.08452928556134,0.00023384591457310342,11.084529285561336,1.0,0.017071212833106874,-0.8735668906844204,-15.354712462230244,-0.8735668906844202,-31.138019347015327,-176.97847634921717
133.31665832916457,0.00023385712215488117,11.070503875599286,0.0002338571221548812,11.070503875599284,1.0000000000000002,0.017071080737191945,-0.8725238387507036,-15.354779673329368,-0.8725238387507036,-31.137824626809767,-176.98217824740743
133.45672836418208,0.00023386829554424807,11.056503765794622,0.00023386829554424807,11.056503765794622,1.0,0.01707094903695955,-0.8714824359258311,-15.354846683620877,-0.8714824359258311,-31.137630500063494,-176.98587392913265
133.5967983991996,0.00023387943487573778,11.042528881452595,0.00023387943487573776,11.042528881452597,0.9999999999999999,0.017070817730890725,-0.8704426781817701,-15.354913493872985,-0.8704426781817701,-31.13743696444502,-176.98956341102215
133.73686843421712,0.00023389054028322902,11.028579148167305,0.00023389054028322904,11.028579148167301,1.0000000000000002,0.017070686817473715,-0.8694045615019296,-15.354980104850288,-0.8694045615019296,-31.137244017634202,-176.99324670964984
133.8769384692346,0.00023390161189994815,11.014654491820309,0.00023390161189994812,11.01465449182031,0.9999999999999999,0.017070556295203872,-0.8683680818811269,-15.355046517313797,-0.868368081881127,-31.137051657322253,-176.99692384153423
134.01700850425212,0.0002339126498584739,11.000754838579281,0.00023391264985847388,11.000754838579283,0.9999999999999999,0.017070426162583644,-0.8673332353255604,-15.355112732020945,-0.8673332353255604,-31.136859881211485,-177.00059482313875
134.15707853926963,0.00023392365429074084,10.986880114896644,0.0002339236542907408,10.986880114896646,0.9999999999999999,0.017070296418122556,-0.8663000178527785,-15.355178749725606,-0.8663000178527784,-31.136668687015426,-177.00425967087202
134.29714857428715,0.0002339346253280429,10.973030247508227,0.0002339346253280429,10.973030247508227,1.0,0.017070167060337135,-0.86526842549165,-15.355244571178133,-0.86526842549165,-31.136478072458644,-177.00791840108786
134.43721860930467,0.00023394556310103701,10.95920516343193,0.00023394556310103701,10.95920516343193,1.0,0.01707003808775088,-0.8642384542823337,-15.355310197125352,-0.8642384542823338,-31.1362880352767,-177.01157103008575
134.57728864432215,0.00023395646773974714,10.945404789966393,0.00023395646773974714,10.945404789966394,1.0,0.017069909498894253,-0.8632101002762503,-15.355375628310595,-0.8632101002762504,-31.136098573216167,-177.01521757411078
134.71735867933964,0.00023396733937356765,10.931629054689646,0.00023396733937356765,10.931629054689646,1.0,0.0170697812923046,-0.8621833595360495,-15.35544086547372,-0.8621833595360494,-31.13590968403445,-177.0188580493541
134.85742871435718,0.00023397817813126674,10.917877885457825,0.0002339781781312667,10.917877885457825,0.9999999999999999,0.017069653466526134,-0.8611582281355818,-15.35550590935113,-0.8611582281355818,-31.135721365499794,-177.02249247195292
134.9974987493747,0.00023398898414099057,10.90415121040386,0.00023398898414099057,10.904151210403862,1.0,0.017069526020109894,-0.8601347021598719,-15.355570760675787,-0.8601347021598718,-31.135533615391267,-177.02612085799075
135.1375687843922,0.00023399975753026614,10.890448957936146,0.0002339997575302662,10.890448957936144,1.0000000000000002,0.017069398951613714,-0.8591127777050822,-15.355635420177233,-0.8591127777050822,-31.13534643149851,-177.02974322349777
135.2776388194097,0.0002340104984260054,10.876771056737262,0.00023401049842600543,10.87677105673726,1.0000000000000002,0.01706927225960217,-0.8580924508784871,-15.355699888581611,-0.8580924508784871,-31.135159811621946,-177.03335958445086
135.41770885442722,0.0002340212069545085,10.863117435762694,0.00023402120695450846,10.863117435762694,0.9999999999999999,0.017069145942646566,-0.8570737177984429,-15.355764166611676,-0.8570737177984428,-31.134973753572474,-177.03696995677382
135.5577788894447,0.0002340318832414673,10.849488024239543,0.0002340318832414673,10.849488024239543,1.0,0.017069019999324867,-0.8560565745943589,-15.355828254986827,-0.8560565745943589,-31.134788255171575,-177.0405743563376
135.69784892446222,0.0002340425274119687,10.835882751665235,0.00023404252741196868,10.835882751665238,0.9999999999999999,0.01706889442822168,-0.8550410174066638,-15.355892154423117,-0.8550410174066637,-31.134603314251173,-177.04417279896055
135.83791895947974,0.0002340531395904986,10.822301547806292,0.00023405313959049863,10.82230154780629,1.0000000000000002,0.017068769227928226,-0.8540270423867802,-15.355955865633266,-0.8540270423867802,-31.134418928653574,-177.0477653004085
135.97798899449725,0.00023406371990094448,10.80874434269704,0.00023406371990094448,10.80874434269704,1.0,0.01706864439704229,-0.8530146456970926,-15.35601938932669,-0.8530146456970926,-31.134235096231464,-177.05135187639505
136.11805902951477,0.0002340742684665998,10.795211066638357,0.0002340742684665998,10.795211066638355,1.0,0.017068519934168188,-0.8520038235109177,-15.356082726209506,-0.8520038235109176,-31.134051814847766,-177.05493254258178
136.25812906453228,0.00023408478541016653,10.781701650196453,0.0002340847854101665,10.781701650196453,0.9999999999999999,0.017068395837916733,-0.8509945720124753,-15.356145876984568,-0.8509945720124752,-31.13386908237566,-177.05850731457835
136.39819909954977,0.00023409527085375888,10.7682160242016,0.0002340952708537589,10.768216024201601,1.0000000000000002,0.017068272106905195,-0.8499868873968587,-15.356208842351473,-0.8499868873968588,-31.13368689669852,-177.0620762079428
136.53826913456726,0.00023410572491890664,10.754754119746913,0.00023410572491890658,10.754754119746915,0.9999999999999998,0.01706814873975727,-0.8489807658700047,-15.356271623006577,-0.8489807658700047,-31.13350525570975,-177.0656392381817
136.6783391695848,0.0002341161477265584,10.741315868187128,0.0002341161477265584,10.74131586818713,1.0,0.017068025735103045,-0.8479762036486628,-15.35633421964302,-0.8479762036486627,-31.133324157312895,-177.06919642075025
136.8184092046023,0.00023412653939708483,10.727901201137382,0.0002341265393970848,10.727901201137383,0.9999999999999999,0.017067903091578965,-0.8469731969603679,-15.356396632950734,-0.8469731969603678,-31.13314359942143,-177.0727477710527
136.9584792396198,0.0002341369000502822,10.714510050471993,0.00023413690005028216,10.714510050471993,0.9999999999999998,0.0170677808078278,-0.8459717420434094,-15.356458863616469,-0.8459717420434095,-31.132963579958805,-177.0762933044423
137.09854927463732,0.00023414722980537528,10.701142348323247,0.00023414722980537528,10.701142348323248,1.0,0.017067658882498588,-0.8449718351468005,-15.356520912323806,-0.8449718351468005,-31.132784096858334,-177.07983303622166
137.23861930965484,0.00023415752878102068,10.687798027080225,0.00023415752878102065,10.687798027080225,0.9999999999999999,0.017067537314246633,-0.8439734725302511,-15.35658277975318,-0.843973472530251,-31.132605148063192,-177.08336698164285
137.37868934467232,0.00023416779709531008,10.6744770193876,0.00023416779709531008,10.674477019387599,1.0,0.017067416101733464,-0.8429766504641366,-15.356644466581887,-0.8429766504641365,-31.132426731526294,-177.08689515590768
137.51875937968984,0.00023417803486577363,10.66117925814442,0.0002341780348657736,10.661179258144422,0.9999999999999999,0.01706729524362677,-0.8419813652294676,-15.356705973484113,-0.8419813652294676,-31.132248845210274,-177.09041757416776
137.65882941470736,0.00023418824220938276,10.647904676502984,0.0002341882422093828,10.64790467650298,1.0000000000000002,0.01706717473860042,-0.8409876131178624,-15.356767301130931,-0.8409876131178624,-31.13207148708743,-177.09393425152476
137.79889944972484,0.0002341984192425532,10.634653207867618,0.00023419841924255319,10.634653207867618,0.9999999999999999,0.017067054585334376,-0.8399953904315177,-15.356828450190347,-0.8399953904315177,-31.13189465513972,-177.09744520303065
137.9389694847424,0.00023420856608114902,10.621424785893545,0.00023420856608114902,10.621424785893547,1.0,0.017066934782514698,-0.8390046934831757,-15.356889421327288,-0.8390046934831759,-31.131718347358586,-177.1009504436878
138.0790395197599,0.00023421868284048455,10.608219344485695,0.00023421868284048455,10.608219344485697,1.0,0.017066815328833494,-0.8380155185960992,-15.356950215203637,-0.8380155185960992,-31.131542561744997,-177.10444998844923
138.2191095547774,0.00023422876963532805,10.595036817797576,0.000234228769635328,10.595036817797576,0.9999999999999998,0.017066696222988877,-0.8370278621040395,-15.35701083247825,-0.8370278621040396,-31.131367296309346,-177.1079438522187
138.35917958979488,0.00023423882657990514,10.581877140230107,0.00023423882657990514,10.581877140230109,1.0,0.01706657746368498,-0.836041720351207,-15.357071273806945,-0.836041720351207,-31.13119254907154,-177.11143204985106
138.49924962481242,0.00023424885378790086,10.568740246430481,0.0002342488537879009,10.56874024643048,1.0000000000000002,0.017066459049631836,-0.8350570896922433,-15.357131539842563,-0.8350570896922433,-31.13101831806067,-177.11491459615226
138.6393196598299,0.00023425885137246368,10.555626071291053,0.00023425885137246368,10.555626071291051,1.0,0.017066340979545454,-0.834073966492191,-15.357191631234947,-0.8340739664921909,-31.130844601315182,-177.11839150587966
138.7793896948474,0.0002342688194462078,10.542534549948178,0.00023426881944620776,10.542534549948178,0.9999999999999999,0.017066223252147697,-0.8330923471264655,-15.357251548630979,-0.8330923471264655,-31.13067139688279,-177.1218627937421
138.9194597298649,0.00023427875812121683,10.529465617781078,0.0002342787581212168,10.529465617781074,0.9999999999999999,0.01706610586616631,-0.8321122279808225,-15.357311292674572,-0.8321122279808224,-31.130498702820354,-177.12532847440028
139.05952976488246,0.0002342886675090457,10.51641921041079,0.00023428866750904568,10.516419210410794,0.9999999999999999,0.017065988820334835,-0.8311336054513344,-15.357370864006725,-0.8311336054513343,-31.13032651719392,-177.1287885624666
139.19959979989994,0.00023429854772072492,10.503395263698982,0.00023429854772072487,10.503395263698984,0.9999999999999998,0.017065872113392624,-0.8301564759443562,-15.357430263265497,-0.8301564759443562,-31.130154838078568,-177.13224307250576
139.33966983491746,0.00023430839886676245,10.490393713746888,0.00023430839886676242,10.490393713746888,0.9999999999999999,0.0170657557440848,-0.8291808358764978,-15.357489491086053,-0.8291808358764977,-31.12998366355842,-177.13569201903465
139.47973986993497,0.00023431822105714702,10.477414496894202,0.000234318221057147,10.4774144968942,0.9999999999999999,0.017065639711162206,-0.8282066816745981,-15.357548548100667,-0.8282066816745981,-31.1298129917266,-177.1391354165225
139.61980990495246,0.00023432801440135127,10.464457549717975,0.00023432801440135124,10.464457549717975,0.9999999999999999,0.0170655240133814,-0.8272340097756887,-15.357607434938721,-0.8272340097756887,-31.129642820685195,-177.14257327939134
139.75987993996998,0.00023433777900833398,10.451522809031543,0.00023433777900833396,10.451522809031543,0.9999999999999999,0.01706540864950458,-0.8262628166269749,-15.35766615222677,-0.8262628166269749,-31.129473148545106,-177.14600562201593
139.8999499749875,0.00023434751498654365,10.43861021188343,0.00023434751498654365,10.43861021188343,1.0,0.017065293618299636,-0.8252930986857973,-15.357724700588488,-0.8252930986857973,-31.12930397342611,-177.14943245872405
140.040020010005,0.0002343572224439205,10.425719695556289,0.0002343572224439205,10.42571969555629,1.0,0.01706517891854,-0.8243248524196084,-15.357783080644761,-0.8243248524196085,-31.129135293456805,-177.15285380379652
140.1800900450225,0.0002343669014879003,10.41285119756582,0.0002343669014879003,10.412851197565821,1.0,0.01706506454900476,-0.8233580743059425,-15.357841293013625,-0.8233580743059425,-31.128967106774486,-177.15626967146764
140.32016008004004,0.0002343765522254164,10.4000046556597,0.00023437655222541642,10.400004655659698,1.0000000000000002,0.0170649505084785,-0.8223927608323852,-15.357899338310336,-0.8223927608323852,-31.128799411525097,-177.1596800759252
140.46023011505753,0.0002343861747629027,10.387180007816545,0.00023438617476290272,10.387180007816546,1.0000000000000002,0.017064836795751336,-0.8214289084965486,-15.357957217147362,-0.8214289084965486,-31.128632205863347,-177.16308503131057
140.60030015007501,0.00023439576920629649,10.374377192244857,0.0002343957692062965,10.374377192244857,1.0000000000000002,0.017064723409618884,-0.820466513806038,-15.358014930134408,-0.820466513806038,-31.128465487952415,-177.1664845517191
140.74037018509253,0.00023440533566104123,10.361596147381933,0.00023440533566104123,10.361596147381935,1.0,0.017064610348882226,-0.8195055732784257,-15.358072477878409,-0.8195055732784257,-31.128299255964077,-177.16987865120015
140.88044022011005,0.00023441487423208926,10.3488368118929,0.0002344148742320893,10.348836811892898,1.0000000000000002,0.01706449761234786,-0.8185460834412218,-15.358129860983574,-0.8185460834412219,-31.128133508078637,-177.1732673437572
141.02051025512756,0.0002344243850239042,10.336099124669605,0.00023442438502390423,10.336099124669603,1.0000000000000002,0.0170643851988277,-0.8175880408318467,-15.358187080051382,-0.8175880408318468,-31.12796824248481,-177.1766506433483
141.16058029014508,0.00023443386814046412,10.323383024829633,0.00023443386814046418,10.32338302482963,1.0000000000000002,0.01706427310713903,-0.8166314419976,-15.358244135680607,-0.8166314419976,-31.127803457379727,-177.1800285638858
141.3006503251626,0.00023444332368526406,10.31068845171526,0.00023444332368526406,10.31068845171526,1.0,0.017064161336104472,-0.8156762834956351,-15.358301028467327,-0.815676283495635,-31.127639150968903,-177.18340111923698
141.44072036018008,0.00023445275176131852,10.298015344892438,0.00023445275176131852,10.298015344892438,1.0,0.017064049884551992,-0.8147225618929275,-15.358357759004921,-0.8147225618929275,-31.127475321466143,-177.1867683232239
141.5807903951976,0.0002344621524711641,10.285363644149792,0.0002344621524711641,10.285363644149792,1.0,0.017063938751314806,-0.8137702737662496,-15.358414327884127,-0.8137702737662496,-31.127311967093526,-177.19013018962372
141.7208604302151,0.00023447152591686283,10.27273328949759,0.0002344715259168629,10.272733289497587,1.0000000000000002,0.017063827935231445,-0.8128194157021384,-15.358470735692995,-0.8128194157021384,-31.127149086081367,-177.19348673216885
141.8609304652326,0.00023448087220000324,10.260124221166777,0.00023448087220000327,10.260124221166775,1.0000000000000002,0.017063717435145617,-0.8118699842968727,-15.358526983016972,-0.8118699842968728,-31.12698667666813,-177.19683796454703
142.00100050025011,0.00023449019142170467,10.247536379607919,0.00023449019142170467,10.247536379607919,1.0,0.01706360724990626,-0.8109219761564397,-15.358583070438861,-0.8109219761564397,-31.126824737100453,-177.2001839004016
142.14107053526766,0.00023449948368261874,10.234969705490276,0.00023449948368261872,10.234969705490279,0.9999999999999999,0.017063497378367504,-0.8099753878965082,-15.358638998538849,-0.8099753878965082,-31.12666326563305,-177.2035245533317
142.28114057028515,0.00023450874908293237,10.22242413970077,0.00023450874908293237,10.22242413970077,1.0,0.017063387819388605,-0.8090302161424028,-15.35869476789454,-0.8090302161424029,-31.12650226052866,-177.20685993689222
142.42121060530263,0.0002345179877223703,10.209899623343023,0.00023451798772237037,10.20989962334302,1.0000000000000004,0.017063278571833956,-0.8080864575290719,-15.358750379080936,-0.8080864575290719,-31.126341720058015,-177.2101900645943
142.56128064032015,0.00023452719970019732,10.197396097736366,0.00023452719970019738,10.197396097736364,1.0000000000000002,0.017063169634573064,-0.8071441087010627,-15.358805832670475,-0.8071441087010627,-31.126181642499876,-177.2135149499051
142.70135067533766,0.0002345363851152211,10.184913504414885,0.0002345363851152211,10.184913504414885,1.0,0.017063061006480456,-0.8062031663124916,-15.358861129233043,-0.8062031663124916,-31.126022026140866,-177.21683460624828
142.84142071035515,0.00023454554406579454,10.172451785126446,0.0002345455440657945,10.17245178512645,0.9999999999999998,0.01706295268643574,-0.8052636270270178,-15.358916269335987,-0.8052636270270177,-31.125862869275448,-177.22014904700416
142.9814907453727,0.00023455467664981833,10.160010881831736,0.00023455467664981828,10.16001088183174,0.9999999999999998,0.017062844673323536,-0.8043254875178127,-15.3589712535441,-0.8043254875178127,-31.12570417020596,-177.2234582855096
143.1215607803902,0.00023456378296474322,10.1475907367033,0.0002345637829647432,10.1475907367033,0.9999999999999999,0.01706273696603345,-0.8033887444675335,-15.359026082419682,-0.8033887444675336,-31.12554592724251,-177.22676233505842
143.2616308154077,0.000234572863107573,10.1351912921246,0.00023457286310757296,10.135191292124604,0.9999999999999999,0.017062629563460045,-0.802453394568298,-15.359080756522516,-0.802453394568298,-31.125388138702977,-177.23006120890145
143.40170085042521,0.00023458191717486599,10.122812490689068,0.00023458191717486599,10.122812490689068,1.0,0.01706252246450282,-0.8015194345216508,-15.359135276409903,-0.8015194345216508,-31.125230802912903,-177.23335492024677
143.54177088544273,0.00023459094526273846,10.110454275199151,0.00023459094526273843,10.11045427519915,0.9999999999999999,0.017062415668066197,-0.8005868610385413,-15.359189642636654,-0.8005868610385413,-31.125073918205498,-177.23664348225978
143.68184092046022,0.00023459994746686654,10.098116588665404,0.00023459994746686651,10.098116588665404,0.9999999999999999,0.017062309173059485,-0.7996556708392931,-15.359243855755127,-0.7996556708392931,-31.12491748292161,-177.23992690806344
143.8219109554777,0.00023460892388248853,10.085799374305521,0.00023460892388248853,10.085799374305523,1.0,0.01706220297839683,-0.7987258606535766,-15.359297916315223,-0.7987258606535765,-31.124761495409658,-177.24320521073835
143.96198099049528,0.00023461787460440746,10.073502575543442,0.0002346178746044074,10.073502575543445,0.9999999999999998,0.01706209708299724,-0.7977974272203824,-15.359351824864403,-0.7977974272203825,-31.124605954025583,-177.24647840332298
144.10205102551276,0.0002346267997269935,10.06122613600842,0.00023462679972699346,10.061226136008422,0.9999999999999999,0.017061991485784505,-0.7968703672879934,-15.359405581947705,-0.7968703672879934,-31.1244508571328,-177.2497464988138
144.24212106053025,0.00023463569934418593,10.0489699995341,0.00023463569934418596,10.048969999534096,1.0000000000000002,0.01706188618568722,-0.7959446776139572,-15.35945918810775,-0.7959446776139572,-31.124296203102272,-177.25300951016544
144.38219109554777,0.00023464457354949598,10.036734110157603,0.00023464457354949598,10.036734110157603,1.0,0.01706178118163873,-0.7950203549650575,-15.359512643884756,-0.7950203549650576,-31.124141990312246,-177.25626745029075
144.52226113056528,0.00023465342243600898,10.024518412118653,0.00023465342243600895,10.024518412118656,0.9999999999999999,0.017061676472577118,-0.7940973961172899,-15.359565949816558,-0.7940973961172899,-31.123988217148465,-177.2595203320612
144.66233116558277,0.00023466224609638634,10.012322849858622,0.00023466224609638628,10.012322849858622,0.9999999999999998,0.017061572057445164,-0.793175797855831,-15.359619106438611,-0.793175797855831,-31.1238348820039,-177.26276816830674
144.8024012006003,0.00023467104462286822,10.000147368019668,0.00023467104462286822,10.000147368019668,1.0,0.017061467935190342,-0.792255556975014,-15.359672114284011,-0.7922555569750139,-31.1236819832789,-177.2660109718162
144.94247123561783,0.0002346798181072759,9.987991911443851,0.0002346798181072759,9.987991911443851,1.0,0.01706136410476479,-0.7913366702782995,-15.359724973883493,-0.7913366702782995,-31.123529519381027,-177.26924875533732
145.08254127063532,0.00023468856664101318,9.975856425172212,0.00023468856664101315,9.975856425172214,0.9999999999999999,0.017061260565125275,-0.7904191345782497,-15.359777685765458,-0.7904191345782496,-31.123377488725094,-177.27248153157683
145.22261130565283,0.00023469729031506983,9.963740854443913,0.00023469729031506983,9.963740854443913,1.0,0.01706115731523317,-0.7895029466965006,-15.359830250455985,-0.7895029466965006,-31.123225889733032,-177.27570931320082
145.36268134067035,0.00023470598922002296,9.951645144695346,0.00023470598922002294,9.95164514469535,0.9999999999999999,0.01706105435405444,-0.7885881034637354,-15.359882668478836,-0.7885881034637354,-31.123074720833994,-177.27893211283472
145.50275137568784,0.00023471466344603966,9.939569241559285,0.00023471466344603969,9.939569241559283,1.0000000000000002,0.01706095168055962,-0.7876746017196582,-15.359934940355455,-0.7876746017196582,-31.122923980464165,-177.28214994306347
145.64282141070532,0.000234723313082879,9.92751309086398,0.000234723313082879,9.927513090863982,1.0,0.01706084929372378,-0.7867624383129643,-15.359987066605015,-0.7867624383129642,-31.122773667066802,-177.28536281643176
145.78289144572287,0.0002347319382198944,9.915476638632306,0.00023473193821989442,9.915476638632306,1.0000000000000002,0.01706074719252651,-0.7858516101013165,-15.360039047744394,-0.7858516101013164,-31.122623779092233,-177.2885707454441
145.92296148074036,0.00023474053894603525,9.903459831080927,0.00023474053894603528,9.903459831080927,1.0000000000000002,0.01706064537595188,-0.7849421139513182,-15.360090884288217,-0.7849421139513182,-31.122474314997753,-177.29177374256494
146.06303151575787,0.00023474911534984998,9.8914626146194,0.00023474911534984995,9.891462614619403,0.9999999999999999,0.01706054384298843,-0.7840339467384841,-15.360142576748846,-0.784033946738484,-31.122325273247586,-177.29497182021896
146.2031015507754,0.00023475766751948775,9.879484935849352,0.00023475766751948775,9.879484935849353,1.0,0.017060442592629177,-0.7831271053472154,-15.360194125636387,-0.7831271053472154,-31.122176652312866,-177.29816499079104
146.3431715857929,0.0002347661955427001,9.86752674156362,0.0002347661955427001,9.867526741563617,1.0,0.017060341623871517,-0.7822215866707731,-15.360245531458736,-0.7822215866707732,-31.12202845067166,-177.30135326662653
146.4832416208104,0.00023477469950684395,9.855587978745417,0.00023477469950684395,9.855587978745415,1.0,0.01706024093571727,-0.7813173876112525,-15.360296794721556,-0.7813173876112524,-31.1218806668088,-177.30453666003143
146.6233116558279,0.0002347831794988832,9.843668594567486,0.0002347831794988832,9.843668594567486,1.0,0.01706014052717263,-0.7804145050795529,-15.360347915928298,-0.7804145050795529,-31.121733299216,-177.3077151832724
146.76338169084542,0.00023479163560539076,9.831768536391277,0.00023479163560539076,9.831768536391278,1.0,0.017060040397248153,-0.7795129359953551,-15.360398895580216,-0.7795129359953551,-31.12158634639165,-177.31088884857698
146.9034517258629,0.00023480006791255114,9.819887751766098,0.00023480006791255114,9.819887751766098,1.0,0.017059940544958723,-0.7786126772870949,-15.360449734176381,-0.778612677287095,-31.12143980684095,-177.31405766813373
147.04352176088045,0.00023480847650616185,9.808026188428315,0.00023480847650616182,9.808026188428316,0.9999999999999999,0.01705984096932351,-0.7777137258919332,-15.360500432213689,-0.7777137258919332,-31.121293679075777,-177.3172216540924
147.18359179589797,0.00023481686147163618,9.796183794300505,0.00023481686147163616,9.796183794300504,0.9999999999999999,0.017059741669366024,-0.7768160787557326,-15.360550990186857,-0.7768160787557324,-31.121147961614646,-177.32038081856408
147.32366183091546,0.00023482522289400423,9.784360517490665,0.00023482522289400425,9.784360517490665,1.0000000000000002,0.01705964264411398,-0.775919732833033,-15.360601408588474,-0.7759197328330331,-31.121002652982703,-177.32353517362125
147.46373186593297,0.00023483356085791615,9.772556306291385,0.00023483356085791612,9.772556306291385,0.9999999999999999,0.017059543892599383,-0.7750246850870202,-15.360651687908966,-0.7750246850870203,-31.12085775171172,-177.32668473129803
147.6038019009505,0.0002348418754476433,9.76077110917903,0.00023484187544764334,9.760771109179025,1.0000000000000002,0.017059445413858433,-0.7741309324895045,-15.360701828636632,-0.7741309324895043,-31.120713256339943,-177.32982950359025
147.74387193596797,0.00023485016674708076,9.749004874812961,0.00023485016674708076,9.749004874812961,1.0,0.017059347206931558,-0.7732384720208924,-15.360751831257653,-0.7732384720208925,-31.120569165412213,-177.33296950245568
147.88394197098546,0.00023485843483974872,9.737257552034725,0.00023485843483974866,9.737257552034729,0.9999999999999998,0.017059249270863323,-0.7723473006701621,-15.360801696256106,-0.772347300670162,-31.120425477479834,-177.33610473981403
148.024012006003,0.00023486667980879516,9.725529089867244,0.00023486667980879514,9.725529089867242,0.9999999999999999,0.017059151604702488,-0.7714574154348353,-15.360851424113955,-0.7714574154348353,-31.120282191100582,-177.33923522754733
148.16408204102052,0.00023487490173699753,9.713819437514033,0.00023487490173699756,9.713819437514033,1.0000000000000002,0.017059054207501933,-0.7705688133209537,-15.360901015311086,-0.7705688133209536,-31.120139304838585,-177.3423609774997
148.304152076038,0.00023488310070676426,9.702128544358443,0.0002348831007067643,9.702128544358441,1.0000000000000002,0.01705895707831864,-0.7696814913430542,-15.360950470325307,-0.7696814913430542,-31.119996817264415,-177.34548200147793
148.44422211105552,0.0002348912768001378,9.690456359962814,0.00023489127680013778,9.690456359962814,0.9999999999999999,0.017058860216213716,-0.7687954465241369,-15.360999789632357,-0.7687954465241369,-31.11985472695499,-177.34859831125124
148.58429214607304,0.00023489943009879512,9.67880283406775,0.0002348994300987951,9.67880283406775,0.9999999999999999,0.017058763620252305,-0.7679106758956484,-15.36104897370592,-0.7679106758956484,-31.11971303249352,-177.3517099185516
148.72436218109053,0.00023490756068405115,9.66716791659133,0.0002349075606840511,9.66716791659133,0.9999999999999998,0.01705866728950363,-0.7670271764974498,-15.361098023017629,-0.7670271764974497,-31.119571732469492,-177.3548168350739
148.86443221610804,0.00023491566863685946,9.655551557628318,0.00023491566863685949,9.655551557628316,1.0000000000000002,0.017058571223040934,-0.7661449453777927,-15.361146938037091,-0.7661449453777927,-31.11943082547868,-177.35791907247605
149.0045022511256,0.0002349237540378149,9.64395370744942,0.0002349237540378149,9.64395370744942,1.0,0.017058475419941477,-0.7652639795932954,-15.361195719231874,-0.7652639795932954,-31.119290310123052,-177.36101664237896
149.14457228614307,0.00023493181696715494,9.63237431650049,0.00023493181696715491,9.632374316500492,0.9999999999999999,0.017058379879286493,-0.7643842762089157,-15.361244367067549,-0.7643842762089157,-31.119150185010763,-177.36410955636694
149.2846423211606,0.00023493985750476206,9.620813335401815,0.00023493985750476203,9.620813335401817,0.9999999999999999,0.017058284600161195,-0.7635058322979255,-15.36129288200767,-0.7635058322979255,-31.119010448756093,-177.3671978259877
149.4247123561781,0.00023494787573016528,9.609270714947323,0.00023494787573016528,9.609270714947325,1.0,0.017058189581654743,-0.7626286449418882,-15.361341264513797,-0.7626286449418882,-31.118871099979486,-177.37028146275244
149.5647823911956,0.00023495587172254226,9.597746406103836,0.00023495587172254228,9.597746406103834,1.0000000000000002,0.017058094822860234,-0.7617527112306304,-15.361389515045513,-0.7617527112306304,-31.118732137307482,-177.37336047813608
149.70485242621308,0.0002349638455607211,9.586240360010326,0.00023496384556072106,9.586240360010327,0.9999999999999998,0.017058000322874675,-0.7608780282622165,-15.361437634060415,-0.7608780282622165,-31.11859355937261,-177.37643488357736
149.8449224612306,0.0002349717973231817,9.574752527977187,0.00023497179732318165,9.574752527977193,0.9999999999999998,0.01705790608079894,-0.7600045931429268,-15.361485622014152,-0.7600045931429268,-31.118455364813503,-177.3795046904789
149.98499249624814,0.00023497972708805831,9.563282861485472,0.00023497972708805831,9.563282861485474,1.0,0.017057812095737795,-0.7591324029872303,-15.361533479360403,-0.7591324029872303,-31.118317552274718,-177.38256991020756
150.12506253126563,0.00023498763493314085,9.551831312186158,0.00023498763493314076,9.551831312186161,0.9999999999999997,0.017057718366799854,-0.7582614549177595,-15.361581206550914,-0.7582614549177594,-31.118180120406823,-177.38563055409426
150.26513256628314,0.00023499552093587698,9.54039783189943,0.000234995520935877,9.54039783189943,1.0000000000000002,0.017057624893097555,-0.7573917460652866,-15.361628804035483,-0.7573917460652866,-31.118043067866267,-177.38868663343428
150.40520260130066,0.0002350033851733735,9.528982372613934,0.00023500338517337352,9.528982372613934,1.0000000000000002,0.017057531673747135,-0.756523273568699,-15.361676272262006,-0.7565232735686989,-31.117906393315483,-177.3917381594875
150.54527263631815,0.00023501122772239872,9.51758488648606,0.0002350112277223987,9.51758488648606,0.9999999999999999,0.017057438707868654,-0.7556560345749717,-15.361723611676437,-0.7556560345749717,-31.11777009542265,-177.39478514347832
150.68534267133566,0.00023501904865938373,9.506205325839222,0.0002350190486593837,9.506205325839225,0.9999999999999999,0.017057345994585908,-0.754790026239146,-15.361770822722846,-0.7547900262391459,-31.117634172861916,-177.39782759659582
150.82541270635318,0.00023502684806042437,9.49484364316313,0.0002350268480604244,9.494843643163128,1.0000000000000002,0.017057253533026475,-0.753925245724304,-15.361817905843395,-0.753925245724304,-31.117498624313132,-177.4008655299941
150.96548274137066,0.00023503462600128278,9.483499791113097,0.00023503462600128283,9.483499791113095,1.0000000000000002,0.017057161322321657,-0.753061690201542,-15.36186486147836,-0.753061690201542,-31.117363448461994,-177.40389895479214
151.1055527763882,0.00023504238255738958,9.472173722509297,0.00023504238255738952,9.472173722509297,0.9999999999999998,0.017057069361606465,-0.7521993568499487,-15.361911690066146,-0.7521993568499487,-31.1172286439999,-177.40692788207411
151.24562281140572,0.00023505011780384507,9.460865390336075,0.0002350501178038451,9.460865390336075,1.0000000000000002,0.017056977650019615,-0.7513382428565789,-15.361958392043288,-0.7513382428565789,-31.117094209624018,-177.4099523228894
151.3856928464232,0.00023505783181542123,9.449574747741257,0.00023505783181542128,9.449574747741257,1.0000000000000002,0.0170568861867035,-0.7504783454164302,-15.362004967844467,-0.7504783454164302,-31.11696014403712,-177.4129722882529
151.5257628814407,0.00023506552466656333,9.438301748035428,0.00023506552466656333,9.438301748035428,1.0,0.017056794970804163,-0.7496196617324188,-15.362051417902507,-0.7496196617324188,-31.116826445947726,-177.4159877891448
151.6658329164582,0.00023507319643139183,9.427046344691234,0.0002350731964313918,9.427046344691236,0.9999999999999999,0.0170567040014713,-0.7487621890153524,-15.3620977426484,-0.7487621890153525,-31.11669311406997,-177.41899883651115
151.80590295147573,0.00023508084718370367,9.41580849134271,0.00023508084718370367,9.415808491342712,1.0,0.01705661327785823,-0.7479059244839109,-15.362143942511302,-0.747905924483911,-31.11656014712354,-177.4220054412636
151.94597298649322,0.00023508847699697439,9.404588141784576,0.00023508847699697439,9.404588141784576,1.0,0.017056522799121863,-0.7470508653646184,-15.362190017918548,-0.7470508653646184,-31.116427543833712,-177.42500761427976
152.08604302151076,0.00023509608594435942,9.393385249971548,0.0002350960859443594,9.39338524997155,0.9999999999999999,0.017056432564422713,-0.7461970088918208,-15.362235969295671,-0.7461970088918208,-31.116295302931324,-177.42800536640334
152.22611305652828,0.00023510367409869604,9.382199770017662,0.00023510367409869604,9.382199770017662,1.0,0.017056342572924845,-0.7453443523076609,-15.362281797066395,-0.7453443523076609,-31.1161634231527,-177.43099870844406
152.36618309154576,0.00023511124153250467,9.371031656195601,0.00023511124153250467,9.371031656195601,1.0,0.017056252823795887,-0.7444928928620554,-15.362327501652643,-0.7444928928620554,-31.116031903239683,-177.43398765117797
152.50625312656328,0.0002351187883179908,9.359880862936008,0.00023511878831799073,9.359880862936011,0.9999999999999997,0.017056163316206997,-0.7436426278126711,-15.362373083474562,-0.7436426278126711,-31.11590074193957,-177.43697220534753
152.6463231615808,0.0002351263145270466,9.348747344826807,0.00023512631452704663,9.348747344826805,1.0000000000000002,0.017056074049332837,-0.7427935544248988,-15.362418542950527,-0.7427935544248988,-31.115769938005073,-177.43995238166167
152.78639319659828,0.0002351338202312524,9.337631056612562,0.00023513382023125238,9.337631056612564,0.9999999999999999,0.017055985022351585,-0.7419456699718334,-15.362463880497131,-0.7419456699718334,-31.115639490194265,-177.44292819079595
152.9264632316158,0.00023514130550187845,9.32653195319378,0.00023514130550187842,9.32653195319378,0.9999999999999999,0.01705589623444489,-0.7410989717342469,-15.362509096529218,-0.7410989717342469,-31.115509397270703,-177.4458996433928
153.06653326663334,0.0002351487704098862,9.315449989626268,0.0002351487704098862,9.315449989626266,1.0,0.017055807684797857,-0.7402534570005656,-15.362554191459887,-0.7402534570005657,-31.11537965800316,-177.44886675006137
153.20660330165083,0.00023515621502593023,9.30438512112048,0.0002351562150259302,9.304385121120484,0.9999999999999999,0.017055719372599042,-0.7394091230668496,-15.362599165700491,-0.7394091230668497,-31.115250271165817,-177.45182952137796
153.34667333666832,0.00023516363942035966,9.29333730304083,0.00023516363942035972,9.29333730304083,1.0000000000000002,0.01705563129704043,-0.7385659672367636,-15.36264401966065,-0.7385659672367636,-31.1151212355381,-177.45478796788592
153.48674337168583,0.00023517104366322007,9.282306490905064,0.00023517104366322004,9.282306490905066,0.9999999999999999,0.017055543457317413,-0.7377239868215568,-15.362688753748257,-0.7377239868215568,-31.114992549904755,-177.45774210009583
153.62681340670335,0.00023517842782425416,9.271292640383628,0.0002351784278242541,9.271292640383631,0.9999999999999998,0.01705545585262878,-0.7368831791400421,-15.362733368369499,-0.7368831791400421,-31.114864213055704,-177.46069192848572
153.76688344172084,0.00023518579197290442,9.260295707298967,0.00023518579197290442,9.260295707298969,1.0,0.017055368482176703,-0.7360435415185667,-15.362777863928853,-0.7360435415185668,-31.114736223786114,-177.46363746350096
153.90695347673835,0.00023519313617831382,9.249315647624952,0.00023519313617831385,9.249315647624952,1.0000000000000002,0.017055281345166703,-0.7352050712909943,-15.362822240829093,-0.7352050712909944,-31.114608580896306,-177.46657871555473
154.0470235117559,0.0002352004605093278,9.238352417486176,0.00023520046050932777,9.238352417486178,0.9999999999999999,0.01705519444080765,-0.7343677657986788,-15.36286649947131,-0.7343677657986789,-31.11448128319179,-177.46951569502772
154.18709354677338,0.00023520776503449555,9.227405973157367,0.00023520776503449555,9.227405973157367,1.0,0.01705510776831172,-0.7335316223904431,-15.362910640254913,-0.7335316223904431,-31.11435432948319,-177.47244841226865
154.3271635817909,0.00023521504982207175,9.216476271062723,0.0002352150498220717,9.216476271062724,0.9999999999999998,0.01705502132689445,-0.7326966384225534,-15.362954663577636,-0.7326966384225534,-31.11422771858625,-177.47537687759404
154.46723361680841,0.00023522231494001793,9.205563267775293,0.0002352223149400179,9.205563267775293,0.9999999999999999,0.01705493511577462,-0.7318628112586996,-15.362998569835542,-0.7318628112586995,-31.114101449321787,-177.47830110128857
154.6073036518259,0.00023522956045600384,9.194666920016365,0.0002352295604560039,9.194666920016363,1.0000000000000002,0.017054849134174304,-0.7310301382699699,-15.363042359423055,-0.7310301382699699,-31.113975520515645,-177.4812210936051
154.74737368684342,0.00023523678643740933,9.183787184654815,0.00023523678643740936,9.183787184654813,1.0000000000000002,0.017054763381318852,-0.7301986168348293,-15.363086032732934,-0.7301986168348293,-31.113849930998736,-177.4841368647648
154.8874437218609,0.0002352439929513251,9.172924018706508,0.0002352439929513251,9.172924018706508,1.0,0.017054677856436835,-0.7293682443390962,-15.363129590156305,-0.7293682443390962,-31.11372467960694,-177.48704842495727
155.02751375687845,0.00023525118006455532,9.162077379333669,0.00023525118006455527,9.162077379333669,0.9999999999999998,0.01705459255876008,-0.7285390181759189,-15.36317303208266,-0.7285390181759189,-31.11359976518113,-177.48995578434065
155.16758379189596,0.000235258347843618,9.151247223844265,0.000235258347843618,9.151247223844267,1.0,0.017054507487523598,-0.7277109357457548,-15.363216358899871,-0.7277109357457548,-31.11347518656714,-177.4928589530417
155.30765382691345,0.00023526549635474657,9.140433509691427,0.00023526549635474655,9.140433509691427,0.9999999999999999,0.017054422641965612,-0.7268839944563472,-15.36325957099419,-0.7268839944563472,-31.11335094261574,-177.49575794115594
155.44772386193097,0.00023527262566389232,9.12963619447278,0.00023527262566389238,9.129636194472779,1.0000000000000002,0.01705433802132753,-0.7260581917227006,-15.363302668750263,-0.7260581917227006,-31.11322703218252,-177.49865275874788
155.58779389694845,0.00023527973583672466,9.118855235929903,0.00023527973583672466,9.118855235929903,1.0,0.01705425362485392,-0.725233524967062,-15.363345652551128,-0.725233524967062,-31.113103454128076,-177.5015434158509
155.72786393196597,0.000235286826938633,9.10809059194769,0.00023528682693863302,9.108090591947686,1.0000000000000002,0.017054169451792497,-0.7244099916188954,-15.363388522778251,-0.7244099916188954,-31.11298020731771,-177.50442992246758
155.8679339669835,0.00023529389903472836,9.097342220553742,0.0002352938990347284,9.097342220553742,1.0000000000000002,0.017054085501394114,-0.7235875891148603,-15.363431279811493,-0.7235875891148603,-31.11285729062169,-177.50731228856966
156.008004002001,0.00023530095218984452,9.086610079917817,0.00023530095218984447,9.086610079917817,0.9999999999999998,0.017054001772912757,-0.7227663148987907,-15.36347392402914,-0.7227663148987907,-31.112734702915013,-177.51019052409825
156.14807403701852,0.00023530798646853948,9.075894128351166,0.00023530798646853948,9.075894128351162,1.0,0.01705391826560548,-0.7219461664216711,-15.363516455807925,-0.721946166421671,-31.112612443077442,-177.5130646389639
156.28814407203603,0.00023531500193509696,9.065194324306026,0.000235315001935097,9.065194324306026,1.0000000000000002,0.01705383497873246,-0.7211271411416158,-15.363558875523006,-0.7211271411416158,-31.11249050999351,-177.51593464304668
156.42821410705352,0.00023532199865352758,9.05451062637497,0.0002353219986535276,9.054510626374968,1.0000000000000002,0.017053751911556937,-0.7203092365238453,-15.36360118354799,-0.7203092365238453,-31.11236890255254,-177.51880054619636
156.56828414207104,0.00023532897668757026,9.04384299329033,0.00023532897668757026,9.04384299329033,1.0,0.017053669063345208,-0.7194924500406654,-15.363643380254937,-0.7194924500406654,-31.112247619648453,-177.52166235823253
156.70835417708852,0.00023533593610069388,9.033191383923645,0.00023533593610069385,9.033191383923645,0.9999999999999999,0.0170535864333666,-0.7186767791714456,-15.363685466014378,-0.7186767791714457,-31.11212666017993,-177.52452008894457
156.84842421210604,0.00023534287695609852,9.022555757285058,0.0002353428769560985,9.02255575728506,0.9999999999999999,0.01705350402089349,-0.717862221402596,-15.363727441195298,-0.717862221402596,-31.112006023050313,-177.52737374809195
156.98849424712358,0.0002353497993167166,9.011936072522747,0.00023534979931671662,9.011936072522744,1.0000000000000002,0.01705342182520126,-0.7170487742275451,-15.363769306165162,-0.7170487742275451,-31.111885707167517,-177.53022334540418
157.12856428214107,0.00023535670324521425,9.00133228892235,0.0002353567032452142,9.00133228892235,0.9999999999999998,0.017053339845568286,-0.716236435146721,-15.363811061289939,-0.7162364351467209,-31.111765711444143,-177.53306889058103
157.2686343171586,0.00023536358880399283,8.990744365906394,0.0002353635888039928,8.990744365906396,0.9999999999999999,0.017053258081275932,-0.7154252016675261,-15.363852706934058,-0.7154252016675261,-31.111646034797342,-177.53591039329254
157.4087043521761,0.00023537045605519032,8.980172263033737,0.0002353704560551903,8.980172263033737,0.9999999999999999,0.017053176531608528,-0.7146150713043175,-15.363894243460472,-0.7146150713043175,-31.11152667614883,-177.53874786317925
157.5487743871936,0.00023537730506068255,8.969615939998985,0.00023537730506068252,8.969615939998985,0.9999999999999999,0.017053095195853372,-0.7138060415783849,-15.363935671230625,-0.7138060415783848,-31.111407634424868,-177.54158130985215
157.6888444222111,0.00023538413588208395,8.959075356631944,0.00023538413588208398,8.959075356631942,1.0000000000000002,0.017053014073300676,-0.7129981100179289,-15.363976990604481,-0.7129981100179289,-31.111288908556265,-177.54441074289295
157.8289144572286,0.00023539094858075017,8.948550472897066,0.00023539094858075012,8.948550472897072,0.9999999999999998,0.017052933163243612,-0.7121912741580404,-15.36401820194052,-0.7121912741580403,-31.11117049747833,-177.54723617185408
157.9689844922461,0.0002353977432177781,8.938041248892864,0.00023539774321777802,8.938041248892866,0.9999999999999997,0.017052852464978233,-0.7113855315406771,-15.36405930559576,-0.711385531540677,-31.111052400130774,-177.55005760625883
158.10905452726365,0.00023540451985400762,8.9275476448514,0.00023540451985400762,8.9275476448514,1.0,0.017052771977803513,-0.7105808797146456,-15.364100301925738,-0.7105808797146456,-31.110934615457833,-177.55287505560142
158.24912456228114,0.00023541127855002323,8.91706962113769,0.00023541127855002323,8.91706962113769,1.0,0.017052691701021295,-0.7097773162355764,-15.36414119128455,-0.7097773162355765,-31.110817142408177,-177.55568852934724
158.38919459729865,0.00023541801936615464,8.906607138249193,0.00023541801936615464,8.906607138249191,1.0,0.017052611633936295,-0.7089748386659055,-15.364181974024822,-0.7089748386659056,-31.11069997993483,-177.55849803693272
158.52926463231614,0.00023542474236247876,8.89616015681525,0.00023542474236247878,8.89616015681525,1.0000000000000002,0.01705253177585609,-0.7081734445748517,-15.364222650497751,-0.7081734445748518,-31.110583126995273,-177.5613035877656
158.66933466733366,0.0002354314475988204,8.885728637596525,0.0002354314475988204,8.885728637596525,1.0,0.01705245212609109,-0.7073731315383965,-15.364263221053099,-0.7073731315383965,-31.1104665825513,-177.56410519122508
158.80940470235117,0.0002354381351347538,8.87531254148449,0.00023543813513475376,8.87531254148449,0.9999999999999999,0.01705237268395454,-0.706573897139262,-15.364303686039182,-0.7065738971392619,-31.11035034556906,-177.56690285666176
158.94947473736866,0.00023544480502960376,8.86491182950088,0.0002354448050296037,8.86491182950088,0.9999999999999998,0.0170522934487625,-0.7057757389668913,-15.364344045802909,-0.7057757389668914,-31.11023441501903,-177.56969659339782
159.0895447723862,0.00023545145734244716,8.854526462797148,0.00023545145734244716,8.854526462797146,1.0,0.017052214419833824,-0.7049786546174264,-15.36438430068976,-0.7049786546174263,-31.110118789875983,-177.57248641072724
159.22961480740372,0.00023545809213211365,8.84415640265394,0.00023545809213211365,8.844156402653939,1.0,0.017052135596490152,-0.7041826416936869,-15.364424451043819,-0.7041826416936869,-31.110003469119015,-177.57527231791562
159.3696848424212,0.00023546470945718748,8.833801610480574,0.0002354647094571875,8.83380161048057,1.0000000000000002,0.01705205697805592,-0.7033876978051524,-15.364464497207749,-0.7033876978051524,-31.109888451731393,-177.57805432420062
159.50975487743872,0.00023547130937600817,8.823462047814488,0.0002354713093760082,8.823462047814488,1.0000000000000002,0.017051978563858282,-0.7025938205679376,-15.36450443952284,-0.7025938205679376,-31.109773736700678,-177.58083243879176
159.6498249124562,0.00023547789194667222,8.813137676320737,0.00023547789194667222,8.813137676320737,1.0,0.01705190035322718,-0.7018010076047748,-15.364544278328971,-0.7018010076047748,-31.109659323018658,-177.58360667087067
159.78989494747373,0.000235484457227034,8.802828457791463,0.00023548445722703404,8.802828457791465,1.0000000000000002,0.017051822345495266,-0.7010092565449909,-15.364584013964656,-0.7010092565449908,-31.109545209681272,-177.58637702959132
159.92996498249124,0.00023549100527470697,8.792534354145383,0.00023549100527470702,8.792534354145383,1.0000000000000002,0.017051744539997925,-0.7002185650244895,-15.364623646767017,-0.7002185650244895,-31.10943139568869,-177.58914352407976
160.07003501750876,0.00023549753614706502,8.782255327427254,0.00023549753614706496,8.78225532742725,0.9999999999999998,0.017051666936073233,-0.6994289306857285,-15.36466317707183,-0.6994289306857284,-31.10931788004517,-177.59190616343463
160.21010505252627,0.00023550404990124355,8.771991339807373,0.00023550404990124358,8.771991339807371,1.0000000000000002,0.017051589533061982,-0.6986403511776997,-15.364702605213477,-0.6986403511776997,-31.109204661759165,-177.59466495672692
160.35017508754376,0.0002355105465941406,8.761742353581056,0.00023551054659414066,8.761742353581054,1.0000000000000002,0.017051512330307626,-0.69785282415591,-15.364741931525012,-0.69785282415591,-31.109091739843176,-177.5974199130003
160.49024512256128,0.00023551702628241822,8.751508331168138,0.00023551702628241822,8.75150833116814,1.0,0.0170514353271563,-0.697066347282359,-15.364781156338125,-0.697066347282359,-31.108979113313882,-177.60017104127107
160.6303151575788,0.00023552348902250341,8.741289235112461,0.00023552348902250347,8.741289235112463,1.0000000000000002,0.017051358522956785,-0.696280918225521,-15.364820279983164,-0.696280918225521,-31.10886678119195,-177.60291835052837
160.77038519259628,0.00023552993487058934,8.731085028081365,0.0002355299348705894,8.731085028081361,1.0000000000000002,0.017051281917060512,-0.6954965346603229,-15.364859302789142,-0.695496534660323,-31.10875474250214,-177.6056618497342
160.9104552276138,0.00023553636388263673,8.72089567286519,0.00023553636388263675,8.720895672865192,1.0000000000000002,0.017051205508821547,-0.694713194268126,-15.36489822508374,-0.694713194268126,-31.108642996273268,-177.60840154782355
161.05052526263134,0.00023554277611437442,8.710721132376776,0.00023554277611437442,8.710721132376774,1.0,0.01705112929759655,-0.6939308947367046,-15.364937047193328,-0.6939308947367046,-31.108531541538103,-177.61113745370452
161.19059529764883,0.00023554917162130115,8.70056136965096,0.00023554917162130115,8.700561369650957,1.0,0.017051053282744807,-0.6931496337602256,-15.36497576944294,-0.6931496337602256,-31.108420377333434,-177.61386957625828
161.33066533266634,0.00023555555045868658,8.690416347844092,0.00023555555045868658,8.690416347844092,1.0,0.017050977463628204,-0.6923694090392295,-15.3650143921563,-0.6923694090392295,-31.10830950270008,-177.61659792433943
161.47073536768383,0.0002355619126815718,8.680286030233528,0.0002355619126815718,8.680286030233528,1.0,0.017050901839611176,-0.6915902182806121,-15.365052915655843,-0.6915902182806122,-31.108198916682717,-177.61932250677586
161.61080540270135,0.0002355682583447714,8.670170380217149,0.00023556825834477138,8.670170380217153,0.9999999999999999,0.017050826410060754,-0.6908120591976014,-15.36509134026269,-0.6908120591976014,-31.108088618330015,-177.62204333236886
161.75087543771886,0.00023557458750287377,8.660069361312877,0.0002355745875028738,8.660069361312875,1.0000000000000002,0.017050751174346516,-0.6900349295097393,-15.365129666296674,-0.6900349295097393,-31.107978606694545,-177.6247604098934
161.89094547273635,0.00023558090021024266,8.649982937158166,0.0002355809002102427,8.649982937158162,1.0000000000000002,0.017050676131840577,-0.6892588269428633,-15.365167894076347,-0.6892588269428634,-31.107868880832775,-177.62747374809805
162.0310155077539,0.00023558719652101812,8.639911071509557,0.00023558719652101812,8.639911071509555,1.0,0.017050601281917592,-0.6884837492290856,-15.365206023918967,-0.6884837492290855,-31.10775943980505,-177.63018335570513
162.17108554277138,0.00023559347648911756,8.629853728242155,0.0002355934764891176,8.629853728242153,1.0000000000000002,0.017050526623954718,-0.6877096941067732,-15.365244056140535,-0.6877096941067731,-31.10765028267557,-177.6328892414108
162.3111555777889,0.00023559974016823708,8.619810871349179,0.00023559974016823705,8.619810871349177,0.9999999999999999,0.017050452157331645,-0.6869366593205283,-15.36528199105577,-0.6869366593205283,-31.107541408512386,-177.63559141388515
162.4512256128064,0.000235605987611852,8.609782464941484,0.00023560598761185203,8.609782464941484,1.0000000000000002,0.017050377881430535,-0.6861646426211713,-15.365319828978134,-0.6861646426211713,-31.107432816387373,-177.6382898817723
162.5912956478239,0.00023561221887321903,8.599768473247062,0.00023561221887321903,8.599768473247062,1.0,0.017050303795636056,-0.6853936417657177,-15.365357570219832,-0.6853936417657178,-31.10732450537619,-177.6409846536905
162.7313656828414,0.00023561843400537574,8.589768860610599,0.00023561843400537568,8.5897688606106,0.9999999999999998,0.01705022989933532,-0.6846236545173623,-15.36539521509182,-0.6846236545173624,-31.10721647455829,-177.64367573823228
162.87143571785893,0.00023562463306114315,8.57978359149299,0.00023562463306114315,8.57978359149299,1.0,0.017050156191917916,-0.6838546786454573,-15.36543276390381,-0.6838546786454573,-31.107108723016857,-177.64636314396435
163.01150575287642,0.0002356308160931258,8.56981263047088,0.00023563081609312577,8.56981263047088,0.9999999999999999,0.017050082672775885,-0.6830867119254943,-15.365470216964269,-0.6830867119254943,-31.10700124983891,-177.64904687942789
163.15157578789396,0.0002356369831537133,8.559855942236187,0.00023563698315371334,8.559855942236183,1.0000000000000002,0.017050009341303688,-0.6823197521390858,-15.365507574580446,-0.6823197521390859,-31.106894054115067,-177.65172695313856
163.29164582291145,0.00023564313429508108,8.549913491595639,0.00023564313429508106,8.54991349159564,0.9999999999999999,0.01704993619689822,-0.6815537970739447,-15.365544837058348,-0.6815537970739448,-31.106787134939808,-177.6544033735866
163.43171585792896,0.00023564926956919175,8.539985243470339,0.00023564926956919172,8.539985243470339,0.9999999999999999,0.01704986323895879,-0.6807888445238658,-15.365582004702766,-0.6807888445238658,-31.106680491411154,-177.65707614923696
163.57178589294648,0.00023565538902779582,8.53007116289527,0.00023565538902779585,8.53007116289527,1.0000000000000002,0.01704979046688712,-0.6800248922887074,-15.365619077817277,-0.6800248922887075,-31.106574122630946,-177.65974528852922
163.71185592796397,0.0002356614927224328,8.520171215018864,0.00023566149272243283,8.520171215018866,1.0000000000000002,0.017049717880087287,-0.6792619381743729,-15.36565605670425,-0.6792619381743729,-31.10646802770457,-177.66241079987802
163.85192596298148,0.00023566758070443244,8.510285365102535,0.00023566758070443244,8.510285365102533,1.0,0.017049645477965787,-0.678499979992789,-15.365692941664848,-0.6784999799927891,-31.106362205741096,-177.6650726916727
163.99199599799897,0.00023567365302491568,8.500413578520224,0.00023567365302491574,8.500413578520222,1.0000000000000002,0.017049573259931464,-0.6777390155618905,-15.365729732999032,-0.6777390155618905,-31.10625665585321,-177.66773097227784
164.1320660330165,0.000235679709734795,8.490555820757972,0.000235679709734795,8.490555820757974,1.0,0.017049501225395513,-0.6769790427056002,-15.36576643100558,-0.6769790427056002,-31.106151377157175,-177.670385650033
164.27213606803403,0.00023568575088477676,8.480712057413445,0.00023568575088477676,8.480712057413445,1.0,0.017049429373771487,-0.6762200592538095,-15.365803035982077,-0.6762200592538095,-31.106046368772937,-177.673036733253
164.41220610305152,0.0002356917765253608,8.470882254195496,0.00023569177652536084,8.470882254195494,1.0000000000000002,0.017049357704475274,-0.6754620630423607,-15.365839548224926,-0.6754620630423607,-31.105941629823892,-177.67568423022797
164.55227613806903,0.0002356977867068425,8.461066376923734,0.00023569778670684248,8.461066376923734,0.9999999999999999,0.017049286216925086,-0.6747050519130284,-15.365875968029354,-0.6747050519130284,-31.105837159437062,-177.67832814922343
164.69234617308655,0.00023570378147931315,8.45126439152806,0.0002357037814793132,8.45126439152806,1.0000000000000002,0.017049214910541434,-0.6739490237135,-15.365912295689423,-0.6739490237135001,-31.105732956742976,-177.68096849848027
164.83241620810404,0.00023570976089266093,8.44147626404826,0.00023570976089266093,8.44147626404826,1.0,0.017049143784747138,-0.6731939762973594,-15.365948531498026,-0.6731939762973594,-31.105629020875686,-177.68360528621506
164.97248624312155,0.00023571572499657257,8.43170196063352,0.00023571572499657257,8.43170196063352,1.0,0.01704907283896732,-0.6724399075240663,-15.36598467574689,-0.6724399075240665,-31.105525350972762,-177.68623852061992
165.11255627813907,0.00023572167384053327,8.421941447542041,0.00023572167384053325,8.421941447542043,0.9999999999999999,0.017049002072629365,-0.6716868152589395,-15.366020728726609,-0.6716868152589395,-31.10542194617522,-177.6888682098628
165.25262631315658,0.00023572760747382867,8.412194691140575,0.0002357276074738287,8.412194691140575,1.0000000000000002,0.017048931485162934,-0.6709346973731378,-15.366056690726603,-0.6709346973731378,-31.105318805627554,-177.69149436208733
165.3926963481741,0.00023573352594554508,8.402461657903999,0.00023573352594554505,8.402461657904,0.9999999999999999,0.01704886107599996,-0.6701835517436416,-15.366092562035165,-0.6701835517436416,-31.10521592847777,-177.69411698541316
165.53276638319159,0.00023573942930457082,8.392742314414892,0.00023573942930457084,8.392742314414892,1.0000000000000002,0.017048790844574595,-0.6694333762532365,-15.366128342939449,-0.6694333762532366,-31.10511331387722,-177.69673608793585
165.6728364182091,0.00023574531759959703,8.383036627363108,0.00023574531759959705,8.383036627363104,1.0000000000000002,0.017048720790323255,-0.6686841687904929,-15.366164033725472,-0.6686841687904929,-31.105010960980746,-177.6993516777271
165.8129064532266,0.00023575119087911877,8.373344563545334,0.00023575119087911877,8.373344563545334,1.0,0.017048650912684572,-0.6679359272497493,-15.366199634678122,-0.6679359272497492,-31.104908868946524,-177.7019637628347
165.9529764882441,0.0002357570491914358,8.363666089864688,0.0002357570491914358,8.36366608986469,1.0,0.017048581211099402,-0.667188649531094,-15.36623514608117,-0.667188649531094,-31.104807036936172,-177.70457235128274
166.09304652326165,0.00023576289258465344,8.354001173330296,0.00023576289258465347,8.354001173330296,1.0000000000000002,0.017048511685010793,-0.6664423335403475,-15.36627056821727,-0.6664423335403475,-31.104705464114666,-177.70717745107152
166.23311655827914,0.0002357687211066837,8.344349781056854,0.0002357687211066837,8.344349781056852,1.0,0.017048442333863996,-0.6656969771890442,-15.366305901367971,-0.6656969771890442,-31.104604149650296,-177.70977907017794
166.37318659329665,0.00023577453480524619,8.334711880264226,0.00023577453480524616,8.334711880264226,0.9999999999999999,0.017048373157106462,-0.6649525783944148,-15.366341145813694,-0.6649525783944148,-31.10450309271475,-177.7123772165552
166.51325662831417,0.00023578033372786898,8.325087438277032,0.00023578033372786896,8.325087438277034,0.9999999999999999,0.017048304154187795,-0.6642091350793687,-15.366376301833782,-0.6642091350793687,-31.10440229248301,-177.7149718981332
166.65332666333165,0.0002357861179218895,8.315476422524222,0.00023578611792188947,8.315476422524222,0.9999999999999999,0.017048235324559784,-0.6634666451724762,-15.366411369706467,-0.6634666451724763,-31.104301748133306,-177.71756312281838
166.79339669834917,0.00023579188743445514,8.30587880053867,0.00023579188743445514,8.305878800538672,1.0,0.01704816666767635,-0.6627251066079503,-15.366446349708905,-0.6627251066079504,-31.104201458847285,-177.72015089849404
166.93346673336666,0.00023579764231252507,8.29629453995677,0.00023579764231252513,8.29629453995677,1.0000000000000002,0.017048098182993594,-0.6619845173256308,-15.366481242117144,-0.6619845173256309,-31.104101423809748,-177.72273523302025
167.0735367683842,0.00023580338260286983,8.286723608518017,0.0002358033826028698,8.286723608518017,0.9999999999999999,0.017048029869969707,-0.6612448752709646,-15.36651604720618,-0.6612448752709646,-31.10400164220879,-177.72531613423396
167.21360680340172,0.00023580910835207362,8.277165974064616,0.00023580910835207364,8.277165974064616,1.0000000000000002,0.017047961728065043,-0.6605061783949898,-15.366550765249908,-0.6605061783949897,-31.103902113235797,-177.7278936099491
167.3536768384192,0.00023581481960653438,8.267621604541057,0.0002358148196065344,8.267621604541057,1.0000000000000002,0.017047893756742066,-0.6597684246543176,-15.36658539652116,-0.6597684246543176,-31.10380283608532,-177.73046766795667
167.49374687343672,0.0002358205164124641,8.258090467993743,0.00023582051641246412,8.25809046799374,1.0000000000000002,0.017047825955465317,-0.6590316120111156,-15.366619941291715,-0.6590316120111157,-31.103703809955164,-177.7330383160249
167.6338169084542,0.00023582619881589136,8.248572532570558,0.00023582619881589134,8.248572532570558,0.9999999999999999,0.017047758323701485,-0.6582957384330893,-15.36665439983226,-0.6582957384330892,-31.1036050340463,-177.73560556189915
167.77388694347172,0.00023583186686266066,8.23906776652049,0.0002358318668626606,8.23906776652049,0.9999999999999998,0.01704769086091929,-0.6575608018934661,-15.366688772412463,-0.6575608018934661,-31.1035065075629,-177.73816941330205
167.91395697848924,0.000235837520598434,8.229576138193224,0.00023583752059843402,8.229576138193226,1.0000000000000002,0.017047623566589558,-0.6568268003709777,-15.366723059300917,-0.6568268003709776,-31.103408229712286,-177.74072987793372
168.05402701350675,0.00023584316006869185,8.220097616038759,0.00023584316006869185,8.220097616038757,1.0,0.017047556440185185,-0.6560937318498425,-15.366757260765176,-0.6560937318498425,-31.103310199704982,-177.7432869634717
168.19409704852427,0.00023584878531873345,8.210632168607003,0.00023584878531873345,8.210632168606999,1.0,0.01704748948118111,-0.6553615943197497,-15.36679137707175,-0.6553615943197497,-31.103212416754555,-177.745840677571
168.3341670835418,0.00023585439639367794,8.201179764547382,0.00023585439639367797,8.201179764547382,1.0000000000000002,0.017047422689054327,-0.6546303857758405,-15.366825408486118,-0.6546303857758405,-31.103114880077797,-177.74839102786441
168.47423711855927,0.0002358599933384658,8.191740372608475,0.0002358599933384658,8.191740372608475,1.0,0.01704735606328387,-0.6539001042186935,-15.366859355272718,-0.6539001042186935,-31.103017588894524,-177.7509380219623
168.6143071535768,0.0002358655761978587,8.182313961637579,0.00023586557619785872,8.182313961637577,1.0000000000000002,0.0170472896033508,-0.653170747654304,-15.366893217694965,-0.653170747654304,-31.102920542427718,-177.75348166745283
168.75437718859428,0.00023587114501644093,8.17290050058038,0.0002358711450164409,8.172900500580377,0.9999999999999999,0.01704722330873819,-0.652442314094073,-15.366926996015259,-0.652442314094073,-31.102823739903368,-177.75602197190204
168.8944472236118,0.00023587669983861993,8.163499958480518,0.00023587669983861993,8.163499958480518,1.0,0.017047157178931138,-0.6517148015547841,-15.366960690494976,-0.6517148015547842,-31.10272718055057,-177.75855894285388
169.03451725862934,0.00023588224070862786,8.154112304479243,0.00023588224070862786,8.154112304479243,1.0,0.017047091213416743,-0.6509882080585909,-15.366994301394465,-0.6509882080585909,-31.10263086360145,-177.76109258783038
169.17458729364682,0.0002358877676705212,8.144737507815025,0.0002358877676705212,8.144737507815025,1.0,0.01704702541168407,-0.650262531632999,-15.367027828973097,-0.650262531632999,-31.1025347882912,-177.76362291433153
169.31465732866434,0.00023589328076818275,8.135375537823153,0.00023589328076818275,8.135375537823151,1.0,0.017046959773224204,-0.6495377703108488,-15.367061273489206,-0.6495377703108488,-31.102438953858012,-177.76614992983562
169.45472736368183,0.0002358987800453216,8.126026363935392,0.00023589878004532164,8.12602636393539,1.0000000000000002,0.017046894297530167,-0.6488139221303006,-15.367094635200157,-0.6488139221303006,-31.102343359543056,-177.76867364179907
169.59479739869934,0.0002359042655454746,8.116689955679584,0.00023590426554547458,8.116689955679584,0.9999999999999999,0.017046828984096977,-0.6480909851348154,-15.367127914362301,-0.6480909851348154,-31.10224800459055,-177.7711940576567
169.73486743371686,0.00023590973731200674,8.107366282679283,0.00023590973731200677,8.107366282679283,1.0000000000000002,0.01704676383242159,-0.6473689573731419,-15.367161111231004,-0.6473689573731419,-31.10215288824763,-177.77371118482162
169.87493746873434,0.0002359151953881119,8.0980553146534,0.00023591519538811192,8.098055314653402,1.0000000000000002,0.01704669884200291,-0.6466478368992966,-15.367194226060645,-0.6466478368992966,-31.10205800976444,-177.77622503068557
170.01500750375186,0.00023592063981681398,8.08875702141579,0.00023592063981681398,8.088757021415791,1.0,0.017046634012341785,-0.6459276217725495,-15.367227259104626,-0.6459276217725495,-31.101963368394095,-177.77873560261867
170.1550775387694,0.00023592607064096768,8.07947137287493,0.00023592607064096765,8.079471372874933,0.9999999999999999,0.017046569342940982,-0.6452083100574076,-15.367260210615367,-0.6452083100574076,-31.10186896339256,-177.78124290796976
170.2951475737869,0.00023593148790325888,8.070198339033535,0.0002359314879032589,8.070198339033533,1.0000000000000002,0.017046504833305193,-0.6444898998235982,-15.367293080844329,-0.6444898998235982,-31.101774794018816,-177.78374695406623
170.4352176088044,0.00023593689164620624,8.060937889988177,0.00023593689164620624,8.060937889988177,1.0,0.017046440482941044,-0.6437723891460516,-15.367325870041974,-0.6437723891460516,-31.1016808595347,-177.78624774821446
170.5752876438219,0.00023594228191216058,8.051689995928951,0.00023594228191216058,8.051689995928951,1.0,0.017046376291357006,-0.6430557761048886,-15.367358578457846,-0.6430557761048885,-31.101587159204946,-177.7887452976995
170.7153576788394,0.0002359476587433073,8.04245462713909,0.00023594765874330732,8.04245462713909,1.0000000000000002,0.017046312258063502,-0.6423400587853996,-15.367391206340493,-0.6423400587853996,-31.101493692297208,-177.79123960978535
170.85542771385693,0.00023595302218166607,8.03323175399462,0.0002359530221816661,8.03323175399462,1.0000000000000002,0.017046248382572803,-0.6416252352780317,-15.367423753937526,-0.6416252352780318,-31.101400458081955,-177.793730691715
170.9954977488744,0.00023595837226909208,8.024021346964007,0.00023595837226909208,8.024021346964007,1.0,0.017046184664399083,-0.6409113036783728,-15.367456221495598,-0.6409113036783728,-31.10130745583256,-177.79621855071056
171.13556778389196,0.00023596370904727638,8.014823376607765,0.00023596370904727635,8.014823376607767,0.9999999999999999,0.01704612110305837,-0.6401982620871324,-15.367488609260418,-0.6401982620871324,-31.101214684825216,-177.79870319397315
171.27563781890947,0.00023596903255774715,8.005637813578145,0.0002359690325577472,8.005637813578144,1.0000000000000002,0.017046057698068533,-0.6394861086101302,-15.367520917476762,-0.6394861086101301,-31.10112214433894,-177.80118462868316
171.41570785392696,0.00023597434284187006,7.996464628618772,0.00023597434284187006,7.996464628618772,1.0,0.017045994448949334,-0.6387748413582771,-15.36755314638846,-0.6387748413582771,-31.10102983365556,-177.8036628620003
171.55577788894448,0.0002359796399408494,7.987303792564252,0.0002359796399408494,7.987303792564252,1.0,0.017045931355222338,-0.63806445844756,-15.367585296238406,-0.6380644584475599,-31.10093775205973,-177.80613790106355
171.69584792396196,0.00023598492389572846,7.978155276339896,0.00023598492389572846,7.978155276339898,1.0,0.01704586841641097,-0.6373549579990276,-15.367617367268576,-0.6373549579990276,-31.100845898838894,-177.80860975299137
171.83591795897948,0.0002359901947473905,7.969019050961296,0.0002359901947473905,7.969019050961296,1.0,0.017045805632040476,-0.6366463381387718,-15.367649359720009,-0.6366463381387718,-31.10075427328325,-177.81107842488166
171.975987993997,0.0002359954525365594,7.959895087534031,0.00023599545253655938,7.959895087534033,0.9999999999999999,0.017045743001637904,-0.6359385969979149,-15.367681273832831,-0.6359385969979149,-31.100662874685753,-177.81354392381192
172.1160580290145,0.00023600069730380033,7.950783357253313,0.00023600069730380038,7.950783357253311,1.0000000000000002,0.017045680524732126,-0.6352317327125938,-15.367713109846255,-0.6352317327125938,-31.100571702342123,-177.81600625683927
172.25612806403203,0.00023600592908952058,7.941683831403605,0.00023600592908952058,7.941683831403605,1.0,0.017045618200853808,-0.6345257434239405,-15.367744867998576,-0.6345257434239405,-31.100480755550844,-177.81846543100056
172.3961980990495,0.00023601114793397066,7.932596481358333,0.0002360111479339706,7.932596481358335,0.9999999999999998,0.017045556029535416,-0.6338206272780725,-15.367776548527184,-0.6338206272780725,-31.100390033613085,-177.82092145331237
172.53626813406703,0.00023601635387724426,7.923521278579504,0.00023601635387724426,7.923521278579506,1.0,0.017045494010311194,-0.6331163824260724,-15.367808151668559,-0.6331163824260724,-31.10029953583277,-177.8233743307711
172.67633816908454,0.00023602154695927965,7.914458194617407,0.0002360215469592797,7.9144581946174055,1.0000000000000002,0.017045432142717174,-0.632413007023977,-15.367839677658283,-0.6324130070239768,-31.10020926151648,-177.82582407035315
172.81640820410203,0.00023602672721985963,7.905407201110225,0.00023602672721985957,7.905407201110224,0.9999999999999998,0.01704537042629113,-0.6317104992327567,-15.367871126731059,-0.6317104992327566,-31.100119209973478,-177.82827067901482
172.95647823911955,0.00023603189469861328,7.896368269783744,0.0002360318946986133,7.896368269783744,1.0000000000000002,0.017045308860572626,-0.6310088572183052,-15.367902499120675,-0.6310088572183052,-31.100029380515785,-177.83071416369253
173.0965482741371,0.00023603704943501622,7.887341372450994,0.00023603704943501625,7.887341372450989,1.0000000000000002,0.01704524744510297,-0.630308079151421,-15.367933795060038,-0.630308079151421,-31.09993977245798,-177.83315453130282
173.23661830915458,0.00023604219146839043,7.878326481011926,0.00023604219146839046,7.878326481011926,1.0000000000000002,0.0170451861794252,-0.629608163207794,-15.367965014781182,-0.6296081632077941,-31.09985038511734,-177.8355917887423
173.3766883441721,0.00023604732083790678,7.869323567453077,0.00023604732083790672,7.869323567453077,0.9999999999999998,0.01704512506308412,-0.6289091075679883,-15.367996158515243,-0.6289091075679882,-31.099761217813793,-177.83802594288798
173.51675837918958,0.00023605243758258388,7.860332603847242,0.00023605243758258385,7.860332603847242,0.9999999999999999,0.017045064095626235,-0.6282109104174305,-15.368027226492497,-0.6282109104174304,-31.099672269869885,-177.84045700059713
173.6568284142071,0.00023605754174129006,7.8513535623531405,0.00023605754174129,7.851353562353139,0.9999999999999998,0.017045003276599774,-0.6275135699463907,-15.368058218942348,-0.6275135699463906,-31.099583540610784,-177.84288496870744
173.7968984492246,0.00023606263335274332,7.842386415215092,0.0002360626333527433,7.842386415215092,0.9999999999999999,0.0170449426055547,-0.6268170843499703,-15.36808913609332,-0.6268170843499703,-31.09949502936423,-177.84530985403694
173.9369684842421,0.00023606771245551254,7.833431134762716,0.00023606771245551252,7.833431134762716,0.9999999999999999,0.01704488208204266,-0.6261214518280871,-15.368119978173084,-0.6261214518280871,-31.099406735460548,-177.84773166338445
174.07703851925964,0.00023607277908801785,7.824487693410546,0.00023607277908801785,7.824487693410546,1.0,0.01704482170561702,-0.6254266705854571,-15.368150745408443,-0.6254266705854571,-31.099318658232725,-177.85015040352908
174.21710855427713,0.00023607783328853148,7.815556063657778,0.0002360778332885315,7.815556063657776,1.0000000000000002,0.017044761475832823,-0.6247327388315843,-15.368181438025344,-0.6247327388315844,-31.09923079701622,-177.85256608123083
174.35717858929465,0.00023608287509517802,7.806636218087898,0.00023608287509517802,7.8066362180879,1.0,0.01704470139224679,-0.6240396547807422,-15.368212056248892,-0.6240396547807423,-31.099143151149104,-177.8549787032303
174.49724862431216,0.00023608790454593585,7.7977281293683935,0.00023608790454593583,7.7977281293683935,0.9999999999999999,0.01704464145441732,-0.6233474166519617,-15.368242600303335,-0.6233474166519618,-31.09905571997195,-177.85738827624894
174.63731865932965,0.0002360929216786371,7.78883177025041,0.00023609292167863706,7.788831770250411,0.9999999999999999,0.017044581661904496,-0.6226560226690138,-15.368273070412071,-0.6226560226690138,-31.098968502827905,-177.85979480698902
174.77738869434717,0.00023609792653096867,7.779947113568465,0.00023609792653096865,7.779947113568465,0.9999999999999999,0.017044522014270043,-0.6219654710603971,-15.36830346679767,-0.6219654710603971,-31.0988814990626,-177.86219830213378
174.91745872936468,0.0002361029191404729,7.771074132240099,0.00023610291914047293,7.771074132240099,1.0000000000000002,0.01704446251107735,-0.6212757600593224,-15.368333789681854,-0.6212757600593224,-31.09879470802417,-177.86459876834746
175.05752876438217,0.0002361078995445482,7.76221279926559,0.00023610789954454825,7.762212799265589,1.0000000000000002,0.017044403151891444,-0.6205868879036981,-15.368364039285513,-0.6205868879036981,-31.09870812906332,-177.86699621227527
175.1975987993997,0.00023611286778044927,7.753363087727624,0.00023611286778044932,7.753363087727624,1.0000000000000002,0.017044343936278992,-0.6198988528361158,-15.368394215828715,-0.6198988528361158,-31.098621761533153,-177.8693906405436
175.3376688344172,0.00023611782388528878,7.744524970790984,0.00023611782388528876,7.744524970790985,0.9999999999999999,0.017044284863808296,-0.6192116531038352,-15.368424319530693,-0.6192116531038351,-31.09853560478928,-177.87178205976005
175.47773886943472,0.00023612276789603697,7.735698421702256,0.00023612276789603695,7.735698421702256,0.9999999999999999,0.01704422593404928,-0.6185252869587711,-15.368454350609861,-0.6185252869587711,-31.09844965818981,-177.87417047651343
175.61780890445223,0.00023612769984952277,7.7268834137895,0.0002361276998495228,7.726883413789502,1.0000000000000002,0.017044167146573475,-0.6178397526574774,-15.368484309283811,-0.6178397526574775,-31.098363921095235,-177.87655589737386
175.75787893946972,0.00023613261978243448,7.718079920461963,0.00023613261978243448,7.7180799204619595,1.0,0.017044108500954037,-0.6171550484611344,-15.368514195769329,-0.6171550484611346,-31.098278392868526,-177.87893832889287
175.89794897448724,0.0002361375277313201,7.709287915209755,0.00023613752773132008,7.709287915209755,0.9999999999999999,0.017044049996765717,-0.6164711726355331,-15.368544010282374,-0.6164711726355331,-31.09819307287511,-177.88131777760339
176.03801900950472,0.0002361424237325887,7.7005073716035595,0.0002361424237325887,7.700507371603561,1.0,0.017043991633584863,-0.6157881234510616,-15.368573753038106,-0.6157881234510616,-31.09810796048279,-177.88369425001986
176.17808904452227,0.0002361473078225099,7.691738263294315,0.0002361473078225099,7.691738263294315,1.0,0.0170439334109894,-0.6151058991826907,-15.368603424250889,-0.6151058991826907,-31.09802305506178,-177.88606775263835
176.31815907953978,0.00023615218003721563,7.682980564012943,0.0002361521800372156,7.682980564012943,0.9999999999999999,0.017043875328558843,-0.6144244981099606,-15.368633024134269,-0.6144244981099606,-31.097938355984738,-177.88843829193647
176.45822911455727,0.00023615704041269996,7.674234247570008,0.00023615704041269993,7.6742342475700065,0.9999999999999999,0.017043817385874287,-0.6137439185169661,-15.368662552901007,-0.6137439185169661,-31.09785386262665,-177.8908058743736
176.59829914957479,0.00023616188898482022,7.6654992878554475,0.0002361618889848202,7.6654992878554475,0.9999999999999999,0.017043759582518386,-0.6130641586923418,-15.368692010763061,-0.6130641586923417,-31.097769574364897,-177.89317050639082
176.7383691845923,0.00023616672578929726,7.656775658838262,0.00023616672578929726,7.656775658838262,1.0,0.017043701918075346,-0.6123852169292495,-15.368721397931612,-0.6123852169292496,-31.097685490579224,-177.895532194411
176.8784392196098,0.00023617155086171632,7.648063334566234,0.00023617155086171635,7.648063334566236,1.0000000000000002,0.017043644392130932,-0.6117070915253643,-15.368750714617045,-0.6117070915253643,-31.09760161065173,-177.89789094483908
177.0185092546273,0.00023617636423752772,7.639362289165604,0.0002361763642375277,7.6393622891656054,0.9999999999999999,0.017043587004272463,-0.6110297807828585,-15.36877996102896,-0.6110297807828584,-31.097517933966913,-177.90024676406165
177.15857928964482,0.00023618116595204716,7.630672496840812,0.0002361811659520471,7.6306724968408135,0.9999999999999998,0.017043529754088797,-0.6103532830083906,-15.368809137376179,-0.6103532830083906,-31.097434459911494,-177.9025996584475
177.29864932466234,0.0002361859560404563,7.6219939318741785,0.0002361859560404563,7.6219939318741785,1.0,0.01704347264117031,-0.6096775965130902,-15.368838243866747,-0.6096775965130902,-31.097351187874587,-177.90494963434747
177.43871935967985,0.000236190734537804,7.613326568625626,0.000236190734537804,7.613326568625628,1.0,0.017043415665108915,-0.6090027196125433,-15.368867280707942,-0.6090027196125433,-31.097268117247637,-177.90729669809446
177.57878939469734,0.00023619550147900597,7.604670381532387,0.00023619550147900597,7.604670381532387,1.0,0.017043358825498043,-0.60832865062678,-15.368896248106264,-0.60832865062678,-31.09718524742432,-177.90964085600356
177.71885942971485,0.0002362002568988461,7.596025345108717,0.00023620025689884613,7.5960253451087185,1.0000000000000002,0.01704330212193262,-0.6076553878802613,-15.368925146267458,-0.6076553878802613,-31.097102577800662,-177.91198211437217
177.85892946473234,0.0002362050008319769,7.5873914339456014,0.00023620500083197687,7.5873914339456014,0.9999999999999999,0.017043245554009108,-0.606982929701863,-15.368953975396495,-0.606982929701863,-31.09702010777495,-177.91432047947993
177.99899949974986,0.00023620973331291972,7.578768622710481,0.0002362097333129197,7.578768622710479,0.9999999999999999,0.01704318912132545,-0.6063112744248647,-15.368982735697589,-0.6063112744248645,-31.09693783674773,-177.91665595758886
178.1390695347674,0.00023621445437606618,7.570156886146955,0.00023621445437606618,7.570156886146957,1.0,0.01704313282348108,-0.6056404203869343,-15.3690114273742,-0.6056404203869342,-31.096855764121827,-177.91898855494344
178.2791395697849,0.00023621916405567754,7.561556199074504,0.00023621916405567754,7.561556199074504,1.0,0.017043076660076924,-0.6049703659301161,-15.369040050629032,-0.6049703659301161,-31.096773889302277,-177.9213182777706
178.4192096048024,0.00023622386238588626,7.5529665363882135,0.00023622386238588626,7.552966536388212,1.0,0.01704302063071538,-0.6043011094008167,-15.36906860566405,-0.6043011094008168,-31.096692211696446,-177.92364513227983
178.55927963981992,0.0002362285494006964,7.544387873058475,0.00023622854940069643,7.544387873058475,1.0000000000000002,0.017042964735000332,-0.6036326491497911,-15.369097092680457,-0.6036326491497912,-31.096610730713813,-177.92596912466323
178.6993496748374,0.00023623322513398359,7.535820184130734,0.00023623322513398359,7.535820184130734,1.0,0.017042908972537102,-0.6029649835321302,-15.36912551187873,-0.6029649835321302,-31.096529445766187,-177.92829026109553
178.83941970985492,0.00023623788961949676,7.527263444725187,0.00023623788961949678,7.527263444725187,1.0000000000000002,0.017042853342932502,-0.6022981109072467,-15.369153863458587,-0.6022981109072467,-31.09644835626749,-177.9306085477342
178.9794897448724,0.0002362425428908575,7.518717630036516,0.00023624254289085746,7.518717630036516,0.9999999999999999,0.017042797845794794,-0.6016320296388623,-15.369182147619021,-0.6016320296388623,-31.096367461633886,-177.93292399071953
179.11955977988995,0.00023624718498156116,7.510182715333604,0.00023624718498156116,7.510182715333604,1.0,0.017042742480733657,-0.6009667380949946,-15.369210364558299,-0.6009667380949946,-31.096286761283793,-177.93523659617455
179.25962981490747,0.00023625181592497774,7.501658675959276,0.0002362518159249777,7.501658675959276,0.9999999999999999,0.017042687247360255,-0.6003022346479432,-15.36923851447394,-0.6003022346479432,-31.09620625463767,-177.93754637020527
179.39969984992496,0.00023625643575435185,7.493145487330016,0.00023625643575435185,7.4931454873300165,1.0,0.017042632145287145,-0.5996385176742778,-15.369266597562753,-0.5996385176742778,-31.09612594111828,-177.93985331890065
179.53976988494247,0.00023626104450280347,7.484643124935692,0.00023626104450280344,7.484643124935694,0.9999999999999999,0.017042577174128336,-0.5989755855548237,-15.369294614020813,-0.5989755855548238,-31.096045820150465,-177.94215744833258
179.67983991995996,0.000236265642203329,7.476151564339283,0.000236265642203329,7.476151564339283,1.0,0.01704252233349926,-0.5983134366746488,-15.369322564043472,-0.5983134366746488,-31.095965891161256,-177.94445876455612
179.81990995497748,0.00023627022888880086,7.467670781176625,0.00023627022888880086,7.467670781176625,1.0,0.017042467623016744,-0.5976520694230532,-15.369350447825383,-0.5976520694230532,-31.095886153579837,-177.9467572736094
179.959979989995,0.00023627480459196878,7.459200751156117,0.00023627480459196873,7.459200751156119,0.9999999999999998,0.01704241304229905,-0.5969914821935522,-15.36937826556046,-0.5969914821935522,-31.09580660683745,-177.94905298151374
180.1000500250125,0.00023627936934546043,7.450741450058489,0.00023627936934546043,7.450741450058487,1.0,0.01704235859096583,-0.5963316733838663,-15.369406017441921,-0.5963316733838663,-31.09572725036756,-177.95134589427371
180.24012006003002,0.00023628392318178108,7.442292853736495,0.00023628392318178108,7.442292853736494,1.0,0.017042304268638127,-0.5956726413959075,-15.369433703662276,-0.5956726413959074,-31.095648083605695,-177.95363601787713
180.38019009504754,0.00023628846613331516,7.433854938114676,0.00023628846613331519,7.433854938114674,1.0000000000000002,0.017042250074938377,-0.5950143846357657,-15.369461324413328,-0.5950143846357656,-31.09556910598945,-177.95592335829525
180.52026013006503,0.00023629299823232615,7.425427679189092,0.00023629299823232615,7.425427679189092,1.0,0.017042196009490414,-0.594356901513697,-15.36948887988617,-0.594356901513697,-31.09549031695858,-177.95820792148265
180.66033016508254,0.00023629751951095767,7.4170110530270446,0.0002362975195109577,7.4170110530270446,1.0000000000000002,0.017042142071919453,-0.5937001904441107,-15.369516370271201,-0.5937001904441107,-31.095411715954935,-177.9604897133774
180.80040020010003,0.00023630203000123322,7.408605035766832,0.00023630203000123324,7.408605035766832,1.0000000000000002,0.017042088261852058,-0.593044249845556,-15.369543795758137,-0.593044249845556,-31.095333302422347,-177.9627687399011
180.94047023511754,0.0002363065297350573,7.400209603617479,0.0002363065297350573,7.400209603617481,1.0,0.017042034578916173,-0.5923890781407103,-15.36957115653598,-0.5923890781407103,-31.09525507580681,-177.9650450069589
181.0805402701351,0.000236311018744216,7.3918247328584865,0.00023631101874421599,7.391824732858488,0.9999999999999999,0.017041981022741102,-0.5917346737563652,-15.36959845279306,-0.5917346737563652,-31.095177035556315,-177.96731852043965
181.22061030515258,0.0002363154970603772,7.3834503998395595,0.00023631549706037717,7.383450399839563,0.9999999999999999,0.01704192759295751,-0.591081035123415,-15.36962568471701,-0.591081035123415,-31.095099181120965,-177.96958928621572
181.3606803401701,0.0002363199647150913,7.375086580980361,0.00023631996471509128,7.375086580980359,0.9999999999999999,0.017041874289197408,-0.5904281606768443,-15.36965285249478,-0.5904281606768443,-31.095021511952837,-177.97185731014343
181.50075037518758,0.00023632442173979147,7.366733252770257,0.00023632442173979147,7.366733252770257,1.0,0.01704182111109415,-0.5897760488557146,-15.369679956312641,-0.5897760488557146,-31.094944027506077,-177.97412259806273
181.6408204102051,0.00023632886816579452,7.358390391768045,0.00023632886816579452,7.358390391768044,1.0,0.01704176805828242,-0.5891246981031524,-15.369706996356188,-0.5891246981031524,-31.094866727236827,-177.9763851557975
181.7808904452226,0.00023633330402430118,7.350057974601726,0.00023633330402430118,7.350057974601728,1.0,0.017041715130398236,-0.588474106866337,-15.369733972810337,-0.588474106866337,-31.094789610603275,-177.97864498915547
181.9209604802401,0.00023633772934639685,7.341735977968234,0.00023633772934639687,7.3417359779682325,1.0000000000000002,0.01704166232707896,-0.5878242735964873,-15.369760885859336,-0.5878242735964871,-31.094712677065584,-177.98090210392834
182.0610305152576,0.00023634214416305162,7.33342437863318,0.00023634214416305162,7.33342437863318,1.0,0.017041609647963248,-0.5871751967488502,-15.36978773568676,-0.5871751967488502,-31.094635926085928,-177.98315650589183
182.20110055027516,0.00023634654850512139,7.325123153430617,0.00023634654850512136,7.325123153430617,0.9999999999999999,0.01704155709269109,-0.5865268747826878,-15.36981452247552,-0.5865268747826878,-31.09455935712849,-177.98540820080575
182.34117058529264,0.00023635094240334798,7.316832279262798,0.00023635094240334796,7.316832279262798,0.9999999999999999,0.017041504660903775,-0.5858793061612668,-15.369841246407862,-0.5858793061612668,-31.094482969659346,-177.98765719441394
182.48124062031016,0.00023635532588835962,7.308551733099876,0.00023635532588835962,7.308551733099878,1.0,0.017041452352243892,-0.5852324893518424,-15.369867907665373,-0.5852324893518424,-31.094406763146626,-177.98990349244448
182.62131065532765,0.000236359698990672,7.300281491979734,0.000236359698990672,7.3002814919797325,1.0,0.01704140016635535,-0.584586422825651,-15.369894506428976,-0.5845864228256511,-31.094330737060396,-177.99214710060969
182.76138069034516,0.0002363640617406876,7.2920215330076745,0.0002363640617406876,7.292021533007675,1.0,0.017041348102883307,-0.5839411050578946,-15.369921042878955,-0.5839411050578946,-31.094254890872683,-177.99438802460602
182.90145072536268,0.00023636841416869767,7.283771833356203,0.0002363684141686977,7.283771833356202,1.0000000000000002,0.01704129616147426,-0.5832965345277299,-15.369947517194927,-0.5832965345277299,-31.094179224057406,-177.99662627011443
183.04152076038017,0.00023637275630488134,7.275532370264784,0.00023637275630488134,7.2755323702647825,1.0,0.017041244341775938,-0.5826527097182556,-15.36997392955586,-0.5826527097182556,-31.09410373609048,-177.99886184280018
183.1815907953977,0.00023637708817930746,7.267303121039591,0.00023637708817930743,7.267303121039591,0.9999999999999999,0.017041192643437387,-0.5820096291165021,-15.370000280140083,-0.5820096291165021,-31.094028426449746,-178.0010947483129
183.32166083041523,0.00023638140982193344,7.25908406305326,0.00023638140982193341,7.259084063053262,0.9999999999999999,0.017041141066108892,-0.5813672912134179,-15.370026569125276,-0.5813672912134178,-31.093953294614888,-178.00332499228682
183.4617308654327,0.00023638572126260748,7.250875173744676,0.00023638572126260745,7.250875173744676,0.9999999999999999,0.017041089609442023,-0.5807256945038577,-15.370052796688478,-0.5807256945038577,-31.093878340067565,-178.00555258034055
183.60180090045023,0.00023639002253106778,7.242676430618686,0.00023639002253106773,7.242676430618688,0.9999999999999998,0.017041038273089594,-0.5800848374865711,-15.370078963006097,-0.5800848374865711,-31.093803562291367,-178.00777751807746
183.74187093546772,0.00023639431365694345,7.234487811245903,0.00023639431365694345,7.234487811245905,1.0,0.01704098705670567,-0.5794447186641916,-15.370105068253899,-0.5794447186641916,-31.093728960771678,-178.00999981108544
183.88194097048523,0.00023639859466975527,7.2263092932624415,0.00023639859466975525,7.2263092932624415,0.9999999999999999,0.017040935959945585,-0.5788053365432216,-15.370131112607016,-0.5788053365432216,-31.093654534995835,-178.01221946493703
184.02201100550275,0.00023640286559891568,7.218140854369706,0.00023640286559891568,7.218140854369706,1.0,0.0170408849824659,-0.5781666896340252,-15.37015709623995,-0.5781666896340252,-31.093580284453076,-178.01443648518966
184.16208104052026,0.00023640712647372966,7.209982472334128,0.00023640712647372966,7.209982472334128,1.0,0.017040834123924424,-0.5775287764508124,-15.370183019326578,-0.5775287764508124,-31.093506208634395,-178.01665087738542
184.30215107553778,0.00023641137732339473,7.20183412498694,0.0002364113773233947,7.20183412498694,0.9999999999999999,0.01704078338398018,-0.5768915955116297,-15.370208882040155,-0.5768915955116297,-31.093432307032774,-178.0188626470513
184.44222111055527,0.00023641561817700188,7.193695790223961,0.00023641561817700185,7.193695790223961,0.9999999999999999,0.017040732762293433,-0.576255145338348,-15.370234684553312,-0.576255145338348,-31.093358579142972,-178.02107179969911
184.58229114557278,0.00023641984906353595,7.185567446005326,0.00023641984906353598,7.185567446005325,1.0000000000000002,0.01704068225852567,-0.5756194244566498,-15.370260427038055,-0.5756194244566498,-31.093285024461615,-178.02327834082567
184.7223611805903,0.00023642407001187577,7.177449070355292,0.00023642407001187577,7.177449070355293,1.0,0.01704063187233959,-0.5749844313960196,-15.370286109665779,-0.5749844313960195,-31.093211642487173,-178.0254822759128
184.86243121560778,0.00023642828105079492,7.169340641361993,0.0002364282810507949,7.169340641361992,0.9999999999999999,0.0170405816033991,-0.5743501646897315,-15.370311732607263,-0.5743501646897315,-31.09313843271991,-178.02768361042726
185.0025012506253,0.00023643248220896218,7.161242137177191,0.00023643248220896218,7.161242137177191,1.0,0.017040531451369325,-0.5737166228748368,-15.370337296032675,-0.5737166228748368,-31.093065394661927,-178.02988234982104
185.14257128564284,0.00023643667351494181,7.153153536016076,0.00023643667351494184,7.153153536016075,1.0000000000000002,0.01704048141591658,-0.5730838044921533,-15.370362800111575,-0.5730838044921533,-31.092992527817152,-178.03207849953105
185.28264132066033,0.0002364408549971942,7.14507481615703,0.00023644085499719423,7.145074816157031,1.0000000000000002,0.017040431496708364,-0.5724517080862548,-15.370388245012915,-0.5724517080862548,-31.09291983169134,-178.03427206497966
185.42271135567785,0.00023644502668407615,7.13700595594139,0.00023644502668407615,7.137005955941391,1.0,0.017040381693413407,-0.5718203322054575,-15.370413630905041,-0.5718203322054575,-31.092847305791924,-178.0364630515743
185.56278139069533,0.0002364491886038414,7.128946933773228,0.00023644918860384143,7.128946933773228,1.0000000000000002,0.01704033200570158,-0.5711896754018108,-15.370438957955708,-0.5711896754018108,-31.09277494962829,-178.0386514647077
185.70285142571285,0.00023645334078464122,7.120897728119128,0.00023645334078464125,7.120897728119127,1.0000000000000002,0.017040282433243972,-0.5705597362310848,-15.370464226332054,-0.5705597362310848,-31.092702762711504,-178.0408373097579
185.84292146073037,0.00023645748325452437,7.112858317507962,0.00023645748325452434,7.112858317507961,0.9999999999999999,0.017040232975712808,-0.5699305132527598,-15.370489436200645,-0.5699305132527599,-31.092630744554413,-178.04302059208845
185.98299149574785,0.00023646161604143841,7.1048286805306695,0.00023646161604143847,7.104828680530668,1.0000000000000002,0.01704018363278153,-0.5693020050300135,-15.370514587727424,-0.5693020050300135,-31.092558894671637,-178.0452013170482
186.1230615307654,0.00023646573917322907,7.096808795840019,0.0002364657391732291,7.096808795840016,1.0000000000000002,0.0170401344041247,-0.5686742101297119,-15.370539681077773,-0.5686742101297119,-31.092487212579556,-178.04737948997152
186.26313156578288,0.0002364698526776417,7.0887986421504126,0.00023646985267764166,7.0887986421504126,0.9999999999999998,0.01704008528941808,-0.568047127122397,-15.37056471641646,-0.568047127122397,-31.092415697796323,-178.04955511617828
186.4032016008004,0.00023647395658232064,7.080798198237641,0.00023647395658232064,7.08079819823764,1.0,0.017040036288338552,-0.5674207545822754,-15.37058969390769,-0.5674207545822753,-31.09234434984181,-178.051728200974
186.54327163581792,0.0002364780509148109,7.072807442938692,0.00023647805091481092,7.072807442938693,1.0000000000000002,0.01703998740056419,-0.566795091087208,-15.37061461371506,-0.5667950910872079,-31.092273168237632,-178.05389874964968
186.6833416708354,0.0002364821357025573,7.0648263551514985,0.00023648213570255734,7.064826355151498,1.0000000000000002,0.017039938625774166,-0.5661701352186985,-15.37063947600161,-0.5661701352186984,-31.0922021525071,-178.05606676748215
186.82341170585292,0.00023648621097290627,7.056854913834744,0.00023648621097290627,7.056854913834744,1.0,0.01703988996364884,-0.5655458855618816,-15.370664280929782,-0.5655458855618816,-31.092131302175293,-178.05823225973387
186.96348174087044,0.0002364902767531048,7.048893098007644,0.00023649027675310473,7.048893098007646,0.9999999999999998,0.017039841413869675,-0.564922340705514,-15.370689028661458,-0.564922340705514,-31.092060616768972,-178.06039523165302
187.10355177588792,0.00023649433307030226,7.0409408867497305,0.00023649433307030223,7.0409408867497305,0.9999999999999999,0.01703979297611929,-0.5642994992419625,-15.370713719357918,-0.5642994992419625,-31.091990095816634,-178.06255568847365
187.24362181090547,0.00023649837995154941,7.032998259200619,0.00023649837995154941,7.032998259200619,1.0,0.0170397446500814,-0.5636773597671918,-15.370738353179913,-0.5636773597671917,-31.0919197388484,-178.06471363541564
187.38369184592295,0.00023650241742380037,7.025065194559825,0.00023650241742380037,7.025065194559825,1.0,0.017039696435440867,-0.5630559208807553,-15.370762930287592,-0.5630559208807553,-31.091849545396215,-178.0668690776848
187.52376188094047,0.00023650644551391177,7.017141672086525,0.0002365064455139118,7.017141672086523,1.0000000000000002,0.017039648331883674,-0.5624351811857838,-15.370787450840545,-0.5624351811857838,-31.091779514993565,-178.06902202047286
187.66383191595799,0.00023651046424864368,7.009227671099362,0.0002365104642486437,7.009227671099361,1.0000000000000002,0.017039600339096895,-0.5618151392889745,-15.370811914997804,-0.5618151392889744,-31.09170964717571,-178.0711724689575
187.80390195097547,0.00023651447365466026,7.001323170976229,0.00023651447365466029,7.001323170976229,1.0000000000000002,0.017039552456768733,-0.5611957938005807,-15.370836322917832,-0.5611957938005807,-31.09163994147955,-178.07332042830257
187.943971985993,0.00023651847375852963,6.993428151154047,0.00023651847375852963,6.9934281511540455,1.0,0.017039504684588484,-0.5605771433343998,-15.370860674758536,-0.5605771433343998,-31.091570397443586,-178.07546590365786
188.08404202101048,0.00023652246458672445,6.985542591128575,0.0002365224645867244,6.985542591128575,0.9999999999999998,0.017039457022246532,-0.5599591865077648,-15.370884970677267,-0.5599591865077648,-31.091501014608095,-178.0776089001593
188.22411205602802,0.00023652644616562284,6.977666470454191,0.00023652644616562287,6.9776664704541895,1.0000000000000002,0.01703940946943438,-0.5593419219415311,-15.370909210830824,-0.5593419219415311,-31.091431792514904,-178.07974942292915
188.36418209104554,0.0002365304185215079,6.969799768743687,0.0002365304185215079,6.969799768743685,1.0,0.017039362025844596,-0.5587253482600687,-15.370933395375442,-0.5587253482600687,-31.0913627307075,-178.08188747707572
188.50425212606302,0.00023653438168056906,6.961942465668055,0.0002365343816805691,6.961942465668054,1.0000000000000002,0.01703931469117086,-0.5581094640912482,-15.37095752446681,-0.5581094640912483,-31.09129382873105,-178.08402306769366
188.64432216108054,0.00023653833566890148,6.954094540956296,0.00023653833566890148,6.954094540956298,1.0,0.0170392674651079,-0.557494268066434,-15.370981598260084,-0.557494268066434,-31.091225086132308,-178.08615619986392
188.78439219609805,0.00023654228051250752,6.946255974395205,0.00023654228051250752,6.946255974395205,1.0,0.017039220347351548,-0.5568797588204706,-15.37100561690985,-0.5568797588204705,-31.09115650245965,-178.08828687865378
188.92446223111554,0.0002365462162372962,6.938426745829166,0.00023654621623729616,6.938426745829167,0.9999999999999998,0.01703917333759869,-0.556265934991674,-15.371029580570166,-0.556265934991674,-31.09108807726306,-178.09041510911698
189.06453226613306,0.00023655014286908416,6.930606835159948,0.0002365501428690842,6.9306068351599475,1.0000000000000002,0.01703912643554728,-0.5556527952218204,-15.371053489394555,-0.5556527952218205,-31.09101981009415,-178.09254089629363
189.20460230115057,0.00023655406043359588,6.922796222346522,0.0002365540604335959,6.92279622234652,1.0000000000000002,0.017039079640896352,-0.555040338156137,-15.371077343535976,-0.555040338156137,-31.090951700506103,-178.09466424521037
189.3446723361681,0.000236557968956464,6.914994887404821,0.000236557968956464,6.914994887404821,1.0,0.017039032953345978,-0.5544285624432893,-15.371101143146879,-0.5544285624432893,-31.09088374805375,-178.09678516088036
189.4847423711856,0.0002365618684632298,6.907202810407577,0.0002365618684632298,6.907202810407576,1.0,0.01703898637259729,-0.5538174667353729,-15.371124888379166,-0.5538174667353729,-31.090815952293433,-178.09890364830335
189.6248124062031,0.00023656575897934362,6.899419971484108,0.00023656575897934362,6.8994199714841065,1.0,0.01703893989835247,-0.5532070496879035,-15.371148579384206,-0.5532070496879035,-31.090748312783102,-178.1010197124657
189.7648824412206,0.00023656964053016515,6.891646350820106,0.00023656964053016518,6.891646350820104,1.0000000000000002,0.01703889353031474,-0.5525973099598034,-15.371172216312843,-0.5525973099598033,-31.090680829082334,-178.10313335834041
189.9049524762381,0.0002365735131409641,6.883881928657457,0.0002365735131409641,6.883881928657457,1.0,0.017038847268188377,-0.551988246213395,-15.37119579931539,-0.551988246213395,-31.090613500752173,-178.1052445908872
190.0450225112556,0.00023657737683691993,6.876126685294039,0.0002365773768369199,6.876126685294038,0.9999999999999999,0.01703880111167868,-0.5513798571143891,-15.371219328541635,-0.5513798571143891,-31.0905463273553,-178.10735341505256
190.18509254627315,0.00023658123164312295,6.868380601083515,0.00023658123164312293,6.8683806010835164,0.9999999999999999,0.017038755060491975,-0.5507721413318741,-15.371242804140849,-0.5507721413318742,-31.09047930845593,-178.1094598357698
190.32516258129064,0.00023658507758457438,6.86064365643515,0.00023658507758457438,6.86064365643515,1.0,0.01703870911433563,-0.550165097538307,-15.371266226261769,-0.550165097538307,-31.090412443619798,-178.1115638579589
190.46523261630816,0.00023658891468618663,6.852915831813614,0.00023658891468618663,6.852915831813614,1.0,0.017038663272918038,-0.5495587244095016,-15.371289595052621,-0.5495587244095017,-31.0903457324142,-178.11366548652694
190.60530265132567,0.00023659274297278381,6.845197107738783,0.0002365927429727838,6.845197107738785,0.9999999999999999,0.017038617535948593,-0.5489530206246215,-15.371312910661118,-0.5489530206246215,-31.090279174407943,-178.11576472636776
190.74537268634316,0.00023659656246910221,6.837487464785548,0.00023659656246910224,6.837487464785548,1.0000000000000002,0.017038571903137723,-0.5483479848661662,-15.371336173234447,-0.5483479848661663,-31.090212769171416,-178.11786158236225
190.88544272136068,0.0002366003731997903,6.829786883583625,0.00023660037319979028,6.829786883583626,0.9999999999999999,0.017038526374196845,-0.5477436158199649,-15.371359382919294,-0.547743615819965,-31.090146516276462,-178.11995605937827
191.02551275637816,0.00023660417518940957,6.822095344817358,0.0002366041751894096,6.822095344817356,1.0000000000000002,0.017038480948838402,-0.5471399121751632,-15.37138253986183,-0.5471399121751631,-31.090080415296477,-178.12204816227072
191.1655827913957,0.00023660796846243468,6.81441282922553,0.00023660796846243466,6.81441282922553,0.9999999999999999,0.017038435626775834,-0.5465368726242154,-15.371405644207716,-0.5465368726242152,-31.090014465806355,-178.1241378958816
191.30565282641322,0.00023661175304325364,6.806739317601181,0.00023661175304325366,6.806739317601179,1.0000000000000002,0.017038390407723578,-0.5459344958628736,-15.371428696102107,-0.5459344958628736,-31.08994866738248,-178.12622526504003
191.4457228614307,0.00023661552895616852,6.799074790791408,0.00023661552895616852,6.7990747907914075,1.0,0.017038345291397056,-0.5453327805901783,-15.371451695689656,-0.5453327805901783,-31.089883019602734,-178.12831027456232
191.58579289644823,0.00023661929622539535,6.791419229697178,0.00023661929622539532,6.791419229697178,0.9999999999999999,0.017038300277512693,-0.5447317255084483,-15.37147464311451,-0.5447317255084483,-31.089817522046516,-178.130392929252
191.7258629314657,0.00023662305487506534,6.783772615273147,0.00023662305487506534,6.783772615273148,1.0,0.01703825536578789,-0.5441313293232709,-15.371497538520325,-0.5441313293232709,-31.089752174294667,-178.13247323389976
191.86593296648323,0.00023662680492922395,6.776134928527466,0.00023662680492922392,6.776134928527468,0.9999999999999999,0.017038210555941034,-0.5435315907434921,-15.371520382050246,-0.5435315907434921,-31.08968697592953,-178.13455119328373
192.00600300150074,0.00023663054641183254,6.768506150521605,0.00023663054641183252,6.768506150521604,0.9999999999999999,0.0170381658476915,-0.5429325084812073,-15.37154317384693,-0.5429325084812073,-31.08962192653489,-178.1366268121693
192.14607303651826,0.000236634279346768,6.760886262370148,0.000236634279346768,6.760886262370147,1.0,0.017038121240759613,-0.5423340812517512,-15.371565914052546,-0.5423340812517512,-31.08955702569604,-178.13870009530922
192.28614307153578,0.0002366380037578232,6.753275245240628,0.0002366380037578232,6.753275245240628,1.0,0.017038076734866694,-0.541736307773687,-15.37158860280875,-0.541736307773687,-31.089492272999664,-178.1407710474437
192.4262131065533,0.00023664171966870725,6.745673080353333,0.00023664171966870725,6.745673080353334,1.0,0.017038032329734998,-0.5411391867687999,-15.371611240256737,-0.5411391867687999,-31.089427668033977,-178.1428396733004
192.56628314157078,0.0002366454271030465,6.73807974898114,0.0002366454271030465,6.738079748981139,1.0,0.017037988025087773,-0.5405427169620846,-15.371633826537192,-0.5405427169620847,-31.089363210388598,-178.14490597759442
192.7063531765883,0.0002366491260843837,6.730495232449289,0.00023664912608438373,6.7304952324492895,1.0000000000000002,0.017037943820649198,-0.5399468970817358,-15.371656361790329,-0.5399468970817358,-31.089298899654562,-178.1469699650285
192.84642321160578,0.00023665281663617964,6.722919512135259,0.00023665281663617964,6.72291951213526,1.0,0.017037899716144434,-0.5393517258591408,-15.37167884615586,-0.5393517258591407,-31.08923473542435,-178.1490316402929
192.9864932466233,0.00023665649878181248,6.715352569468546,0.00023665649878181245,6.715352569468546,0.9999999999999999,0.017037855711299565,-0.5387572020288678,-15.37170127977303,-0.5387572020288678,-31.08917071729192,-178.15109100806544
193.12656328164084,0.0002366601725445788,6.707794385930494,0.00023666017254457878,6.707794385930494,0.9999999999999999,0.017037811805841633,-0.538163324328658,-15.371723662780605,-0.5381633243286581,-31.089106844852587,-178.15314807301175
193.26663331665833,0.00023666383794769362,6.700244943054128,0.00023666383794769365,6.700244943054128,1.0000000000000002,0.01703776799949864,-0.5375700914994154,-15.37174599531686,-0.5375700914994154,-31.089043117703127,-178.15520283978498
193.40670335167584,0.00023666749501429044,6.692704222423956,0.0002366674950142904,6.692704222423954,0.9999999999999999,0.017037724291999474,-0.5369775022851967,-15.371768277519616,-0.5369775022851967,-31.08897953544168,-178.15725531302618
193.54677338669333,0.00023667114376742216,6.685172205675802,0.00023667114376742213,6.685172205675804,0.9999999999999999,0.017037680683074007,-0.5363855554332037,-15.371790509526196,-0.5363855554332037,-31.088916097667827,-178.1593054973641
193.68684342171085,0.00023667478423006135,6.677648874496627,0.00023667478423006135,6.677648874496627,1.0,0.01703763717245303,-0.5357942496937718,-15.371812691473464,-0.5357942496937719,-31.088852803982505,-178.1613533974153
193.82691345672836,0.00023667841642509993,6.670134210624354,0.0002366784164250999,6.670134210624354,0.9999999999999999,0.01703759375986825,-0.5352035838203625,-15.371834823497812,-0.5352035838203625,-31.08878965398813,-178.16339901778414
193.96698349174585,0.00023668204037535052,6.66262819584769,0.00023668204037535052,6.662628195847691,1.0,0.017037550445052296,-0.5346135565695531,-15.371856905735164,-0.5346135565695531,-31.088726647288397,-178.16544236306305
194.10705352676337,0.00023668565610354559,6.655130812005954,0.00023668565610354559,6.655130812005954,1.0,0.017037507227738728,-0.5340241667010283,-15.371878938320974,-0.5340241667010283,-31.08866378348847,-178.16748343783217
194.2471235617809,0.00023668926363233905,6.647642040988893,0.00023668926363233905,6.647642040988893,1.0,0.01703746410766202,-0.5334354129775695,-15.371900921390234,-0.5334354129775695,-31.088601062194797,-178.1695222466598
194.3871935967984,0.00023669286298430548,6.64016186473653,0.00023669286298430545,6.640161864736531,0.9999999999999999,0.017037421084557546,-0.5328472941650471,-15.371922855077479,-0.532847294165047,-31.088538483015284,-178.17155879410217
194.5272636318159,0.0002366964541819413,6.632690265238959,0.0002366964541819413,6.63269026523896,1.0,0.017037378158161594,-0.5322598090324102,-15.371944739516776,-0.5322598090324102,-31.088476045559123,-178.17359308470347
194.6673336668334,0.00023670003724766435,6.625227224536207,0.0002367000372476644,6.625227224536207,1.0000000000000002,0.017037335328211358,-0.5316729563516787,-15.371966574841736,-0.5316729563516785,-31.088413749436953,-178.1756251229962
194.80740370185092,0.00023670361220381488,6.617772724718035,0.00023670361220381488,6.617772724718037,1.0,0.017037292594444933,-0.5310867348979322,-15.371988361185513,-0.5310867348979322,-31.088351594260693,-178.17765491350073
194.94747373686843,0.00023670717907265548,6.6103267479237875,0.00023670717907265545,6.6103267479237875,0.9999999999999999,0.017037249956601306,-0.5305011434493041,-15.372010098680807,-0.5305011434493041,-31.088289579643607,-178.17968246072573
195.08754377188592,0.00023671073787637155,6.602889276342214,0.00023671073787637155,6.602889276342214,1.0,0.017037207414420365,-0.5299161807869692,-15.372031787459857,-0.5299161807869692,-31.088227705200318,-178.1817077691681
195.22761380690346,0.00023671428863707153,6.595460292211287,0.00023671428863707153,6.595460292211287,1.0,0.01703716496764287,-0.5293318456951361,-15.372053427654468,-0.5293318456951361,-31.088165970546825,-178.1837308433129
195.36768384192095,0.0002367178313767872,6.5880397778180635,0.00023671783137678713,6.588039777818065,0.9999999999999998,0.017037122616010494,-0.5287481369610392,-15.372075019395979,-0.5287481369610391,-31.088104375300418,-178.1857516876335
195.50775387693847,0.00023672136611747424,6.580627715498487,0.00023672136611747424,6.580627715498488,1.0,0.017037080359265776,-0.5281650533749274,-15.372096562815283,-0.5281650533749273,-31.08804291907965,-178.18777030659155
195.64782391195598,0.0002367248928810121,6.573224087637238,0.00023672489288101213,6.573224087637235,1.0000000000000002,0.017037038197152125,-0.5275825937300582,-15.372118058042838,-0.5275825937300582,-31.087981601504513,-178.18978670463707
195.78789394697347,0.00023672841168920474,6.565828876667556,0.00023672841168920474,6.565828876667556,1.0,0.01703699612941384,-0.5270007568226853,-15.372139505208652,-0.5270007568226853,-31.087920422196248,-178.1918008862085
195.92796398199098,0.00023673192256378083,6.558442065071087,0.00023673192256378086,6.558442065071085,1.0000000000000002,0.017036954155796084,-0.5264195414520532,-15.372160904442289,-0.5264195414520533,-31.087859380777395,-178.19381285573266
196.0680340170085,0.00023673542552639387,6.551063635377711,0.00023673542552639387,6.551063635377711,1.0,0.017036912276044897,-0.5258389464203856,-15.37218225587287,-0.5258389464203858,-31.087798476871814,-178.1958226176248
196.20810405202602,0.00023673892059862287,6.54369357016537,0.0002367389205986229,6.54369357016537,1.0000000000000002,0.017036870489907176,-0.5252589705328782,-15.372203559629082,-0.5252589705328782,-31.08773771010469,-178.1978301762887
196.34817408704353,0.00023674240780197198,6.536331852059919,0.00023674240780197195,6.53633185205992,0.9999999999999999,0.017036828797130674,-0.5246796125976897,-15.372224815839177,-0.5246796125976897,-31.087677080102402,-178.19983553611678
196.48824412206102,0.00023674588715787167,6.52897846373495,0.00023674588715787167,6.5289784637349495,1.0,0.01703678719746402,-0.5241008714259321,-15.372246024630966,-0.5241008714259321,-31.087616586492743,-178.2018387014898
196.62831415707853,0.00023674935868767854,6.521633387911634,0.00023674935868767854,6.521633387911636,1.0,0.017036745690656666,-0.5235227458316625,-15.372267186131834,-0.5235227458316625,-31.087556228904702,-178.20383967677736
196.76838419209605,0.0002367528224126755,6.514296607358566,0.00023675282241267544,6.514296607358565,0.9999999999999998,0.017036704276458953,-0.5229452346318757,-15.372288300468725,-0.5229452346318757,-31.087496006968568,-178.2058384663375
196.90845422711354,0.00023675627835407224,6.506968104891595,0.0002367562783540722,6.5069681048915955,0.9999999999999999,0.017036662954622035,-0.5223683366464935,-15.372309367768155,-0.5223683366464935,-31.087435920315922,-178.20783507451708
197.04852426213105,0.00023675972653300576,6.4996478633736565,0.00023675972653300578,6.4996478633736565,1.0000000000000002,0.01703662172489793,-0.521792050698357,-15.372330388156229,-0.5217920506983571,-31.087375968579547,-178.20982950565164
197.1885942971486,0.00023676316697054066,6.4923358657146375,0.0002367631669705407,6.4923358657146375,1.0000000000000002,0.017036580587039503,-0.5212163756132182,-15.37235136175859,-0.5212163756132183,-31.087316151393555,-178.21182176406543
197.32866433216608,0.00023676659968766846,6.4850320948711895,0.00023676659968766846,6.48503209487119,1.0,0.017036539540800418,-0.5206413102197309,-15.372372288700497,-0.520641310219731,-31.087256468393303,-178.21381185407148
197.4687343671836,0.00023677002470530944,6.4777365338465875,0.00023677002470530944,6.4777365338465875,1.0,0.017036498585935218,-0.5200668533494428,-15.372393169106754,-0.5200668533494428,-31.087196919215373,-178.21579977997175
197.6088044022011,0.00023677344204431174,6.47044916569057,0.00023677344204431176,6.47044916569057,1.0000000000000002,0.01703645772219925,-0.519493003836786,-15.372414003101762,-0.519493003836786,-31.087137503497576,-178.21778554605686
197.7488744372186,0.0002367768517254524,6.46316997349916,0.00023677685172545244,6.46316997349916,1.0000000000000002,0.017036416949348696,-0.518919760519069,-15.372434790809494,-0.5189197605190689,-31.087078220879025,-178.2197691566065
197.88894447223612,0.00023678025376943702,6.4558989404145475,0.00023678025376943702,6.455898940414548,1.0,0.017036376267140555,-0.5183471222364691,-15.372455532353511,-0.5183471222364691,-31.08701907099999,-178.22175061588922
198.0290145072536,0.00023678364819690046,6.448636049624906,0.0002367836481969005,6.448636049624906,1.0000000000000002,0.01703633567533265,-0.5177750878320229,-15.372476227856955,-0.5177750878320228,-31.08696005350207,-178.22372992816253
198.16908454227115,0.00023678703502840723,6.4413812843642315,0.00023678703502840725,6.44138128436423,1.0000000000000002,0.01703629517368364,-0.5172036561516175,-15.372496877442543,-0.5172036561516175,-31.086901168027943,-178.22570709767288
198.30915457728864,0.00023679041428445127,6.434134627912213,0.00023679041428445127,6.434134627912213,1.0,0.01703625476195296,-0.5166328260439838,-15.372517481232599,-0.5166328260439838,-31.086842414221675,-178.22768212865586
198.44922461230615,0.0002367937859854567,6.426896063594061,0.00023679378598545669,6.426896063594059,0.9999999999999999,0.017036214439900887,-0.5160625963606859,-15.37253803934902,-0.5160625963606859,-31.086783791728454,-178.22965502533603
198.58929464732367,0.0002367971501517779,6.4196655747803515,0.00023679715015177788,6.419665574780353,0.9999999999999999,0.017036174207288483,-0.5154929659561155,-15.3725585519133,-0.5154929659561154,-31.086725300194637,-178.23162579192712
198.72936468234116,0.0002368005068037001,6.4124431448868835,0.0002368005068037001,6.412443144886884,1.0,0.01703613406387764,-0.51492393368748,-15.372579019046524,-0.51492393368748,-31.086666939267886,-178.23359443263195
198.86943471735867,0.0002368038559614389,6.405228757374524,0.00023680385596143888,6.405228757374524,0.9999999999999999,0.017036094009431013,-0.5143554984147989,-15.372599440869372,-0.5143554984147989,-31.086608708596994,-178.23556095164247
199.0095047523762,0.00023680719764514145,6.398022395749051,0.0002368071976451415,6.398022395749053,1.0000000000000002,0.017036054043712105,-0.5137876590008907,-15.37261981750211,-0.5137876590008907,-31.08655060783201,-178.23752535313994
199.14957478739368,0.00023681053187488623,6.390824043561001,0.00023681053187488626,6.390824043560999,1.0000000000000002,0.017036014166485154,-0.5132204143113682,-15.372640149064624,-0.5132204143113683,-31.086492636624065,-178.23948764129477
199.28964482241122,0.0002368138586706835,6.383633684405529,0.00023681385867068352,6.383633684405528,1.0000000000000002,0.017035974377515244,-0.5126537632146285,-15.372660435676366,-0.5126537632146285,-31.086434794625596,-178.24144782026664
199.4297148574287,0.00023681717805247533,6.376451301922253,0.0002368171780524753,6.376451301922255,0.9999999999999999,0.017035934676568214,-0.5120877045818457,-15.372680677456414,-0.5120877045818457,-31.086377081490134,-178.24340589420453
199.56978489244622,0.00023682049004013618,6.3692768797951,0.00023682049004013613,6.369276879795102,0.9999999999999998,0.017035895063410696,-0.5115222372869624,-15.372700874523435,-0.5115222372869623,-31.08631949687247,-178.24536186724686
199.70985492746374,0.0002368237946534732,6.362110401752162,0.00023682379465347317,6.362110401752162,0.9999999999999999,0.01703585553781011,-0.5109573602066811,-15.372721026995704,-0.5109573602066811,-31.086262040428476,-178.24731574352128
199.84992496248123,0.00023682709191222601,6.354951851565546,0.000236827091912226,6.354951851565544,0.9999999999999999,0.01703581609953465,-0.5103930722204575,-15.372741134991097,-0.5103930722204574,-31.086204711815228,-178.2492675271449
199.98999499749874,0.0002368303818360675,6.347801213051232,0.00023683038183606748,6.347801213051232,0.9999999999999999,0.017035776748353274,-0.5098293722104911,-15.372761198627105,-0.5098293722104911,-31.086147510691013,-178.25121722222426
200.13006503251623,0.000236833664444604,6.340658470068918,0.000236833664444604,6.3406584700689175,1.0,0.017035737484035734,-0.509266259061718,-15.372781218020817,-0.5092662590617179,-31.08609043671517,-178.2531648328554
200.27013506753377,0.0002368369397573753,6.333523606521874,0.0002368369397573753,6.333523606521873,1.0,0.017035698306352536,-0.5087037316618015,-15.372801193288934,-0.5087037316618015,-31.086033489548278,-178.25511036312383
200.4102051025513,0.00023684020779385522,6.326396606356801,0.00023684020779385522,6.326396606356801,1.0,0.01703565921507496,-0.508141788901126,-15.372821124547771,-0.508141788901126,-31.085976668852044,-178.25705381710458
200.55027513756878,0.00023684346857345161,6.319277453563695,0.00023684346857345164,6.319277453563694,1.0000000000000002,0.017035620209975046,-0.5075804296727894,-15.372841011913252,-0.5075804296727894,-31.08591997428928,-178.2589951988623
200.6903451725863,0.00023684672211550688,6.312166132175669,0.00023684672211550688,6.312166132175669,1.0,0.01703558129082559,-0.5070196528725917,-15.372860855500921,-0.5070196528725917,-31.08586340552399,-178.26093451245117
200.8304152076038,0.0002368499684392982,6.305062626268848,0.00023684996843929823,6.305062626268848,1.0000000000000002,0.017035542457400164,-0.5064594573990301,-15.372880655425924,-0.5064594573990301,-31.08580696222129,-178.26287176191508
200.9704852426213,0.00023685320756403725,6.2979669199622075,0.00023685320756403728,6.297966919962206,1.0000000000000002,0.017035503709473057,-0.5058998421532918,-15.37290041180305,-0.5058998421532918,-31.0857506440474,-178.2648069512875
201.1105552776388,0.0002368564395088716,6.290878997417422,0.00023685643950887157,6.2908789974174235,0.9999999999999999,0.01703546504681936,-0.505340806039243,-15.372920124746672,-0.5053408060392431,-31.085694450669706,-178.26674008459173
201.25062531265633,0.00023685966429288355,6.28379884283874,0.00023685966429288355,6.28379884283874,1.0,0.017035426469214857,-0.5047823479634241,-15.372939794370817,-0.5047823479634241,-31.085638381756688,-178.2686711658406
201.39069534767384,0.0002368628819350918,6.276726440472835,0.00023686288193509178,6.276726440472836,0.9999999999999999,0.017035387976436125,-0.5042244668350397,-15.37295942078911,-0.5042244668350397,-31.08558243697793,-178.27060019903686
201.53076538269136,0.00023686609245445058,6.269661774608656,0.00023686609245445058,6.2696617746086565,1.0,0.017035349568260454,-0.5036671615659525,-15.372979004114809,-0.5036671615659526,-31.085526616004188,-178.27252718817297
201.67083541770884,0.00023686929586985074,6.262604829577303,0.00023686929586985077,6.262604829577302,1.0000000000000002,0.017035311244465886,-0.5031104310706742,-15.372998544460794,-0.5031104310706743,-31.08547091850724,-178.27445213723135
201.81090545272636,0.00023687249220011932,6.255555589751872,0.00023687249220011934,6.25555558975187,1.0000000000000002,0.017035273004831195,-0.5025542742663593,-15.373018041939574,-0.5025542742663593,-31.085415344160047,-178.27637505018407
201.95097548774385,0.00023687568146402025,6.248514039547326,0.0002368756814640202,6.248514039547329,0.9999999999999998,0.01703523484913589,-0.5019986900727957,-15.373037496663287,-0.5019986900727957,-31.085359892636603,-178.27829593099318
202.09104552276136,0.00023687886368025448,6.241480163420352,0.0002368788636802545,6.241480163420353,1.0000000000000002,0.017035196777160203,-0.5014436774123983,-15.373056908743692,-0.5014436774123983,-31.085304563612016,-178.28021478361077
202.2311155577789,0.00023688203886746025,6.234453945869216,0.00023688203886746022,6.234453945869215,0.9999999999999999,0.017035158788685115,-0.5008892352102002,-15.373076278292183,-0.5008892352102002,-31.085249356762525,-178.28213161197868
202.3711855927964,0.00023688520704421323,6.227435371433637,0.00023688520704421323,6.227435371433637,1.0,0.01703512088349231,-0.500335362393847,-15.373095605419792,-0.500335362393847,-31.085194271765392,-178.28404642002886
202.5112556278139,0.0002368883682290268,6.220424424694641,0.00023688836822902682,6.220424424694641,1.0000000000000002,0.017035083061364198,-0.49978205789358704,-15.373114890237174,-0.49978205789358704,-31.08513930829901,-178.28595921168323
202.65132566283143,0.0002368915224403527,6.213421090274429,0.00023689152244035265,6.21342109027443,0.9999999999999998,0.017035045322083924,-0.49922932064226516,-15.373134132854622,-0.49922932064226516,-31.08508446604278,-178.28786999085372
202.7913956978489,0.0002368946696965805,6.206425352836237,0.00023689466969658052,6.206425352836236,1.0000000000000002,0.017035007665435326,-0.4986771495753144,-15.373153333382078,-0.4986771495753144,-31.085029744677257,-178.28977876144245
202.93146573286643,0.0002368978100160387,6.199437197084198,0.00023689781001603866,6.1994371970841975,0.9999999999999999,0.017034970091202983,-0.49812554363074946,-15.373172491929097,-0.49812554363074946,-31.084975143884034,-178.29168552734149
203.07153576788392,0.00023690094341699395,6.192456607763226,0.00023690094341699395,6.192456607763227,1.0,0.017034932599172145,-0.4975745017491588,-15.373191608604895,-0.4975745017491587,-31.084920663345713,-178.29359029243318
203.21160580290146,0.00023690406991765266,6.185483569658843,0.00023690406991765272,6.185483569658843,1.0000000000000002,0.01703489518912882,-0.4970240228736955,-15.373210683518316,-0.4970240228736955,-31.08486630274602,-178.29549306058993
203.35167583791898,0.00023690718953615984,6.178518067597082,0.0002369071895361599,6.17851806759708,1.0000000000000002,0.01703485786085968,-0.49647410595007285,-15.373229716777859,-0.49647410595007285,-31.08481206176975,-178.2973938356744
203.49174587293646,0.0002369103022906003,6.171560086444341,0.00023691030229060033,6.171560086444341,1.0000000000000002,0.017034820614152117,-0.49592474992655466,-15.37324870849165,-0.49592474992655466,-31.084757940102676,-178.2992926215395
203.63181590795398,0.0002369134081989987,6.16460961110724,0.0002369134081989987,6.164609611107241,1.0,0.017034783448794225,-0.4953759537539488,-15.373267658767467,-0.4953759537539488,-31.084703937431676,-178.30118942202833
203.77188594297147,0.00023691650727931927,6.1576666265324995,0.00023691650727931924,6.157666626532499,0.9999999999999999,0.01703474636457479,-0.49482771638559986,-15.37328656771274,-0.49482771638559986,-31.084650053444648,-178.30308424097427
203.91195597798898,0.00023691959954946656,6.150731117706808,0.00023691959954946656,6.150731117706808,1.0,0.017034709361283287,-0.49428003677738086,-15.373305435434537,-0.4942800367773808,-31.084596287830554,-178.3049770822011
204.0520260130065,0.000236922685027286,6.143803069656679,0.000236922685027286,6.14380306965668,1.0,0.017034672438709896,-0.4937329138876868,-15.373324262039581,-0.4937329138876868,-31.084542640279324,-178.30686794952294
204.192096048024,0.000236925763730563,6.13688246744834,0.000236925763730563,6.13688246744834,1.0,0.017034635596645472,-0.4931863466774276,-15.373343047634247,-0.4931863466774276,-31.084489110481975,-178.30875684674416
204.33216608304153,0.00023692883567702448,6.129969296187583,0.00023692883567702445,6.129969296187584,0.9999999999999999,0.017034598834881565,-0.4926403341100205,-15.373361792324554,-0.4926403341100205,-31.084435698130555,-178.31064377765966
204.47223611805904,0.00023693190088433812,6.123063541019645,0.00023693190088433817,6.123063541019645,1.0000000000000002,0.017034562153210413,-0.492094875151382,-15.373380496216173,-0.492094875151382,-31.084382402918088,-178.31252874605477
204.61230615307653,0.00023693495937011306,6.11616518712907,0.0002369349593701131,6.116165187129067,1.0000000000000002,0.017034525551424914,-0.4915499687699212,-15.373399159414445,-0.4915499687699213,-31.08432922453868,-178.31441175570527
204.75237618809405,0.00023693801115190025,6.1092742197395955,0.00023693801115190027,6.109274219739593,1.0000000000000002,0.017034489029318665,-0.49100561393653425,-15.373417782024353,-0.49100561393653425,-31.084276162687377,-178.31629281037732
204.89244622311153,0.00023694105624719221,6.102390624114009,0.00023694105624719221,6.102390624114009,1.0,0.01703445258668593,-0.4904618096245945,-15.373436364150537,-0.4904618096245945,-31.084223217060302,-178.31817191382777
205.03251625812905,0.00023694409467342375,6.095514385554017,0.00023694409467342375,6.095514385554019,1.0,0.01703441622332165,-0.48991855480994584,-15.373454905897301,-0.48991855480994584,-31.08417038735454,-178.32004906980399
205.1725862931466,0.0002369471264479719,6.088645489400139,0.0002369471264479719,6.08864548940014,1.0,0.017034379939021432,-0.48937584847089766,-15.373473407368605,-0.48937584847089766,-31.08411767326819,-178.32192428204385
205.31265632816408,0.000236950151588156,6.08178392103156,0.00023695015158815602,6.081783921031558,1.0000000000000002,0.01703434373358155,-0.4888336895882156,-15.373491868668074,-0.4888336895882156,-31.084065074500344,-178.3237975542759
205.4527263631816,0.00023695317011123858,6.074929665866009,0.00023695317011123858,6.0749296658660095,1.0,0.017034307606798943,-0.48829207714511513,-15.373510289898993,-0.4882920771451151,-31.084012590751108,-178.3256688902193
205.59279639819908,0.00023695618203442478,6.068082709359643,0.00023695618203442475,6.068082709359643,0.9999999999999999,0.01703427155847122,-0.48775101012725475,-15.373528671164305,-0.48775101012725475,-31.08396022172156,-178.3275382935839
205.7328664332166,0.0002369591873748632,6.061243037006899,0.00023695918737486326,6.061243037006898,1.0000000000000002,0.017034235588396635,-0.4872104875227285,-15.373547012566632,-0.4872104875227286,-31.083907967113788,-178.32940576807025
205.87293646823412,0.0002369621861496457,6.054410634340396,0.00023696218614964573,6.054410634340393,1.0000000000000002,0.017034199696374132,-0.48667050832205877,-15.373565314208237,-0.48667050832205877,-31.08385582663079,-178.33127131736958
206.0130065032516,0.0002369651783758078,6.047585486930799,0.0002369651783758078,6.047585486930799,1.0,0.017034163882203253,-0.4861310715181917,-15.373583576191091,-0.4861310715181918,-31.083803799976625,-178.33313494516392
206.15307653826912,0.00023696816407032902,6.04076758038668,0.000236968164070329,6.040767580386681,0.9999999999999999,0.01703412814568425,-0.4855921761064849,-15.373601798616791,-0.4855921761064849,-31.08375188685632,-178.33499665512602
206.29314657328666,0.00023697114325013278,6.033956900354421,0.00023697114325013278,6.03395690035442,1.0,0.017034092486617997,-0.4850538210847064,-15.373619981586629,-0.4850538210847064,-31.08370008697584,-178.33685645091956
206.43321660830415,0.00023697411593208702,6.027153432518074,0.00023697411593208702,6.027153432518074,1.0,0.017034056904806003,-0.4845160054530249,-15.373638125201563,-0.4845160054530249,-31.083648400042083,-178.33871433619896
206.57328664332167,0.00023697708213300415,6.020357162599241,0.00023697708213300415,6.0203571625992405,1.0,0.01703402140005046,-0.4839787282140018,-15.373656229562222,-0.4839787282140018,-31.083596825763,-178.34057031460952
206.71335667833915,0.00023698004186964124,6.013568076356952,0.00023698004186964124,6.013568076356951,1.0,0.017033985972154168,-0.48344198837258606,-15.373674294768911,-0.4834419883725862,-31.083545363847442,-178.34242438978745
206.85342671335667,0.0002369829951587003,6.0067861595875485,0.00023698299515870027,6.0067861595875485,0.9999999999999999,0.017033950620920568,-0.4829057849361081,-15.37369232092161,-0.4829057849361081,-31.0834940140052,-178.3442765653599
206.99349674837418,0.00023698594201682866,6.0000113981245535,0.0002369859420168287,6.000011398124551,1.0000000000000002,0.017033915346153766,-0.4823701169142704,-15.373710308119975,-0.4823701169142704,-31.0834427759471,-178.3461268449449
207.13356678339167,0.0002369888824606193,5.99324377783856,0.00023698888246061932,5.99324377783856,1.0000000000000002,0.01703388014765848,-0.481834983319142,-15.373728256463329,-0.481834983319142,-31.08339164938482,-178.34797523215155
207.27363681840922,0.00023699181650660995,5.986483284637106,0.00023699181650660997,5.986483284637103,1.0000000000000002,0.017033845025240062,-0.48130038316515333,-15.373746166050697,-0.48130038316515333,-31.08334063403103,-178.3498217305799
207.4137068534267,0.00023699474417128512,5.979729904464549,0.00023699474417128506,5.979729904464551,0.9999999999999998,0.0170338099787045,-0.48076631546908577,-15.373764036980766,-0.4807663154690858,-31.083289729599354,-178.35166634382102
207.55377688844422,0.00023699766547107475,5.9729836233019595,0.00023699766547107475,5.97298362330196,1.0,0.017033775007858406,-0.4802327792500683,-15.37378186935191,-0.48023277925006824,-31.083238935804296,-178.35350907545708
207.69384692346173,0.00023700058042235543,5.9662444271669886,0.00023700058042235543,5.9662444271669886,1.0,0.017033740112509018,-0.4796997735295694,-15.373799663262185,-0.4796997735295694,-31.083188252361353,-178.35534992906136
207.83391695847922,0.0002370034890414498,5.959512302113767,0.0002370034890414498,5.959512302113766,1.0,0.017033705292464195,-0.4791672973313904,-15.373817418809331,-0.4791672973313904,-31.083137678986926,-178.35718890819814
207.97398699349674,0.0002370063913446274,5.952787234232759,0.00023700639134462739,5.952787234232758,0.9999999999999999,0.017033670547532416,-0.47863534968165766,-15.373835136090774,-0.47863534968165766,-31.083087215398365,-178.35902601642292
208.11405702851425,0.00023700928734810475,5.946069209650679,0.0002370092873481048,5.946069209650678,1.0000000000000002,0.017033635877522792,-0.478103929608819,-15.373852815203621,-0.478103929608819,-31.08303686131389,-178.3608612572824
208.25412706353177,0.00023701217706804514,5.939358214530349,0.0002370121770680451,5.939358214530349,0.9999999999999999,0.01703360128224502,-0.47757303614363406,-15.373870456244678,-0.47757303614363406,-31.082986616452708,-178.36269463431444
208.39419709854928,0.00023701506052055936,5.932654235070587,0.00023701506052055938,5.932654235070587,1.0000000000000002,0.01703356676150944,-0.47704266831916786,-15.373888059310428,-0.477042668319168,-31.08293648053488,-178.3645261510481
208.53426713356677,0.0002370179377217058,5.925957257506111,0.00023701793772170582,5.92595725750611,1.0000000000000002,0.01703353231512699,-0.47651282517078747,-15.373905624497045,-0.47651282517078747,-31.082886453281404,-178.36635581100367
208.6743371685843,0.00023702080868749019,5.919267268107385,0.0002370208086874902,5.919267268107384,1.0000000000000002,0.017033497942909214,-0.47598350573615067,-15.3739231519004,-0.47598350573615067,-31.082836534414167,-178.3681836176928
208.8144072036018,0.0002370236734338664,5.9125842531805315,0.0002370236734338664,5.91258425318053,1.0,0.01703346364466826,-0.47545470905520293,-15.373940641616056,-0.4754547090552028,-31.08278672365604,-178.3700095746184
208.9544772386193,0.00023702653197673642,5.905908199067224,0.00023702653197673642,5.905908199067225,1.0,0.017033429420216892,-0.47492643417016966,-15.373958093739262,-0.4749264341701696,-31.082737020730708,-178.37183368527465
209.0945472736368,0.00023702938433195044,5.899239092144545,0.00023702938433195042,5.899239092144546,0.9999999999999999,0.017033395269368454,-0.47439868012555003,-15.37397550836497,-0.47439868012555,-31.082687425362746,-178.37365595314714
209.23461730865435,0.0002370322305153072,5.8925769188248855,0.00023703223051530723,5.892576918824882,1.0000000000000002,0.01703336119193693,-0.47387144596810943,-15.373992885587821,-0.4738714459681095,-31.08263793727771,-178.37547638171287
209.37468734367184,0.00023703507054255413,5.885921665555848,0.0002370350705425542,5.885921665555847,1.0000000000000002,0.017033327187736844,-0.47334473074687483,-15.37401022550216,-0.4733447307468747,-31.08258855620197,-178.37729497444016
209.51475737868935,0.00023703790442938756,5.879273318820094,0.00023703790442938756,5.879273318820092,1.0,0.01703329325658337,-0.4728185335131262,-15.374027528202019,-0.4728185335131262,-31.08253928186281,-178.3791117347888
209.65482741370684,0.00023704073219145297,5.872631865135275,0.000237040732191453,5.872631865135275,1.0000000000000002,0.017033259398292235,-0.47229285332039195,-15.374044793781142,-0.47229285332039206,-31.0824901139884,-178.38092666621012
209.79489744872436,0.00023704355384434502,5.865997291053889,0.00023704355384434502,5.86599729105389,1.0,0.01703322561267977,-0.47176768922444173,-15.374062022332964,-0.47176768922444184,-31.08244105230781,-178.38273977214678
209.93496748374187,0.00023704636940360802,5.859369583163181,0.00023704636940360808,5.859369583163179,1.0000000000000002,0.017033191899562903,-0.4712430402832798,-15.374079213950623,-0.4712430402832797,-31.08239209655093,-178.38455105603308
210.07503751875936,0.00023704917888473583,5.852748728085034,0.00023704917888473588,5.852748728085034,1.0000000000000002,0.01703315825875913,-0.47071890555713886,-15.374096368726967,-0.47071890555713886,-31.08234324644856,-178.3863605212948
210.2151075537769,0.00023705198230317213,5.846134712475857,0.00023705198230317213,5.846134712475858,1.0,0.017033124690086537,-0.4701952841084744,-15.374113486754538,-0.47019528410847444,-31.082294501732378,-178.38816817134924
210.3551775887944,0.0002370547796743109,5.839527523026462,0.0002370547796743109,5.839527523026462,1.0,0.017033091193363804,-0.4696721750019575,-15.374130568125592,-0.4696721750019575,-31.082245862134922,-178.38997400960534
210.4952476238119,0.0002370575710134962,5.832927146461971,0.00023705757101349622,5.832927146461971,1.0000000000000002,0.01703305776841017,-0.46914957730446805,-15.374147612932079,-0.46914957730446805,-31.082197327389576,-178.39177803946367
210.63531765882942,0.0002370603563360228,5.826333569541697,0.0002370603563360228,5.826333569541697,1.0,0.017033024415045468,-0.46862749008509025,-15.374164621265665,-0.46862749008509036,-31.082148897230617,-178.3935802643164
210.7753876938469,0.00023706313565713567,5.819746779059041,0.00023706313565713567,5.819746779059041,1.0,0.01703299113309009,-0.468105912415105,-15.374181593217724,-0.468105912415105,-31.082100571393177,-178.39538068754734
210.91545772886442,0.0002370659089920312,5.813166761841369,0.00023706590899203123,5.813166761841368,1.0000000000000002,0.01703295792236501,-0.46758484336798356,-15.374198528879335,-0.4675848433679836,-31.082052349613182,-178.39717931253202
211.05552776388194,0.0002370686763558562,5.8065935047499275,0.00023706867635585617,5.806593504749928,0.9999999999999999,0.01703292478269177,-0.4670642820193826,-15.374215428341289,-0.4670642820193826,-31.082004231627476,-178.3989761426377
211.19559779889946,0.00023707143776370926,5.8000269946797145,0.00023707143776370928,5.800026994679715,1.0000000000000002,0.01703289171389248,-0.4665442274471366,-15.374232291694096,-0.4665442274471366,-31.081956217173705,-178.40077118122338
211.33566783391697,0.00023707419323063984,5.793467218559369,0.00023707419323063978,5.79346721855937,0.9999999999999998,0.017032858715789818,-0.4660246787312516,-15.374249119027965,-0.4660246787312515,-31.081908305990424,-178.40256443163966
211.47573786893446,0.00023707694277164956,5.786914163351093,0.00023707694277164958,5.78691416335109,1.0000000000000002,0.017032825788207025,-0.4655056349539013,-15.374265910432827,-0.4655056349539013,-31.08186049781696,-178.4043558972292
211.61580790395197,0.00023707968640169125,5.780367816050514,0.00023707968640169128,5.7803678160505125,1.0000000000000002,0.017032792930967895,-0.4649870951994179,-15.37428266599833,-0.464987095199418,-31.08181279239346,-178.40614558132626
211.7558779389695,0.00023708242413567014,5.77382816368659,0.00023708242413567014,5.773828163686589,1.0,0.017032760143896795,-0.4644690585542875,-15.374299385813828,-0.4644690585542874,-31.08176518946102,-178.40793348725703
211.89594797398698,0.00023708515598844346,5.7672951933215035,0.00023708515598844346,5.7672951933215035,1.0,0.01703272742681864,-0.4639515241071445,-15.374316069968401,-0.4639515241071445,-31.08171768876145,-178.40971961833952
212.0360180090045,0.0002370878819748205,5.760768892050562,0.00023708788197482052,5.760768892050561,1.0000000000000002,0.017032694779558898,-0.4634344909487647,-15.37433271855085,-0.4634344909487648,-31.081670290037433,-178.41150397788363
212.17608804402198,0.00023709060210956354,5.754249247002088,0.00023709060210956354,5.754249247002089,1.0,0.01703266220194361,-0.462917958172059,-15.374349331649675,-0.462917958172059,-31.081622993032518,-178.4132865691912
212.31615807903952,0.00023709331640738737,5.747736245337299,0.0002370933164073873,5.747736245337299,0.9999999999999998,0.017032629693799338,-0.46240192487206816,-15.374365909353125,-0.46240192487206816,-31.081575797490956,-178.41506739555592
212.45622811405704,0.0002370960248829595,5.741229874250226,0.0002370960248829595,5.741229874250227,1.0,0.017032597254953222,-0.4618863901459563,-15.374382451749145,-0.4618863901459563,-31.08152870315797,-178.41684646026354
212.59629814907453,0.00023709872755090064,5.734730120967605,0.00023709872755090067,5.734730120967604,1.0000000000000002,0.017032564885232925,-0.46137135309300487,-15.374398958925417,-0.46137135309300487,-31.081481709779464,-178.4186237665918
212.73636818409204,0.00023710142442578464,5.728236972748767,0.00023710142442578467,5.728236972748766,1.0000000000000002,0.01703253258446667,-0.4608568128146071,-15.374415430969343,-0.4608568128146071,-31.081434817102256,-178.42039931781025
212.87643821910956,0.00023710411552213886,5.721750416885528,0.0002371041155221389,5.721750416885526,1.0000000000000002,0.017032500352483215,-0.46034276841426147,-15.374431867968045,-0.4603427684142616,-31.081388024873903,-178.42217311718073
213.01650825412705,0.00023710680085444434,5.715270440702104,0.00023710680085444434,5.715270440702103,1.0,0.017032468189111864,-0.45982921899756596,-15.374448270008376,-0.45982921899756596,-31.08134133284278,-178.42394516795696
213.15657828914456,0.00023710948043713563,5.708797031554999,0.00023710948043713563,5.708797031554997,1.0,0.017032436094182465,-0.45931616367221245,-15.374464637176908,-0.45931616367221245,-31.08129474075811,-178.42571547338477
213.29664832416208,0.00023711215428460141,5.702330176832902,0.00023711215428460141,5.7023301768329,1.0,0.01703240406752538,-0.4588036015479809,-15.37448096955995,-0.458803601547981,-31.081248248369885,-178.42748403670214
213.4367183591796,0.0002371148224111843,5.695869863956582,0.00023711482241118434,5.695869863956581,1.0000000000000002,0.017032372108971534,-0.4582915317367318,-15.374497267243532,-0.4582915317367318,-31.08120185542886,-178.4292508611391
213.5767883941971,0.0002371174848311816,5.689416080378799,0.00023711748483118154,5.689416080378799,0.9999999999999998,0.017032340218352367,-0.4577799533524032,-15.374513530313417,-0.4577799533524033,-31.08115556168662,-178.4310159499179
213.7168584292146,0.0002371201415588445,5.682968813584191,0.0002371201415588444,5.682968813584193,0.9999999999999997,0.017032308395499848,-0.45726886551100215,-15.374529758855097,-0.45726886551100215,-31.081109366895596,-178.4327793062529
213.8569284642321,0.00023712279260837933,5.676528051089179,0.00023712279260837933,5.676528051089179,1.0,0.01703227664024649,-0.4567582673306006,-15.374545952953795,-0.4567582673306007,-31.081063270808855,-178.4345409333507
213.9969984992496,0.00023712543799394716,5.67009378044187,0.0002371254379939471,5.670093780441872,0.9999999999999998,0.01703224495242532,-0.45624815793132906,-15.37456211269447,-0.45624815793132917,-31.081017273180418,-178.43630083441008
214.13706853426712,0.00023712807772966363,5.663665989221945,0.0002371280777296636,5.663665989221946,0.9999999999999999,0.017032213331869897,-0.45573853643537005,-15.374578238161805,-0.45573853643537005,-31.080971373764985,-178.43805901262203
214.27713856928466,0.00023713071182960018,5.657244665040573,0.0002371307118296002,5.657244665040573,1.0000000000000002,0.017032181778414292,-0.4552294019669537,-15.374594329440235,-0.4552294019669537,-31.080925572318044,-178.43981547116994
214.41720860430215,0.00023713334030778303,5.65082979554031,0.0002371333403077831,5.65082979554031,1.0000000000000002,0.017032150291893117,-0.4547207536523512,-15.374610386613902,-0.4547207536523512,-31.08087986859591,-178.44157021322928
214.55727863931966,0.00023713596317819416,5.644421368394989,0.00023713596317819418,5.644421368394988,1.0000000000000002,0.017032118872141472,-0.4542125906198688,-15.374626409766721,-0.4542125906198688,-31.08083426235561,-178.44332324196802
214.69734867433718,0.00023713858045477115,5.6380193713096345,0.00023713858045477113,5.6380193713096345,0.9999999999999999,0.017032087518995008,-0.45370491199984275,-15.374642398982314,-0.45370491199984275,-31.080788753354966,-178.44507456054637
214.83741870935467,0.00023714119215140745,5.6316237920203625,0.00023714119215140743,5.631623792020364,0.9999999999999999,0.01703205623228986,-0.4531977169246337,-15.37465835434406,-0.4531977169246337,-31.08074334135261,-178.44682417211686
214.97748874437218,0.00023714379828195252,5.625234618294274,0.00023714379828195257,5.6252346182942725,1.0000000000000002,0.017032025011862715,-0.4526910045286196,-15.374674275935059,-0.4526910045286196,-31.080698026107832,-178.4485720798245
215.11755877938967,0.0002371463988602117,5.618851837929368,0.00023714639886021166,5.618851837929369,0.9999999999999999,0.017031993857550717,-0.4521847739481923,-15.374690163838174,-0.4521847739481923,-31.080652807380797,-178.4503182868066
215.2576288144072,0.00023714899389994725,5.6124754387544415,0.00023714899389994725,5.6124754387544415,1.0,0.017031962769191576,-0.45167902432174967,-15.374706018135987,-0.45167902432174967,-31.08060768493236,-178.4520627961929
215.39769884942473,0.0002371515834148774,5.606105408628988,0.00023715158341487742,5.606105408628986,1.0000000000000002,0.017031931746623468,-0.45117375478969146,-15.37472183891084,-0.45117375478969146,-31.08056265852417,-178.4538056111057
215.53776888444222,0.00023715416741867712,5.599741735443109,0.0002371541674186771,5.599741735443111,0.9999999999999999,0.017031900789685087,-0.45066896449441346,-15.374737626244812,-0.45066896449441346,-31.0805177279186,-178.4555467346596
215.67783891945973,0.00023715674592497845,5.593384407117418,0.00023715674592497847,5.593384407117419,1.0000000000000002,0.017031869898215642,-0.4501646525803009,-15.374753380219719,-0.4501646525803009,-31.08047289287874,-178.45728616996183
215.81790895447722,0.00023715931894737014,5.587033411602939,0.00023715931894737017,5.587033411602938,1.0000000000000002,0.017031839072054824,-0.44966081819372444,-15.374769100917138,-0.4496608181937245,-31.08042815316854,-178.45902392011203
215.95797898949473,0.00023716188649939839,5.580688736881008,0.00023716188649939839,5.580688736881007,1.0,0.017031808311042847,-0.4491574604830329,-15.374784788418372,-0.4491574604830329,-31.080383508552583,-178.46075998820243
216.09804902451225,0.00023716444859456633,5.574350370963196,0.00023716444859456635,5.574350370963195,1.0000000000000002,0.017031777615020408,-0.4486545785985498,-15.374800442804485,-0.4486545785985498,-31.080338958796236,-178.4624943773178
216.23811905952977,0.000237167005246335,5.5680183018912,0.000237167005246335,5.5680183018911995,1.0,0.0170317469838287,-0.4481521716925655,-15.374816064156285,-0.4481521716925656,-31.080294503665627,-178.46422709053547
216.37818909454728,0.00023716955646812266,5.561692517736745,0.0002371695564681227,5.561692517736744,1.0000000000000002,0.017031716417309405,-0.44765023891933403,-15.374831652554333,-0.44765023891933403,-31.08025014292754,-178.4659581309254
216.5182591295648,0.0002371721022733055,5.555373006601514,0.00023717210227330553,5.555373006601513,1.0000000000000002,0.017031685915304722,-0.44714877943506554,-15.374847208078933,-0.4471487794350655,-31.08020587634963,-178.46768750155016
216.65832916458228,0.00023717464267521783,5.549059756617021,0.00023717464267521786,5.54905975661702,1.0000000000000002,0.017031655477657306,-0.44664779239792196,-15.37486273081014,-0.446647792397922,-31.08016170370014,-178.46941520546494
216.7983991995998,0.00023717717768715165,5.542752755944548,0.00023717717768715168,5.542752755944544,1.0000000000000002,0.017031625104210326,-0.44614727696801176,-15.374878220827773,-0.4461472769680118,-31.0801176247481,-178.47114124571763
216.9384692346173,0.00023717970732235787,5.536451992775036,0.00023717970732235784,5.536451992775037,0.9999999999999999,0.017031594794807443,-0.4456472323073836,-15.37489367821138,-0.4456472323073837,-31.080073639263315,-178.4728656253488
217.0785392696348,0.00023718223159404527,5.530157455328993,0.00023718223159404527,5.530157455328995,1.0,0.017031564549292777,-0.4451476575800215,-15.374909103040284,-0.4451476575800215,-31.080029747016205,-178.47458834739163
217.21860930465235,0.00023718475051538125,5.523869131856413,0.00023718475051538122,5.523869131856415,0.9999999999999999,0.017031534367510953,-0.44464855195183933,-15.374924495393556,-0.44464855195183933,-31.079985947777985,-178.4763094148722
217.35867933966983,0.00023718726409949217,5.517587010636673,0.0002371872640994922,5.517587010636672,1.0000000000000002,0.017031504249307064,-0.44414991459067565,-15.374939855350018,-0.4441499145906756,-31.079942241320573,-178.47802883080922
217.49874937468735,0.00023718977235946323,5.511311079978449,0.00023718977235946326,5.511311079978451,1.0000000000000002,0.017031474194526695,-0.4436517446662883,-15.374955182988252,-0.44365174466628826,-31.07989862741662,-178.4797465982142
217.63881940970484,0.00023719227530833844,5.5050413282196216,0.0002371922753083385,5.5050413282196216,1.0000000000000002,0.01703144420301589,-0.44315404135034847,-15.374970478386603,-0.4431540413503484,-31.079855105839457,-178.48146272009146
217.77888944472235,0.00023719477295912138,5.498777743727181,0.0002371947729591214,5.498777743727181,1.0000000000000002,0.017031414274621206,-0.4426568038164358,-15.374985741623153,-0.4426568038164358,-31.079811676363068,-178.4831771994381
217.91895947973987,0.00023719726532477466,5.492520314897153,0.00023719726532477466,5.492520314897153,1.0,0.017031384409189637,-0.44216003124003345,-15.375000972775767,-0.4421600312400334,-31.0797683387623,-178.4848900392441
218.05902951475736,0.00023719975241822042,5.486269030154489,0.0002371997524182204,5.486269030154489,0.9999999999999999,0.01703135460656866,-0.4416637227985226,-15.375016171922063,-0.4416637227985227,-31.079725092812566,-178.48660124249224
218.19909954977487,0.00023720223425234056,5.480023877952983,0.00023720223425234056,5.480023877952983,1.0,0.01703132486660623,-0.44116787767117616,-15.375031339139406,-0.44116787767117616,-31.079681938290015,-178.48831081215823
218.33916958479242,0.00023720471083997683,5.4737848467752,0.0002372047108399768,5.473784846775203,0.9999999999999999,0.01703129518915078,-0.44067249503915507,-15.375046474504941,-0.4406724950391551,-31.0796388749715,-178.49001875121064
218.4792396198099,0.00023720718219393056,5.467551925132354,0.00023720718219393054,5.467551925132354,0.9999999999999999,0.01703126557405118,-0.4401775740855021,-15.375061578095568,-0.4401775740855021,-31.079595902634622,-178.49172506261095
218.61930965482742,0.00023720964832696378,5.461325101564247,0.00023720964832696375,5.461325101564248,0.9999999999999999,0.017031236021156804,-0.43968311399513665,-15.375076649987944,-0.43968311399513665,-31.079553021057578,-178.49342974931363
218.7593796898449,0.00023721210925179803,5.455104364639174,0.00023721210925179803,5.4551043646391735,1.0,0.01703120653031745,-0.4391891139548507,-15.375091690258504,-0.4391891139548507,-31.079510230019302,-178.49513281426607
218.89944972486242,0.00023721456498111614,5.448889702953821,0.00023721456498111614,5.44888970295382,1.0,0.017031177101383427,-0.43869557315330093,-15.375106698983426,-0.438695573153301,-31.079467529299446,-178.49683426040863
219.03951975987994,0.00023721701552756045,5.442681105133203,0.00023721701552756048,5.4426811051332,1.0000000000000002,0.017031147734205453,-0.43820249078100737,-15.375121676238685,-0.43820249078100737,-31.079424918678328,-178.4985340906747
219.17958979489742,0.00023721946090373485,5.436478559830552,0.00023721946090373488,5.436478559830552,1.0000000000000002,0.017031118428634737,-0.4377098660303447,-15.375136622099998,-0.43770986603034473,-31.07938239793689,-178.5002323079907
219.31965982991497,0.0002372219011222036,5.430282055727243,0.00023722190112220355,5.430282055727245,0.9999999999999998,0.017031089184522948,-0.4372176980955387,-15.37515153664285,-0.4372176980955387,-31.079339966856843,-178.50192891527607
219.45972986493246,0.00023722433619549206,5.424091581532708,0.0002372243361954921,5.424091581532706,1.0000000000000002,0.017031060001722192,-0.4367259861726614,-15.37516641994251,-0.43672598617266134,-31.079297625220548,-178.50362391544328
219.59979989994997,0.00023722676613608675,5.41790712598434,0.00023722676613608675,5.417907125984341,1.0,0.017031030880085035,-0.4362347294596255,-15.375181272074007,-0.43623472945962555,-31.07925537281097,-178.50531731139796
219.7398699349675,0.00023722919095643536,5.411728677847422,0.00023722919095643539,5.411728677847421,1.0000000000000002,0.0170310018194645,-0.4357439271561792,-15.375196093112141,-0.43574392715617916,-31.07921320941186,-178.5070091060387
219.87993996998497,0.00023723161066894696,5.405556225915025,0.00023723161066894693,5.405556225915026,0.9999999999999999,0.01703097281971406,-0.4352535784639014,-15.375210883131484,-0.4352535784639014,-31.07917113480759,-178.50869930225744
220.0200100050025,0.00023723402528599247,5.399389759007939,0.0002372340252859925,5.399389759007939,1.0000000000000002,0.01703094388068764,-0.4347636825861961,-15.37522564220637,-0.4347636825861961,-31.079129148783153,-178.51038790293907
220.16008004002,0.00023723643481990409,5.393229265974573,0.00023723643481990409,5.393229265974573,1.0,0.017030915002239612,-0.4342742387282882,-15.375240370410921,-0.43427423872828824,-31.079087251124278,-178.51207491096164
220.30015007503752,0.00023723883928297617,5.387074735690871,0.00023723883928297617,5.387074735690873,1.0,0.01703088618422477,-0.43378524609721764,-15.375255067819031,-0.4337852460972177,-31.079045441617335,-178.51376032919657
220.44022011005504,0.00023724123868746485,5.3809261570602525,0.00023724123868746483,5.380926157060253,0.9999999999999999,0.0170308574264984,-0.43329670390183506,-15.37526973450435,-0.43329670390183506,-31.07900372004935,-178.51544416050822
220.58029014507252,0.00023724363304558852,5.374783519013489,0.00023724363304558854,5.37478351901349,1.0000000000000002,0.017030828728916186,-0.4328086113527964,-15.375284370540324,-0.4328086113527964,-31.07896208620795,-178.51712640775443
220.72036018009004,0.00023724602236952785,5.368646810508651,0.00023724602236952785,5.36864681050865,1.0,0.01703080009133428,-0.43232096766255745,-15.375298976000169,-0.4323209676625574,-31.078920539881565,-178.51880707378606
220.86043021510756,0.0002372484066714256,5.362516020531013,0.00023724840667142558,5.362516020531013,0.9999999999999999,0.017030771513609256,-0.4318337720453707,-15.375313550956871,-0.4318337720453707,-31.0788790808591,-178.5204861614474
221.00050025012504,0.00023725078596338736,5.356391138092966,0.00023725078596338733,5.356391138092966,0.9999999999999999,0.017030742995598126,-0.4313470237172784,-15.375328095483203,-0.4313470237172784,-31.078837708930266,-178.5221636735759
221.14057028514256,0.00023725316025748137,5.350272152233946,0.00023725316025748143,5.350272152233945,1.0000000000000002,0.01703071453715837,-0.43086072189610736,-15.375342609651705,-0.43086072189610736,-31.078796423885287,-178.52383961300237
221.28064032016007,0.00023725552956573858,5.344159052020344,0.00023725552956573858,5.344159052020344,1.0,0.017030686138147854,-0.4303748658014672,-15.375357093534706,-0.4303748658014672,-31.07875522551514,-178.52551398255096
221.4207103551776,0.00023725789390015306,5.338051826545418,0.00023725789390015306,5.338051826545416,1.0,0.01703065779842491,-0.4298894546547415,-15.375371547204317,-0.4298894546547415,-31.07871411361141,-178.52718678503905
221.5607803901951,0.00023726025327268168,5.331950464929224,0.0002372602532726817,5.331950464929222,1.0000000000000002,0.017030629517848304,-0.42940448767908496,-15.375385970732413,-0.42940448767908496,-31.0786730879663,-178.5288580232775
221.7008504252126,0.00023726260769524468,5.325854956318531,0.0002372626076952447,5.32585495631853,1.0000000000000002,0.017030601296277204,-0.4289199640994193,-15.375400364190671,-0.4289199640994193,-31.078632148372662,-178.53052770007056
221.8409204602301,0.0002372649571797258,5.319765289886733,0.00023726495717972586,5.319765289886731,1.0000000000000002,0.017030573133571234,-0.4284358831424264,-15.375414727650538,-0.4284358831424264,-31.078591294623997,-178.5321958182157
221.98099049524762,0.00023726730173797214,5.313681454833763,0.00023726730173797208,5.313681454833765,0.9999999999999998,0.017030545029590425,-0.4279522440365443,-15.375429061183251,-0.42795224403654436,-31.07855052651445,-178.53386238050396
222.1210605302651,0.00023726964138179427,5.307603440386042,0.0002372696413817943,5.307603440386041,1.0000000000000002,0.017030516984195252,-0.42746904601196334,-15.37544336485982,-0.4274690460119634,-31.07850984383877,-178.53552738971982
222.26113056528266,0.00023727197612296658,5.301531235796354,0.00023727197612296658,5.301531235796355,1.0,0.017030488997246594,-0.42698628830061963,-15.375457638751055,-0.42698628830061963,-31.078469246392366,-178.53719084864113
222.40120060030014,0.00023727430597322768,5.295464830343805,0.00023727430597322768,5.295464830343805,1.0,0.017030461068605764,-0.4265039701361916,-15.37547188292754,-0.42650397013619157,-31.078428733971215,-178.53885276003925
222.54127063531766,0.0002372766309442798,5.289404213333719,0.00023727663094427986,5.289404213333718,1.0000000000000002,0.017030433198134496,-0.42602209075409464,-15.375486097459646,-0.4260220907540946,-31.078388306371995,-178.540513126679
222.68134067033517,0.00023727895104778954,5.28334937409757,0.0002372789510477895,5.28334937409757,0.9999999999999999,0.017030405385694947,-0.4255406493914761,-15.375500282417535,-0.4255406493914761,-31.07834796339197,-178.5421719513188
222.82141070535266,0.00023728126629538775,5.277300301992898,0.00023728126629538775,5.277300301992898,1.0,0.01703037763114968,-0.4250596452872116,-15.375514437871159,-0.4250596452872116,-31.078307704829026,-178.5438292367105
222.96148074037018,0.0002372835766986694,5.271256986403229,0.00023728357669866937,5.27125698640323,0.9999999999999999,0.017030349934361665,-0.42457907768189923,-15.375528563890253,-0.4245790776818992,-31.07826753048165,-178.54548498559953
223.1015507753877,0.0002372858822691945,5.265219416738005,0.0002372858822691945,5.265219416738006,1.0,0.01703032229519432,-0.42409894581785457,-15.375542660544344,-0.42409894581785457,-31.078227440148982,-178.54713920072493
223.2416208104052,0.00023728818301848757,5.259187582432487,0.00023728818301848757,5.259187582432487,1.0,0.017030294713511453,-0.4236192489391073,-15.375556727902744,-0.4236192489391073,-31.07818743363073,-178.54879188481922
223.38169084542272,0.00023729047895803748,5.253161472947701,0.0002372904789580375,5.253161472947701,1.0000000000000002,0.017030267189177276,-0.4231399862913955,-15.375570766034572,-0.42313998629139554,-31.078147510727277,-178.55044304060866
223.5217608804402,0.00023729277009929895,5.24714107777034,0.00023729277009929898,5.247141077770339,1.0000000000000002,0.017030239722056445,-0.42266115712216146,-15.375584775008708,-0.4226611571221615,-31.07810767123957,-178.55209267081295
223.66183091545773,0.00023729505645369076,5.241126386412697,0.0002372950564536908,5.241126386412697,1.0000000000000002,0.01703021231201398,-0.42218276068054683,-15.37559875489386,-0.4221827606805468,-31.078067914969125,-178.55374077814562
223.80190095047524,0.00023729733803259755,5.235117388412581,0.00023729733803259752,5.235117388412581,0.9999999999999999,0.017030184958915347,-0.42170479621738716,-15.3756127057585,-0.4217047962173872,-31.07802824171813,-178.55538736531378
223.94197098549273,0.000237299614847369,5.229114073333248,0.00023729961484736893,5.229114073333248,0.9999999999999998,0.01703015766262639,-0.42122726298520946,-15.375626627670918,-0.42122726298520946,-31.077988651289388,-178.55703243501813
224.08204102051025,0.00023730188690932033,5.223116430763312,0.0002373018869093203,5.223116430763315,0.9999999999999999,0.01703013042301337,-0.420750160238225,-15.375640520699179,-0.420750160238225,-31.077949143486244,-178.5586759899532
224.22211105552773,0.00023730415422973223,5.21712445031669,0.00023730415422973223,5.21712445031669,1.0,0.017030103239942956,-0.4202734872323265,-15.37565438491115,-0.4202734872323265,-31.077909718112654,-178.5603180328072
224.36218109054528,0.00023730641681985118,5.211138121632497,0.00023730641681985113,5.211138121632497,0.9999999999999998,0.017030076113282205,-0.41979724322508283,-15.375668220374497,-0.4197972432250828,-31.077870374973173,-178.56195856626195
224.5022511255628,0.0002373086746908894,5.20515743437499,0.0002373086746908894,5.205157434374991,1.0,0.017030049042898582,-0.41932142747573403,-15.375682027156682,-0.41932142747573403,-31.077831113872996,-178.56359759299315
224.64232116058028,0.0002373109278540251,5.199182378233492,0.0002373109278540251,5.199182378233489,1.0,0.017030022028659955,-0.4188460392451883,-15.375695805324959,-0.4188460392451884,-31.077791934617835,-178.56523511567028
224.7823911955978,0.0002373131763204023,5.1932129429223055,0.00023731317632040233,5.1932129429223055,1.0000000000000002,0.017029995070434567,-0.4183710777960159,-15.375709554946388,-0.4183710777960159,-31.077752837014053,-178.56687113695648
224.9224612306153,0.00023731542010113182,5.1872491181806435,0.0002373154201011318,5.187249118180644,0.9999999999999999,0.01702996816809109,-0.41789654239244445,-15.375723276087825,-0.4178965423924444,-31.077713820868546,-178.56850565950876
225.0625312656328,0.00023731765920729023,5.18129089377256,0.00023731765920729028,5.181290893772558,1.0000000000000002,0.01702994132149857,-0.4174224323003565,-15.375736968815922,-0.41742243230035647,-31.077674885988856,-178.57013868597795
225.20260130065031,0.00023731989364992063,5.17533825948686,0.00023731989364992063,5.175338259486861,1.0,0.017029914530526446,-0.41694874678728217,-15.375750633197132,-0.4169487467872822,-31.07763603218306,-178.57177021900878
225.34267133566783,0.00023732212344003284,5.169391205137051,0.00023732212344003287,5.1693912051370505,1.0000000000000002,0.017029887795044548,-0.4164754851223973,-15.375764269297713,-0.4164754851223973,-31.077597259259818,-178.5734002612397
225.48274137068535,0.00023732434858860318,5.1634497205612355,0.00023732434858860318,5.163449720561235,1.0,0.0170298611149231,-0.41600264657651687,-15.37577787718373,-0.4160026465765168,-31.077558567028408,-178.5750288153031
225.62281140570286,0.0002373265691065749,5.157513795622063,0.0002373265691065749,5.157513795622062,1.0,0.01702983449003272,-0.4155302304220922,-15.37579145692103,-0.41553023042209225,-31.077519955298634,-178.57665588382528
225.76288144072035,0.000237328785004858,5.151583420206648,0.00023732878500485797,5.151583420206649,0.9999999999999999,0.0170298079202444,-0.4150582359332054,-15.375805008575291,-0.4150582359332054,-31.07748142388095,-178.57828146942643
225.90295147573786,0.00023733099629432965,5.145658584226495,0.00023733099629432965,5.145658584226496,1.0,0.017029781405429528,-0.4145866623855653,-15.375818532211971,-0.41458666238556535,-31.07744297258627,-178.5799055747206
226.04302151075535,0.00023733320298583428,5.139739277617431,0.00023733320298583425,5.13973927761743,0.9999999999999999,0.017029754945459868,-0.41411550905650346,-15.375832027896346,-0.41411550905650346,-31.077404601226174,-178.58152820231595
226.18309154577287,0.0002373354050901832,5.133825490339519,0.0002373354050901832,5.133825490339518,1.0,0.017029728540207584,-0.41364477522496823,-15.37584549569349,-0.41364477522496823,-31.077366309612774,-178.58314935481437
226.3231615807904,0.0002373376026181555,5.127917212377008,0.0002373376026181555,5.127917212377008,1.0,0.017029702189545196,-0.41317446017152293,-15.375858935668292,-0.4131744601715229,-31.077328097558762,-178.58476903481193
226.4632316158079,0.00023733979558049776,5.122014433738239,0.00023733979558049776,5.12201443373824,1.0,0.017029675893345635,-0.4127045631783389,-15.375872347885434,-0.4127045631783389,-31.077289964877373,-178.58638724489856
226.60330165082541,0.0002373419839879237,5.116117144455584,0.00023734198398792368,5.116117144455584,0.9999999999999999,0.01702964965148218,-0.41223508352919275,-15.37588573240942,-0.41223508352919275,-31.077251911382405,-178.58800398765823
226.74337168584293,0.00023734416785111537,5.110225334585376,0.0002373441678511154,5.110225334585374,1.0000000000000002,0.017029623463828508,-0.41176602050946165,-15.375899089304557,-0.41176602050946165,-31.077213936888263,-178.589619265669
226.88344172086042,0.00023734634718072234,5.104338994207829,0.0002373463471807223,5.104338994207828,0.9999999999999999,0.017029597330258665,-0.4112973734061183,-15.375912418634952,-0.4112973734061183,-31.077176041209846,-178.59123308150288
227.02351175587793,0.00023734852198736237,5.098458113426969,0.0002373485219873624,5.09845811342697,1.0000000000000002,0.01702957125064708,-0.4108291415077274,-15.375925720464531,-0.41082914150772737,-31.077138224162624,-178.59284543772603
227.16358179089542,0.00023735069228162089,5.092582682370578,0.0002373506922816209,5.092582682370578,1.0000000000000002,0.01702954522486853,-0.41036132410444176,-15.375938994857034,-0.4103613241044417,-31.077100485562678,-178.59445633689862
227.30365182591297,0.00023735285807405208,5.086712691190097,0.00023735285807405205,5.0867126911900975,0.9999999999999999,0.017029519252798202,-0.4098939204879963,-15.375952241875998,-0.4098939204879963,-31.077062825226594,-178.59606578157494
227.44372186093048,0.0002373550193751782,5.080848130060572,0.00023735501937517819,5.0808481300605735,0.9999999999999999,0.017029493334311637,-0.4094269299517052,-15.375965461584782,-0.4094269299517052,-31.07702524297148,-178.59767377430333
227.58379189594797,0.00023735717619548967,5.0749889891805875,0.00023735717619548967,5.0749889891805875,1.0,0.017029467469284736,-0.4089603517904575,-15.375978654046548,-0.4089603517904575,-31.07698773861504,-178.5992803176264
227.72386193096548,0.00023735932854544595,5.069135258772185,0.00023735932854544592,5.069135258772186,0.9999999999999999,0.01702944165759378,-0.40849418530071224,-15.375991819324286,-0.4084941853007123,-31.07695031197554,-178.6008854140808
227.86393196598297,0.00023736147643547463,5.063286929080799,0.00023736147643547463,5.063286929080798,1.0,0.017029415899115403,-0.4080284297804954,-15.376004957480788,-0.40802842978049547,-31.0769129628717,-178.60248906619734
228.0040020010005,0.0002373636198759725,5.057443990375186,0.00023736361987597253,5.057443990375186,1.0000000000000002,0.017029390193726634,-0.4075630845293933,-15.376018068578652,-0.4075630845293933,-31.07687569112292,-178.60409127650104
228.144072036018,0.0002373657588773051,5.051606432947357,0.0002373657588773051,5.051606432947355,1.0,0.017029364541304836,-0.4070981488485511,-15.376031152680314,-0.40709814884855106,-31.07683849654899,-178.60569204751107
228.28414207103552,0.00023736789344980662,5.045774247112509,0.0002373678934498066,5.045774247112511,0.9999999999999999,0.017029338941727742,-0.4066336220406675,-15.376044209848008,-0.40663362204066744,-31.076801378970384,-178.6072913817409
228.42421210605303,0.00023737002360378105,5.039947423208952,0.00023737002360378102,5.039947423208952,0.9999999999999999,0.01702931339487347,-0.4061695034099896,-15.376057240143783,-0.40616950340998964,-31.076764338207973,-178.6088892816981
228.56428214107055,0.00023737214934950088,5.0341259515980425,0.00023737214934950088,5.0341259515980425,1.0,0.017029287900620468,-0.40570579226231024,-15.376070243629513,-0.4057057922623102,-31.07672737408327,-178.6104857498846
228.70435217608804,0.00023737427069720827,5.028309822664121,0.00023737427069720824,5.028309822664121,0.9999999999999999,0.017029262458847554,-0.4052424879049632,-15.37608322036689,-0.4052424879049631,-31.076690486418286,-178.6120807887965
228.84442221110555,0.00023737638765711493,5.02249902681443,0.00023737638765711493,5.02249902681443,1.0,0.017029237069433923,-0.40477958964681865,-15.376096170417412,-0.40477958964681865,-31.076653675035537,-178.61367440092425
228.98449224612304,0.0002373785002394017,5.016693554479067,0.00023737850023940172,5.016693554479067,1.0000000000000002,0.017029211732259086,-0.40431709679828004,-15.376109093842413,-0.40431709679828004,-31.076616939758107,-178.61526658875255
229.12456228114056,0.00023738060845421958,5.010893396110893,0.00023738060845421958,5.010893396110893,1.0,0.017029186447202953,-0.4038550086712782,-15.376121990703028,-0.40385500867127827,-31.07658028040958,-178.61685735476036
229.2646323161581,0.00023738271231168873,5.005098542185487,0.00023738271231168878,5.0050985421854834,1.0000000000000002,0.017029161214145758,-0.4033933245792698,-15.37613486106023,-0.4033933245792698,-31.07654369681407,-178.61844670142108
229.4047023511756,0.00023738481182189973,4.999308983201062,0.00023738481182189976,4.999308983201062,1.0000000000000002,0.017029136032968104,-0.4029320438372308,-15.376147704974795,-0.4029320438372308,-31.076507188796242,-178.62003463120237
229.5447723861931,0.0002373869069949129,4.993524709678407,0.0002373869069949129,4.993524709678407,1.0,0.01702911090355095,-0.40247116576165354,-15.37616052250733,-0.40247116576165354,-31.076470756181273,-178.6216211465662
229.6848424212106,0.00023738899784075845,4.987745712160826,0.00023738899784075842,4.987745712160827,0.9999999999999999,0.017029085825775576,-0.4020106896705432,-15.376173313718267,-0.4020106896705432,-31.076434398794802,-178.6232062499691
229.8249124562281,0.00023739108436943702,4.981971981214053,0.00023739108436943702,4.981971981214053,1.0,0.017029060799523644,-0.4015506148834121,-15.376186078667853,-0.4015506148834121,-31.076398116463064,-178.6247899438617
229.96498249124562,0.00023739316659091963,4.9762035074262,0.00023739316659091963,4.976203507426202,1.0,0.017029035824677154,-0.4010909407212768,-15.37619881741616,-0.4010909407212768,-31.076361909012785,-178.6263722306893
230.1050525262631,0.00023739524451514722,4.9704402814076944,0.00023739524451514722,4.970440281407694,1.0,0.017029010901118437,-0.40063166650665494,-15.376211530023088,-0.4006316665066549,-31.076325776271155,-178.62795311289148
230.24512256128062,0.0002373973181520319,4.964682293791204,0.0002373973181520319,4.964682293791204,1.0,0.01702898602873021,-0.4001727915635582,-15.376224216548348,-0.4001727915635582,-31.076289718065958,-178.62953259290228
230.38519259629817,0.0002373993875114558,4.95892953523157,0.0002373993875114558,4.95892953523157,1.0,0.017028961207395485,-0.3997143152174918,-15.376236877051495,-0.3997143152174918,-31.076253734225446,-178.6311106731502
230.52526263131566,0.00023740145260327207,4.953181996405753,0.00023740145260327207,4.953181996405753,1.0,0.017028936436997655,-0.3992562367954487,-15.376249511591894,-0.39925623679544875,-31.076217824578364,-178.63268735605817
230.66533266633317,0.00023740351343730444,4.947439668012757,0.00023740351343730444,4.947439668012758,1.0,0.017028911717420426,-0.3987985556259053,-15.376262120228748,-0.39879855562590527,-31.076181988954023,-178.63426264404362
230.80540270135066,0.0002374055700233479,4.94170254077357,0.00023740557002334794,4.94170254077357,1.0000000000000002,0.017028887048547874,-0.3983412710388182,-15.376274703021073,-0.3983412710388182,-31.07614622718216,-178.63583653951855
230.94547273636817,0.00023740762237116808,4.935970605431107,0.00023740762237116808,4.935970605431106,1.0,0.017028862430264392,-0.3978843823656204,-15.376287260027727,-0.3978843823656205,-31.076110539093076,-178.63740904488932
231.0855427713857,0.00023740967049050218,4.930243852750122,0.00023740967049050218,4.930243852750123,1.0,0.017028837862454734,-0.3974278889392165,-15.37629979130738,-0.39742788893921643,-31.07607492451756,-178.63898016255698
231.22561280640318,0.00023741171439105798,4.924522273517168,0.000237411714391058,4.924522273517167,1.0000000000000002,0.017028813345003953,-0.3969717900939796,-15.37631229691855,-0.39697179009397954,-31.076039383286883,-178.64054989491697
231.36568284142072,0.00023741375408251527,4.918805858540526,0.0002374137540825153,4.918805858540524,1.0000000000000002,0.01702878887779748,-0.3965160851657471,-15.376324776919567,-0.3965160851657471,-31.076003915232807,-178.64211824435944
231.5057528764382,0.00023741578957452486,4.913094598650137,0.00023741578957452484,4.913094598650137,0.9999999999999999,0.017028764460721057,-0.3960607734918166,-15.376337231368598,-0.3960607734918166,-31.07596852018763,-178.64368521326895
231.64582291145572,0.00023741782087670894,4.907388484697537,0.00023741782087670894,4.907388484697539,1.0,0.017028740093660764,-0.3956058544109418,-15.376349660323642,-0.39560585441094187,-31.075933197984146,-178.64525080402478
231.78589294647324,0.0002374198479986619,4.90168750755581,0.00023741984799866188,4.90168750755581,0.9999999999999999,0.01702871577650303,-0.39515132726332974,-15.37636206384252,-0.39515132726332974,-31.075897948455584,-178.6468150190008
231.92596298149073,0.00023742187094994932,4.895991658119499,0.00023742187094994934,4.895991658119498,1.0000000000000002,0.017028691509134587,-0.3946971913906353,-15.376374441982893,-0.39469719139063525,-31.075862771435716,-178.64837786056538
232.06603301650824,0.00023742388974010888,4.890300927304565,0.00023742388974010893,4.890300927304565,1.0000000000000002,0.017028667291442513,-0.39424344613595835,-15.376386794802258,-0.39424344613595835,-31.075827666758777,-178.64993933108164
232.20610305152576,0.00023742590437865008,4.8846153060483175,0.00023742590437865005,4.884615306048318,0.9999999999999999,0.017028643123314226,-0.3937900908438401,-15.37639912235793,-0.3937900908438401,-31.075792634259514,-178.65149943290734
232.34617308654327,0.00023742791487505442,4.87893478530935,0.00023742791487505442,4.878934785309351,1.0,0.01702861900463744,-0.3933371248602589,-15.37641142470707,-0.39333712486025896,-31.075757673773143,-178.65305816839484
232.4862431215608,0.00023742992123877566,4.873259356067476,0.00023742992123877563,4.873259356067476,0.9999999999999999,0.017028594935300227,-0.3928845475326254,-15.376423701906672,-0.39288454753262547,-31.075722785135355,-178.6546155398912
232.62631315657828,0.00023743192347923958,4.86758900932368,0.00023743192347923958,4.867589009323679,1.0,0.01702857091519098,-0.39243235820978145,-15.37643595401355,-0.39243235820978145,-31.07568796818233,-178.65617154973825
232.7663831915958,0.0002374339216058445,4.861923736100034,0.0002374339216058445,4.861923736100034,1.0,0.017028546944198402,-0.39198055624199274,-15.376448181084378,-0.39198055624199274,-31.075653222750766,-178.65772620027238
232.9064532266133,0.00023743591562796096,4.856263527439657,0.0002374359156279609,4.8562635274396575,0.9999999999999998,0.017028523022211528,-0.39152914098094765,-15.376460383175637,-0.3915291409809476,-31.075618548677802,-178.65927949382484
233.0465232616308,0.00023743790555493213,4.850608374406643,0.00023743790555493213,4.850608374406642,1.0,0.017028499149119716,-0.39107811177975293,-15.376472560343666,-0.3910781117797529,-31.07558394580102,-178.66083143272152
233.1865932966483,0.00023743989139607372,4.8449582680860015,0.00023743989139607372,4.8449582680860015,1.0,0.01702847532481265,-0.3906274679929292,-15.37648471264463,-0.3906274679929292,-31.075549413958544,-178.66238201928314
233.32666333166583,0.00023744187316067426,4.839313199583598,0.00023744187316067426,4.839313199583599,1.0,0.017028451549180323,-0.39017720897640795,-15.376496840134537,-0.39017720897640795,-31.075514952988982,-178.66393125582513
233.46673336668334,0.00023744385085799506,4.8336731600260885,0.0002374438508579951,4.8336731600260885,1.0000000000000002,0.017028427822113067,-0.38972733408752674,-15.376508942869222,-0.3897273340875268,-31.075480562731336,-178.66547914465772
233.60680340170086,0.00023744582449726983,4.8280381405608725,0.0002374458244972698,4.828038140560873,0.9999999999999999,0.01702840414350149,-0.3892778426850275,-15.376521020904384,-0.38927784268502746,-31.07544624302514,-178.66702568808594
233.74687343671835,0.0002374477940877062,4.822408132356016,0.0002374477940877062,4.822408132356016,1.0,0.017028380513236567,-0.38882873412905034,-15.376533074295523,-0.38882873412905034,-31.075411993710375,-178.66857088840956
233.88694347173586,0.00023744975963848415,4.8167831266002015,0.00023744975963848415,4.8167831266002015,1.0,0.01702835693120956,-0.38838000778113163,-15.376545103098012,-0.38838000778113163,-31.075377814627494,-178.67011474792332
234.02701350675338,0.00023745172115875702,4.811163114502667,0.00023745172115875702,4.8111631145026665,1.0,0.017028333397312048,-0.38793166300419946,-15.376557107367043,-0.38793166300419946,-31.075343705617414,-178.67165726891662
234.16708354177086,0.00023745367865765147,4.8055480872931415,0.00023745367865765147,4.8055480872931415,1.0,0.017028309911435932,-0.3874836991625701,-15.37656908715766,-0.3874836991625701,-31.075309666521523,-178.6731984536739
234.3071535767884,0.00023745563214426762,4.799938036221794,0.00023745563214426765,4.799938036221793,1.0000000000000002,0.017028286473473417,-0.38703611562194445,-15.376581042524746,-0.38703611562194445,-31.075275697181695,-178.67473830447432
234.4472236118059,0.00023745758162767894,4.794332952559168,0.0002374575816276789,4.794332952559169,0.9999999999999999,0.017028263083317036,-0.38658891174940496,-15.376592973523017,-0.3865889117494049,-31.07524179744019,-178.67627682359196
234.5872936468234,0.00023745952711693236,4.788732827596123,0.0002374595271169323,4.788732827596125,0.9999999999999998,0.017028239740859603,-0.38614208691340973,-15.376604880207045,-0.38614208691340973,-31.075207967139793,-178.6778140132958
234.72736368184093,0.00023746146862104877,4.78313765264378,0.00023746146862104874,4.78313765264378,0.9999999999999999,0.017028216445994275,-0.38569564048379257,-15.376616762631235,-0.38569564048379257,-31.075174206123727,-178.67934987584974
234.86743371685841,0.0002374634061490222,4.77754741903346,0.0002374634061490222,4.777547419033461,1.0,0.017028193198614486,-0.38524957183175573,-15.37662862084984,-0.3852495718317557,-31.07514051423569,-178.68088441351264
235.00750375187593,0.00023746533970982122,4.771962118116619,0.00023746533970982124,4.771962118116617,1.0000000000000002,0.017028169998614007,-0.38480388032986773,-15.376640454916949,-0.38480388032986773,-31.075106891319795,-178.6824176285382
235.14757378689342,0.00023746726931238776,4.766381741264807,0.00023746726931238776,4.766381741264807,1.0,0.017028146845886886,-0.3843585653520613,-15.376652264886506,-0.3843585653520613,-31.07507333722067,-178.6839495231751
235.28764382191096,0.00023746919496563795,4.760806279869591,0.000237469194965638,4.760806279869589,1.0000000000000002,0.017028123740327486,-0.3839136262736268,-15.376664050812298,-0.38391362627362674,-31.07503985178331,-178.68548009966707
235.42771385692848,0.0002374711166784622,4.755235725342508,0.00023747111667846217,4.755235725342509,0.9999999999999999,0.017028100681830492,-0.3834690624712106,-15.376675812747951,-0.38346906247121054,-31.07500643485323,-178.68700936025272
235.56778389194596,0.00023747303445972493,4.749670069115014,0.00023747303445972493,4.749670069115014,1.0,0.01702807767029088,-0.38302487332281165,-15.376687550746936,-0.3830248733228117,-31.074973086276344,-178.6885373071657
235.70785392696348,0.00023747494831826457,4.744109302638404,0.00023747494831826457,4.744109302638405,1.0,0.017028054705603906,-0.3825810582077765,-15.376699264862587,-0.3825810582077765,-31.074939805899074,-178.69006394263462
235.847923961981,0.00023747685826289457,4.738553417383778,0.00023747685826289462,4.738553417383776,1.0000000000000002,0.017028031787665168,-0.3821376165067972,-15.376710955148061,-0.3821376165067971,-31.074906593568222,-178.6915892688832
235.98799399699848,0.00023747876430240222,4.7330024048419705,0.00023747876430240227,4.733002404841969,1.0000000000000002,0.017028008916370532,-0.38169454760190613,-15.37672262165638,-0.38169454760190613,-31.074873449131083,-178.69311328813012
236.128064032016,0.00023748066644554958,4.727456256523503,0.00023748066644554958,4.727456256523503,1.0,0.017027986091616175,-0.38125185087647484,-15.376734264440406,-0.38125185087647484,-31.07484037243537,-178.69463600258905
236.2681340670335,0.00023748256470107354,4.72191496395852,0.00023748256470107346,4.721914963958522,0.9999999999999997,0.017027963313298575,-0.380809525715208,-15.376745883552854,-0.38080952571520793,-31.074807363329246,-178.6961574144689
236.40820410205103,0.0002374844590776853,4.7163785186967315,0.00023748445907768536,4.71637851869673,1.0000000000000002,0.017027940581314484,-0.3803675715041415,-15.376757479046292,-0.3803675715041416,-31.074774421661292,-178.69767752597346
236.54827413706855,0.00023748634958407127,4.710846912307368,0.00023748634958407124,4.710846912307368,0.9999999999999999,0.017027917895560993,-0.37992598763063845,-15.376769050973119,-0.37992598763063845,-31.07474154728056,-178.69919633930175
236.68834417208603,0.0002374882362288924,4.705320136379111,0.0002374882362288924,4.705320136379109,1.0,0.017027895255935448,-0.37948477348338583,-15.376780599385608,-0.3794847734833859,-31.07470874003652,-178.7007138566478
236.82841420710355,0.00023749011902078474,4.699798182520045,0.00023749011902078474,4.699798182520045,1.0,0.017027872662335502,-0.3790439284523902,-15.376792124335868,-0.37904392845239027,-31.074675999779032,-178.70223008020085
236.96848424212106,0.0002374919979683597,4.694281042357604,0.00023749199796835964,4.694281042357604,0.9999999999999998,0.01702785011465911,-0.378603451928976,-15.376803625875862,-0.378603451928976,-31.074643326358512,-178.70374501214516
237.10855427713855,0.0002374938730802034,4.688768707538505,0.00023749387308020343,4.688768707538505,1.0000000000000002,0.017027827612804504,-0.37816334330577994,-15.376815104057401,-0.37816334330577994,-31.074610719625685,-178.70525865466018
237.24862431215607,0.0002374957443648774,4.683261169728702,0.0002374957443648775,4.683261169728702,1.0000000000000004,0.017027805156670215,-0.37772360197674937,-15.376826558932162,-0.37772360197674937,-31.074578179431743,-178.70677100992054
237.38869434717358,0.00023749761183091875,4.677758420613341,0.00023749761183091873,4.677758420613343,0.9999999999999999,0.017027782746155067,-0.37728422733713807,-15.376837990551657,-0.377284227337138,-31.074545705628353,-178.70828208009598
237.5287643821911,0.00023749947548683956,4.6722604518966735,0.0002374994754868396,4.672260451896673,1.0000000000000002,0.017027760381158163,-0.3768452187835021,-15.376849398967263,-0.37684521878350213,-31.074513298067536,-178.7097918673515
237.66883441720861,0.0002375013353411276,4.666767255302037,0.00023750133534112758,4.666767255302037,0.9999999999999999,0.017027738061578902,-0.37640657571369807,-15.376860784230209,-0.3764065757136981,-31.074480956601814,-178.7113003738472
237.8089044522261,0.00023750319140224618,4.6612788225717745,0.0002375031914022462,4.6612788225717745,1.0000000000000002,0.017027715787316964,-0.3759682975268783,-15.376872146391573,-0.3759682975268783,-31.074448681084057,-178.71280760173843
237.94897448724362,0.00023750504367863452,4.655795145467198,0.00023750504367863452,4.655795145467197,1.0,0.017027693558272317,-0.37553038362348773,-15.376883485502288,-0.37553038362348773,-31.074416471367595,-178.71431355317583
238.0890445222611,0.00023750689217870725,4.6503162157685285,0.00023750689217870728,4.650316215768527,1.0000000000000002,0.017027671374345223,-0.3750928334052615,-15.376894801613151,-0.3750928334052615,-31.074384327306205,-178.71581823030513
238.22911455727862,0.00023750873691085484,4.644842025274832,0.00023750873691085484,4.644842025274831,1.0,0.017027649235436208,-0.37465564627521963,-15.376906094774805,-0.3746556462752197,-31.07435224875404,-178.71732163526744
238.36918459229616,0.000237510577883444,4.6393725658039795,0.00023751057788344403,4.639372565803979,1.0000000000000002,0.0170276271414461,-0.3742188216376659,-15.37691736503775,-0.37421882163766584,-31.07432023556568,-178.71882377019907
238.50925462731365,0.000237512415104817,4.63390782919259,0.00023751241510481695,4.633907829192591,0.9999999999999998,0.017027605092275994,-0.3737823588981828,-15.376928612452351,-0.3737823588981828,-31.07428828759617,-178.72032463723158
238.64932466233117,0.00023751424858329268,4.628447807295975,0.00023751424858329273,4.6284478072959745,1.0000000000000002,0.017027583087827286,-0.37334625746362904,-15.37693983706882,-0.3733462574636291,-31.074256404700886,-178.72182423849185
238.78939469734868,0.0002375160783271655,4.622992491988085,0.00023751607832716548,4.622992491988086,0.9999999999999999,0.01702756112800162,-0.3729105167421361,-15.376951038937234,-0.3729105167421361,-31.074224586735713,-178.72332257610208
238.92946473236617,0.00023751790434470654,4.617541875161455,0.00023751790434470648,4.617541875161456,0.9999999999999998,0.01702753921270096,-0.3724751361431041,-15.376962218107524,-0.3724751361431041,-31.07419283355684,-178.72481965217972
239.0695347673837,0.000237519726644163,4.612095948727159,0.00023751972664416297,4.61209594872716,0.9999999999999999,0.01702751734182751,-0.3720401150772,-15.376973374629479,-0.37204011507720003,-31.074161145020987,-178.72631546883756
239.20960480240117,0.00023752154523375867,4.606654704614751,0.00023752154523375862,4.606654704614754,0.9999999999999998,0.01702749551528378,-0.3716054529563533,-15.376984508552747,-0.3716054529563533,-31.074129520985196,-178.72781002818377
239.34967483741872,0.00023752336012169368,4.60121813477221,0.00023752336012169365,4.6012181347722105,0.9999999999999999,0.01702747373297253,-0.37117114919375266,-15.376995619926843,-0.37117114919375266,-31.074097961306926,-178.72930333232182
239.48974487243623,0.0002375251713161448,4.595786231165898,0.00023752517131614482,4.5957862311658975,1.0000000000000002,0.01702745199479683,-0.3707372032038425,-15.377006708801126,-0.37073720320384257,-31.074066465844112,-178.7307953833506
239.62981490745372,0.00023752697882526528,4.590358985780495,0.00023752697882526528,4.590358985780496,1.0,0.01702743030065999,-0.37030361440232085,-15.377017775224832,-0.37030361440232085,-31.074035034455004,-178.73228618336427
239.76988494247124,0.00023752878265718524,4.584936390618957,0.00023752878265718524,4.5849363906189575,1.0,0.017027408650465606,-0.369870382206135,-15.377028819247053,-0.369870382206135,-31.074003666998316,-178.7337757344525
239.90995497748872,0.00023753058282001164,4.579518437702466,0.0002375305828200117,4.579518437702463,1.0000000000000002,0.01702738704411755,-0.3694375060334788,-15.37703984091674,-0.3694375060334788,-31.07397236333316,-178.73526403870028
240.05002501250624,0.0002375323793218283,4.574105119070362,0.00023753237932182833,4.574105119070361,1.0000000000000002,0.017027365481519972,-0.3690049853037884,-15.377050840282703,-0.3690049853037884,-31.073941123319013,-178.73675109818802
240.19009504752376,0.00023753417217069588,4.568696426780109,0.0002375341721706959,4.568696426780108,1.0000000000000002,0.01702734396257727,-0.36857281943774084,-15.377061817393617,-0.3685728194377408,-31.073909946815775,-178.73823691499157
240.33016508254127,0.00023753596137465212,4.563292352907243,0.0002375359613746521,4.5632923529072436,0.9999999999999999,0.017027322487194147,-0.368141007857249,-15.377072772298026,-0.368141007857249,-31.07387883368379,-178.73972149118225
240.4702351175588,0.00023753774694171197,4.557892889545306,0.000237537746941712,4.557892889545304,1.0000000000000002,0.017027301055275536,-0.3677095499854596,-15.377083705044326,-0.3677095499854596,-31.073847783783705,-178.74120482882677
240.6103051525763,0.00023753952887986746,4.552498028805807,0.00023753952887986746,4.552498028805806,1.0,0.017027279666726663,-0.36727844524674935,-15.377094615680786,-0.36727844524674935,-31.0738167969766,-178.7426869299873
240.7503751875938,0.00023754130719708797,4.547107762818176,0.00023754130719708797,4.547107762818176,1.0,0.017027258321453013,-0.36684769306672255,-15.377105504255535,-0.3668476930667225,-31.073785873124052,-178.74416779672148
240.8904452226113,0.00023754308190132036,4.541722083729699,0.00023754308190132036,4.5417220837297005,1.0,0.017027237019360344,-0.36641729287220604,-15.377116370816566,-0.36641729287220604,-31.073755012087855,-178.74564743108252
241.0305152576288,0.00023754485300048862,4.536340983705475,0.00023754485300048862,4.536340983705475,1.0,0.017027215760354673,-0.3659872440912485,-15.377127215411736,-0.36598724409124844,-31.073724213730316,-178.74712583511905
241.1705852926463,0.0002375466205024943,4.53096445492837,0.00023754662050249427,4.530964454928369,0.9999999999999999,0.01702719454434227,-0.3655575461531157,-15.377138038088777,-0.3655575461531157,-31.073693477914105,-178.74860301087526
241.31065532766385,0.00023754838441521675,4.525592489598962,0.00023754838441521675,4.52559248959896,1.0,0.0170271733712297,-0.36512819848828765,-15.377148838895272,-0.3651281984882876,-31.07366280450227,-178.75007896039077
241.45072536268134,0.00023755014474651266,4.520225079935486,0.00023755014474651266,4.520225079935487,1.0,0.017027152240923753,-0.36469920052845545,-15.377159617878686,-0.36469920052845545,-31.07363219335827,-178.75155368570083
241.59079539769886,0.00023755190150421692,4.514862218173798,0.00023755190150421692,4.514862218173798,1.0,0.01702713115333151,-0.3642705517065186,-15.377170375086337,-0.3642705517065187,-31.073601644345935,-178.75302718883617
241.73086543271634,0.0002375536546961418,4.509503896567315,0.0002375536546961418,4.509503896567314,1.0,0.01702711010836031,-0.3638422514565815,-15.377181110565417,-0.36384225145658144,-31.07357115732945,-178.75449947182318
241.87093546773386,0.0002375554043300775,4.504150107386966,0.0002375554043300775,4.504150107386966,1.0,0.017027089105917728,-0.36341429921394935,-15.377191824362988,-0.3634142992139494,-31.073540732173438,-178.75597053668372
242.01100550275137,0.00023755715041379237,4.498800842921148,0.0002375571504137924,4.498800842921146,1.0000000000000002,0.017027068145911626,-0.36298669441512743,-15.37720251652597,-0.3629866944151275,-31.073510368742866,-178.7574403854352
242.15107553776886,0.0002375588929550327,4.493456095475672,0.00023755889295503266,4.493456095475673,0.9999999999999999,0.01702704722825011,-0.362559436497816,-15.377213187101166,-0.362559436497816,-31.073480066903105,-178.75890902009075
242.29114557278638,0.0002375606319615227,4.488115857373717,0.00023756063196152277,4.488115857373714,1.0000000000000002,0.017027026352841545,-0.3621325249009074,-15.377223836135238,-0.36213252490090736,-31.07344982651993,-178.76037644265904
242.43121560780392,0.00023756236744096508,4.4827801209557805,0.00023756236744096505,4.482780120955779,0.9999999999999999,0.017027005519594546,-0.36170595906448416,-15.377234463674725,-0.3617059590644841,-31.07341964745942,-178.76184265514433
242.5712856428214,0.00023756409940104068,4.477448878579629,0.00023756409940104068,4.477448878579628,1.0,0.01702698472841801,-0.36127973842981437,-15.377245069766026,-0.36127973842981437,-31.073389529588095,-178.76330765954654
242.71135567783892,0.00023756582784940856,4.4721221226202506,0.0002375658278494085,4.4721221226202506,0.9999999999999998,0.017026963979221058,-0.3608538624393496,-15.377255654455418,-0.3608538624393496,-31.073359472772864,-178.76477145786123
242.8514257128564,0.0002375675527937063,4.46679984546981,0.00023756755279370632,4.466799845469807,1.0000000000000002,0.017026943271913078,-0.36042833053672224,-15.377266217789046,-0.36042833053672224,-31.07332947688092,-178.76623405207965
242.99149574787393,0.0002375692742415498,4.461482039537591,0.00023756927424154985,4.46148203953759,1.0000000000000002,0.01702692260640371,-0.3600031421667412,-15.377276759812927,-0.36000314216674123,-31.073299541779935,-178.76769544418863
243.13156578289144,0.0002375709922005337,4.456168697249956,0.00023757099220053375,4.4561686972499555,1.0000000000000002,0.01702690198260285,-0.3595782967753896,-15.377287280572949,-0.35957829677538955,-31.073269667337897,-178.76915563617075
243.27163581790893,0.00023757270667823125,4.450859811050306,0.0002375727066782313,4.4508598110503055,1.0000000000000002,0.017026881400420652,-0.35915379380982165,-15.377297780114871,-0.3591537938098216,-31.073239853423203,-178.77061463000422
243.41170585292647,0.00023757441768219417,4.445555373399011,0.00023757441768219411,4.445555373399011,0.9999999999999998,0.017026860859767488,-0.35872963271836,-15.377308258484332,-0.35872963271836,-31.07321009990453,-178.77207242766303
243.55177588794396,0.00023757612521995314,4.440255376773382,0.00023757612521995317,4.440255376773382,1.0000000000000002,0.017026840360554026,-0.35830581295049196,-15.37731871572683,-0.35830581295049196,-31.07318040665106,-178.77352903111677
243.69184592296148,0.00023757782929901752,4.434959813667619,0.00023757782929901752,4.434959813667619,1.0,0.01702681990269114,-0.35788233395686714,-15.37732915188775,-0.35788233395686714,-31.073150773532223,-178.77498444233086
243.831915957979,0.00023757952992687581,4.4296686765927555,0.00023757952992687584,4.429668676592755,1.0000000000000002,0.017026799486089986,-0.3574591951892941,-15.377339567012347,-0.35745919518929414,-31.073121200417916,-178.77643866326636
243.97198599299648,0.00023758122711099527,4.424381958076626,0.00023758122711099524,4.424381958076628,0.9999999999999999,0.017026779110661947,-0.35703639610073784,-15.37734996114574,-0.35703639610073784,-31.07309168717827,-178.7778916958802
244.112056028014,0.00023758292085882232,4.4190996506638065,0.00023758292085882232,4.419099650663807,1.0,0.017026758776318672,-0.3566139361453159,-15.377360334332934,-0.3566139361453159,-31.073062233683963,-178.77934354212485
244.2521260630315,0.00023758461117778234,4.413821746915571,0.00023758461117778231,4.413821746915571,0.9999999999999999,0.017026738482972023,-0.3561918147782965,-15.377370686618812,-0.3561918147782965,-31.073032839805844,-178.7807942039488
244.39219609804903,0.00023758629807528014,4.408548239409854,0.00023758629807528011,4.408548239409854,0.9999999999999999,0.01702671823053414,-0.3557700314560948,-15.37738101804812,-0.35577003145609476,-31.07300350541525,-178.78224368329617
244.53226613306654,0.0002375879815586994,4.403279120741188,0.00023758798155869938,4.403279120741187,0.9999999999999999,0.017026698018917378,-0.3553485856362704,-15.377391328665492,-0.3553485856362704,-31.072974230383842,-178.78369198210692
244.67233616808403,0.00023758966163540355,4.398014383520675,0.00023758966163540357,4.398014383520674,1.0000000000000002,0.017026677848034365,-0.3549274767775243,-15.37740161851543,-0.35492747677752423,-31.072945014583645,-178.78513910231675
244.81240620310155,0.00023759133831273522,4.392754020375922,0.00023759133831273527,4.39275402037592,1.0000000000000002,0.01702665771779795,-0.3545067043396955,-15.377411887642314,-0.35450670433969544,-31.072915857887015,-178.78658504585724
244.95247623811906,0.0002375930115980166,4.387498023951017,0.00023759301159801663,4.387498023951017,1.0000000000000002,0.017026637628121243,-0.35408626778375846,-15.377422136090402,-0.35408626778375846,-31.072886760166707,-178.7880298146558
245.09254627313655,0.00023759468149854918,4.38224638690646,0.00023759468149854923,4.382246386906459,1.0000000000000002,0.017026617578917574,-0.3536661665718213,-15.377432363903827,-0.35366616657182126,-31.07285772129579,-178.78947341063562
245.23261630815406,0.00023759634802161418,4.3769991019191306,0.00023759634802161423,4.376999101919128,1.0000000000000002,0.01702659757010051,-0.35324640016712006,-15.377442571126611,-0.3532464001671201,-31.072828741147745,-178.79091583571574
245.37268634317158,0.0002375980111744726,4.371756161682247,0.00023759801117447264,4.371756161682246,1.0000000000000002,0.017026577601583888,-0.35282696803401925,-15.37745275780264,-0.3528269680340192,-31.072799819596323,-178.7923570918111
245.5127563781891,0.00023759967096436508,4.366517558905305,0.0002375996709643651,4.3665175589053025,1.0000000000000002,0.017026557673281754,-0.35240786963800586,-15.377462923975687,-0.3524078696380058,-31.072770956515697,-178.7937971808325
245.6528264132066,0.00023760132739851188,4.36128328631405,0.00023760132739851194,4.361283286314048,1.0000000000000002,0.017026537785108403,-0.3519891044456889,-15.377473069689405,-0.3519891044456889,-31.072742151780368,-178.79523610468664
245.7928964482241,0.00023760298048411345,4.356053336650423,0.00023760298048411348,4.356053336650425,1.0000000000000002,0.017026517936978368,-0.3515706719247951,-15.377483194987317,-0.351570671924795,-31.072713405265198,-178.79667386527598
245.93296648324161,0.00023760463022835015,4.350827702672512,0.00023760463022835018,4.350827702672511,1.0000000000000002,0.017026498128806418,-0.3511525715441665,-15.377493299912832,-0.35115257154416646,-31.07268471684535,-178.79811046449902
246.07303651825913,0.00023760627663838195,4.345606377154514,0.00023760627663838192,4.345606377154515,0.9999999999999999,0.017026478360507552,-0.3507348027737574,-15.377503384509248,-0.35073480277375735,-31.072656086396407,-178.79954590425018
246.21310655327662,0.00023760791972134938,4.340389352886694,0.0002376079197213494,4.340389352886693,1.0000000000000002,0.017026458631997008,-0.35031736508463207,-15.377513448819723,-0.3503173650846321,-31.07262751379423,-178.80098018641968
246.35317658829416,0.00023760955948437274,4.335176622675326,0.00023760955948437274,4.335176622675325,1.0,0.01702643894319025,-0.3499002579489617,-15.377523492887326,-0.3499002579489617,-31.072598998915083,-178.80241331289378
246.49324662331165,0.00023761119593455283,4.329968179342669,0.0002376111959345528,4.329968179342669,0.9999999999999999,0.017026419294002993,-0.3494834808400203,-15.377533516754971,-0.34948348084002023,-31.072570541635542,-178.80384528555464
246.63331665832916,0.0002376128290789704,4.3247640157269,0.0002376128290789705,4.324764015726899,1.0000000000000004,0.017026399684351164,-0.3490670332321843,-15.377543520465487,-0.3490670332321843,-31.072542141832535,-178.8052761062804
246.77338669334668,0.00023761445892468708,4.319564124682091,0.00023761445892468705,4.319564124682092,0.9999999999999999,0.01702638011415094,-0.34865091460092773,-15.377553504061561,-0.34865091460092773,-31.072513799383298,-178.80670577694514
246.91345672836417,0.0002376160854787441,4.314368499078154,0.00023761608547874413,4.314368499078155,1.0000000000000002,0.01702636058331871,-0.34823512442282023,-15.377563467585775,-0.3482351244228202,-31.072485514165486,-178.8081342994189
247.05352676338168,0.00023761770874816373,4.3091771318008,0.00023761770874816373,4.3091771318008005,1.0,0.017026341091771105,-0.3478196621755241,-15.377573411080597,-0.3478196621755241,-31.072457286057013,-178.80956167556778
247.19359679839917,0.00023761932873994868,4.303990015751494,0.00023761932873994865,4.303990015751494,0.9999999999999999,0.017026321639424986,-0.34740452733779237,-15.377583334588367,-0.34740452733779237,-31.07242911493615,-178.81098790725378
247.33366683341671,0.00023762094546108216,4.298807143847407,0.00023762094546108214,4.298807143847409,0.9999999999999999,0.017026302226197432,-0.34698971938946344,-15.37759323815132,-0.3469897193894635,-31.07240100068156,-178.812412996335
247.47373686843423,0.00023762255891852807,4.293628509021395,0.0002376225589185281,4.293628509021395,1.0000000000000002,0.017026282852005768,-0.3465752378114622,-15.37760312181156,-0.3465752378114622,-31.07237294317216,-178.8138369446655
247.61380690345172,0.00023762416911923104,4.28845410422192,0.00023762416911923107,4.288454104221919,1.0000000000000002,0.01702626351676751,-0.3461610820857936,-15.3776129856111,-0.3461610820857936,-31.072344942287277,-178.8152597540954
247.75387693846923,0.00023762577607011653,4.283283922413036,0.00023762577607011653,4.283283922413036,1.0,0.017026244220400447,-0.345747251695542,-15.377622829591814,-0.34574725169554205,-31.072316997906512,-178.81668142647084
247.89394697348675,0.00023762737977809067,4.27811795657434,0.00023762737977809064,4.278117956574339,0.9999999999999999,0.017026224962822568,-0.3453337461248683,-15.377632653795475,-0.3453337461248683,-31.07228910990983,-178.818101963634
248.03401700850424,0.0002376289802500408,4.2729561997009196,0.0002376289802500408,4.272956199700919,1.0,0.017026205743952087,-0.34492056485900613,-15.377642458263729,-0.3449205648590062,-31.07226127817755,-178.81952136742314
248.17408704352175,0.00023763057749283495,4.26779864480332,0.00023763057749283495,4.26779864480332,1.0,0.017026186563707444,-0.3445077073842601,-15.377652243038124,-0.3445077073842601,-31.072233502590237,-178.8209396396726
248.31415707853924,0.00023763217151332228,4.262645284907497,0.0002376321715133223,4.262645284907497,1.0000000000000002,0.0170261674220073,-0.3440951731880029,-15.37766200816009,-0.3440951731880029,-31.0722057830289,-178.82235678221278
248.45422711355678,0.00023763376231833317,4.257496113054777,0.0002376337623183332,4.257496113054777,1.0000000000000002,0.01702614831877055,-0.3436829617586724,-15.377671753670937,-0.3436829617586724,-31.072178119374797,-178.8237727968702
248.5942971485743,0.000237635349914679,4.25235112230181,0.00023763534991467903,4.2523511223018104,1.0000000000000002,0.017026129253916288,-0.3432710725857685,-15.377681479611862,-0.3432710725857685,-31.072150511509506,-178.82518768546743
248.7343671835918,0.00023763693430915261,4.247210305720543,0.0002376369343091526,4.247210305720543,0.9999999999999999,0.017026110227363864,-0.3428595051598518,-15.377691186023956,-0.3428595051598518,-31.07212295931497,-178.8266014498232
248.8744372186093,0.00023763851550852771,4.242073656398157,0.00023763851550852771,4.242073656398155,1.0,0.017026091239032815,-0.3424482589725395,-15.377700872948195,-0.3424482589725395,-31.072095462673495,-178.82801409175238
249.01450725362682,0.0002376400935195599,4.236941167437034,0.0002376400935195599,4.236941167437033,1.0,0.017026072288842915,-0.34203733351650345,-15.377710540425447,-0.34203733351650345,-31.072068021467626,-178.82942561306587
249.1545772886443,0.00023764166834898566,4.231812831954729,0.00023764166834898572,4.231812831954728,1.0000000000000002,0.017026053376714145,-0.3416267282854676,-15.37772018849646,-0.34162672828546753,-31.072040635580255,-178.8308360155708
249.29464732366182,0.0002376432400035233,4.226688643083899,0.0002376432400035233,4.2266886430839,1.0,0.017026034502566716,-0.3412164427742042,-15.377729817201882,-0.3412164427742042,-31.072013304894618,-178.83224530107051
249.43471735867934,0.00023764480848987237,4.221568593972291,0.00023764480848987234,4.221568593972293,0.9999999999999999,0.017026015666321045,-0.340806476478533,-15.377739426582242,-0.34080647647853296,-31.071986029294276,-178.83365347136436
249.57478739369685,0.00023764637381471453,4.216452677782691,0.00023764637381471453,4.216452677782692,1.0,0.017025996867897797,-0.340396828895317,-15.377749016677956,-0.3403968288953171,-31.071958808663098,-178.83506052824794
249.71485742871437,0.0002376479359847126,4.211340887692867,0.00023764793598471257,4.211340887692867,0.9999999999999999,0.017025978107217805,-0.33998749952246066,-15.377758587529343,-0.3399874995224606,-31.071931642885247,-178.83646647351307
249.85492746373185,0.00023764949500651122,4.206233216895556,0.00023764949500651122,4.206233216895557,1.0,0.017025959384202153,-0.33957848785890665,-15.377768139176597,-0.3395784878589067,-31.07190453184524,-178.8378713089477
249.99499749874937,0.0002376510508867367,4.2011296585984,0.0002376510508867367,4.201129658598398,1.0,0.01702594069877212,-0.3391697934046341,-15.377777671659818,-0.3391697934046341,-31.071877475427915,-178.83927503633603
250.13506753376686,0.00023765260363199758,4.1960302060239245,0.00023765260363199753,4.196030206023925,0.9999999999999998,0.017025922050849213,-0.3387614156606555,-15.377787185018988,-0.33876141566065554,-31.071850473518378,-178.84067765745843
250.27513756878437,0.00023765415324888405,4.190934852409474,0.00023765415324888403,4.190934852409473,0.9999999999999999,0.017025903440355147,-0.33835335412901324,-15.377796679293976,-0.33835335412901313,-31.0718235260021,-178.84207917409154
250.41520760380192,0.00023765569974396812,4.1858435910072,0.00023765569974396812,4.185843591007202,1.0,0.017025884867211846,-0.337945608312779,-15.377806154524558,-0.33794560831277903,-31.071796632764848,-178.8434795880082
250.5552776388194,0.00023765724312380408,4.180756415083995,0.00023765724312380405,4.180756415083997,0.9999999999999999,0.01702586633134145,-0.3375381777160491,-15.377815610750387,-0.33753817771604916,-31.071769793692674,-178.84487890097748
250.69534767383692,0.00023765878339492808,4.17567331792147,0.00023765878339492808,4.175673317921471,1.0,0.017025847832666315,-0.33713106184394326,-15.377825048011015,-0.33713106184394326,-31.071743008671973,-178.84627711476472
250.83541770885444,0.0002376603205638584,4.170594292815911,0.0002376603205638584,4.170594292815911,1.0,0.01702582937110899,-0.33672426020260143,-15.377834466345888,-0.33672426020260143,-31.071716277589488,-178.84767423113158
250.97548774387192,0.00023766185463709567,4.1655193330782305,0.00023766185463709564,4.165519333078232,0.9999999999999999,0.01702581094659225,-0.33631777229918175,-15.377843865794345,-0.3363177722991818,-31.071689600332157,-178.84907025183585
251.11555777888944,0.00023766338562112267,4.1604484320339346,0.00023766338562112267,4.160448432033934,1.0,0.017025792559039087,-0.3359115976418565,-15.377853246395613,-0.3359115976418565,-31.07166297678735,-178.8504651786318
251.25562781390693,0.0002376649135224044,4.155381583023085,0.00023766491352240443,4.155381583023083,1.0000000000000002,0.017025774208372667,-0.33550573573981235,-15.377862608188824,-0.33550573573981235,-31.071636406842686,-178.85185901326975
251.39569784892447,0.00023766643834738835,4.150318779400257,0.00023766643834738835,4.150318779400257,1.0,0.0170257558945164,-0.3351001861032445,-15.377871951212995,-0.33510018610324455,-31.071609890386075,-178.85325175749654
251.535767883942,0.00023766796010250452,4.145260014534498,0.0002376679601025045,4.1452600145345,0.9999999999999999,0.017025737617393896,-0.3346949482433568,-15.377881275507033,-0.33469494824335677,-31.07158342730575,-178.85464341305521
251.67583791895947,0.00023766947879416513,4.1402052818092985,0.0002376694787941651,4.1402052818092985,0.9999999999999999,0.01702571937692895,-0.33429002167235766,-15.377890581109755,-0.33429002167235766,-31.07155701749027,-178.8560339816851
251.815907953977,0.00023767099442876507,4.135154574622535,0.00023767099442876507,4.135154574622537,1.0,0.01702570117304559,-0.33388540590345844,-15.377899868059863,-0.33388540590345844,-31.071530660828486,-178.857423465122
251.95597798899448,0.000237672507012682,4.1301078863864475,0.00023767250701268197,4.130107886386447,0.9999999999999999,0.01702568300566803,-0.33348110045086987,-15.377909136395955,-0.3334811004508699,-31.07150435720953,-178.85881186509786
252.096048024012,0.00023767401655227564,4.125065210527591,0.00023767401655227566,4.125065210527592,1.0000000000000002,0.017025664874720684,-0.33307710482980096,-15.377918386156535,-0.3330771048298009,-31.071478106522864,-178.86019918334117
252.2361180590295,0.00023767552305388904,4.120026540486805,0.00023767552305388904,4.120026540486804,1.0,0.017025646780128204,-0.33267341855645544,-15.377927617379987,-0.33267341855645544,-31.0714519086582,-178.86158542157662
252.37618809404702,0.0002376770265238478,4.114991869719163,0.0002376770265238478,4.114991869719164,1.0,0.01702562872181541,-0.3322700411480291,-15.377936830104598,-0.3322700411480291,-31.071425763505644,-178.8629705815254
252.51625812906454,0.00023767852696846047,4.109961191693952,0.0002376785269684605,4.109961191693949,1.0000000000000002,0.017025610699707344,-0.3318669721227086,-15.37794602436856,-0.3318669721227086,-31.07139967095549,-178.86435466490494
252.65632816408205,0.00023768002439401785,4.104934499894611,0.00023768002439401788,4.104934499894611,1.0000000000000002,0.01702559271372923,-0.3314642109996678,-15.377955200209957,-0.3314642109996678,-31.071373630898435,-178.86573767342915
252.79639819909954,0.00023768151880679454,4.099911787818718,0.00023768151880679454,4.099911787818719,1.0,0.01702557476380652,-0.33106175729906523,-15.377964357666762,-0.33106175729906523,-31.071347643225366,-178.86711960880837
252.93646823411706,0.00023768301021304767,4.094893048977925,0.00023768301021304762,4.094893048977928,0.9999999999999998,0.017025556849864846,-0.3306596105420425,-15.377973496776857,-0.3306596105420425,-31.071321707827543,-178.86850047274922
253.07653826913455,0.00023768449861901725,4.089878276897953,0.00023768449861901722,4.089878276897952,0.9999999999999999,0.01702553897183004,-0.33025777025072156,-15.377982617578025,-0.33025777025072156,-31.071295824596508,-178.8698802669548
253.21660830415206,0.00023768598403092671,4.084867465118514,0.00023768598403092674,4.0848674651185135,1.0000000000000002,0.017025521129628154,-0.32985623594820157,-15.377991720107932,-0.3298562359482015,-31.07126999342409,-178.87125899312468
253.3566783391696,0.0002376874664549825,4.07986060719331,0.00023768746645498254,4.079860607193308,1.0000000000000002,0.017025503323185413,-0.32945500715855713,-15.378000804404161,-0.32945500715855713,-31.071244214202384,-178.87263665295484
253.4967483741871,0.00023768894589737432,4.0748576966899765,0.00023768894589737435,4.074857696689975,1.0000000000000002,0.017025485552428256,-0.3290540834068358,-15.37800987050418,-0.32905408340683573,-31.07121848682382,-178.8740132481376
253.6368184092046,0.00023769042236427507,4.069858727190044,0.00023769042236427507,4.069858727190044,1.0,0.017025467817283323,-0.32865346421905506,-15.37801891844536,-0.32865346421905506,-31.07119281118109,-178.8753887803619
253.7768884442221,0.00023769189586184093,4.064863692288913,0.00023769189586184093,4.064863692288915,1.0,0.01702545011767743,-0.3282531491222012,-15.378027948264979,-0.3282531491222012,-31.07116718716717,-178.876763251313
253.9169584792396,0.00023769336639621136,4.059872585595805,0.0002376933663962114,4.059872585595804,1.0000000000000002,0.01702543245353761,-0.32785313764422563,-15.378036960000209,-0.32785313764422563,-31.071141614675373,-178.8781366626727
254.05702851425713,0.00023769483397350955,4.054885400733726,0.00023769483397350955,4.054885400733726,1.0,0.01702541482479107,-0.32745342931404237,-15.37804595368813,-0.3274534293140423,-31.071116093599258,-178.87950901611927
254.1970985492746,0.000237696298599842,4.049902131339442,0.000237696298599842,4.049902131339444,1.0,0.017025397231365248,-0.32705402366152697,-15.3780549293657,-0.32705402366152697,-31.071090623832674,-178.88088031332745
254.33716858429213,0.00023769776028129851,4.0449227710634235,0.0002376977602812985,4.0449227710634235,0.9999999999999999,0.01702537967318773,-0.32665492021751313,-15.378063887069814,-0.32665492021751313,-31.071065205269765,-178.8822505559685
254.47723861930967,0.00023769921902395283,4.039947313569823,0.0002376992190239528,4.039947313569823,0.9999999999999999,0.01702536215018633,-0.32625611851379016,-15.37807282683724,-0.32625611851379016,-31.071039837804932,-178.88361974571018
254.61730865432716,0.00023770067483386208,4.034975752536441,0.00023770067483386208,4.034975752536441,1.0,0.017025344662289058,-0.3258576180831015,-15.37808174870465,-0.3258576180831015,-31.07101452133295,-178.88498788421674
254.75737868934468,0.00023770212771706724,4.030008081654667,0.0002377021277170672,4.030008081654667,0.9999999999999999,0.01702532720942407,-0.32545941845914117,-15.37809065270864,-0.32545941845914117,-31.07098925574875,-178.886354973149
254.89744872436216,0.0002377035776795928,4.025044294629467,0.0002377035776795928,4.025044294629469,1.0,0.017025309791519772,-0.3250615191765526,-15.378099538885689,-0.3250615191765526,-31.070964040947647,-178.88772101416427
255.03751875937968,0.00023770502472744739,4.020084385179343,0.00023770502472744736,4.020084385179343,0.9999999999999999,0.017025292408504738,-0.3246639197709254,-15.37810840727217,-0.3246639197709254,-31.0709388768252,-178.88908600891642
255.1775887943972,0.00023770646886662303,4.015128347036285,0.00023770646886662306,4.015128347036284,1.0000000000000002,0.01702527506030771,-0.3242666197787934,-15.378117257904393,-0.3242666197787934,-31.07091376327721,-178.89044995905593
255.31765882941468,0.000237707910103096,4.010176173945742,0.000237707910103096,4.010176173945743,1.0,0.017025257746857654,-0.3238696187376321,-15.37812609081854,-0.3238696187376321,-31.070888700199852,-178.89181286622969
255.45772886443223,0.00023770934844282647,4.005227859666594,0.0002377093484428265,4.005227859666594,1.0000000000000002,0.017025240468083715,-0.32347291618585616,-15.378134906050702,-0.32347291618585616,-31.07086368748949,-178.89317473208126
255.5977988994497,0.00023771078389175847,4.000283397971103,0.00023771078389175844,4.000283397971103,0.9999999999999999,0.01702522322391521,-0.32307651166281837,-15.37814370363689,-0.32307651166281837,-31.070838725042815,-178.89453555825082
255.73786893446723,0.00023771221645581993,3.99534278264488,0.0002377122164558199,3.995342782644881,0.9999999999999999,0.017025206014281657,-0.3226804047088048,-15.378152483613007,-0.3226804047088048,-31.07081381275677,-178.89589534637506
255.87793896948475,0.0002377136461409234,3.990406007486862,0.0002377136461409234,3.990406007486862,1.0,0.017025188839112776,-0.3222845948650357,-15.378161246014859,-0.3222845948650357,-31.07078895052861,-178.89725409808727
256.01800900450223,0.00023771507295296512,3.985473066309257,0.0002377150729529651,3.985473066309258,0.9999999999999999,0.01702517169833845,-0.32188908167366004,-15.378169990878156,-0.32188908167366004,-31.07076413825579,-178.89861181501738
256.15807903951975,0.0002377164968978257,3.980543952937525,0.00023771649689782571,3.980543952937525,1.0000000000000002,0.017025154591888757,-0.321493864677755,-15.378178718238525,-0.321493864677755,-31.070739375836144,-178.8999684987919
256.29814907453726,0.00023771791798136993,3.9756186612103313,0.00023771791798136996,3.975618661210331,1.0000000000000002,0.017025137519693968,-0.3210989434213238,-15.378187428131492,-0.3210989434213238,-31.070714663167728,-178.901324151034
256.4382191095548,0.00023771933620944714,3.9706971849795245,0.00023771933620944712,3.9706971849795245,0.9999999999999999,0.017025120481684534,-0.32070431744929234,-15.378196120592476,-0.3207043174492923,-31.07069000014883,-178.90267877336342
256.5782891445723,0.00023772075158789052,3.9657795181100792,0.00023772075158789052,3.9657795181100792,1.0,0.017025103477791077,-0.3203099863075077,-15.378204795656822,-0.3203099863075077,-31.07066538667805,-178.9040323673966
256.71835917958975,0.00023772216412251817,3.960865654480092,0.00023772216412251817,3.9608656544800938,1.0,0.01702508650794443,-0.31991594954273567,-15.378213453359773,-0.3199159495427357,-31.070640822654315,-178.90538493474662
256.8584292146073,0.0002377235738191324,3.955955587980719,0.00023772357381913236,3.955955587980719,0.9999999999999999,0.017025069572075585,-0.3195222067026585,-15.378222093736477,-0.31952220670265846,-31.070616307976692,-178.90673647702314
256.99849924962484,0.00023772498068352018,3.9510493125161514,0.00023772498068352018,3.9510493125161514,1.0,0.017025052670115746,-0.3191287573358723,-15.378230716821989,-0.31912875733587237,-31.07059184254463,-178.90808699583258
257.1385692846423,0.00023772638472145267,3.946146822003586,0.00023772638472145262,3.9461468220035876,0.9999999999999998,0.01702503580199625,-0.3187356009918854,-15.378239322651277,-0.31873560099188536,-31.070567426257828,-178.90943649277796
257.2786393196598,0.000237727785938686,3.941248110373186,0.000237727785938686,3.9412481103731873,1.0,0.017025018967648672,-0.3183427372211158,-15.378247911259207,-0.3183427372211158,-31.07054305901617,-178.91078496945903
257.41870935467733,0.00023772918434096082,3.9363531715680438,0.0002377291843409608,3.936353171568045,0.9999999999999999,0.01702500216700472,-0.3179501655748882,-15.378256482680566,-0.3179501655748882,-31.070518740719905,-178.91213242747224
257.55877938969485,0.00023773057993400253,3.9314619995441538,0.0002377305799340025,3.9314619995441524,0.9999999999999999,0.017024985399996327,-0.3175578856054334,-15.37826503695003,-0.3175578856054334,-31.070494471269537,-178.9134788684107
257.69884942471236,0.00023773197272352104,3.92657458827037,0.000237731972723521,3.9265745882703693,0.9999999999999999,0.017024968666555566,-0.31716589686588464,-15.378273574102206,-0.3171658968658847,-31.070470250565773,-178.9148242938642
257.8389194597298,0.00023773336271521142,3.921690931728377,0.00023773336271521142,3.9216909317283752,1.0,0.01702495196661472,-0.3167741989102754,-15.378282094171592,-0.3167741989102754,-31.07044607850962,-178.91616870541932
257.9789894947474,0.00023773474991475342,3.9168110239126586,0.00023773474991475342,3.9168110239126563,1.0,0.017024935300106233,-0.3163827912935385,-15.378290597192596,-0.3163827912935385,-31.07042195500235,-178.91751210465932
258.1190595297649,0.00023773613432781144,3.9119348588304583,0.0002377361343278114,3.9119348588304574,0.9999999999999999,0.017024918666962725,-0.3159916735715028,-15.378299083199556,-0.3159916735715028,-31.07039787994553,-178.9188544931642
258.25912956478237,0.00023773751596003527,3.9070624305017456,0.00023773751596003524,3.9070624305017447,0.9999999999999999,0.017024902067117,-0.31560084530089055,-15.378307552226696,-0.31560084530089055,-31.070373853240916,-178.92019587251067
258.3991995997999,0.00023773889481705949,3.9021937329591867,0.00023773889481705954,3.902193732959186,1.0000000000000002,0.01702488550050206,-0.3152103060393164,-15.378316004308152,-0.3152103060393164,-31.07034987479058,-178.92153624427226
258.5392696348174,0.00023774027090450343,3.8973287602481124,0.00023774027090450343,3.897328760248112,1.0,0.017024868967051042,-0.31482005534528457,-15.378324439477986,-0.31482005534528457,-31.070325944496826,-178.9228756100192
258.6793396698349,0.00023774164422797213,3.8924675064264744,0.00023774164422797213,3.8924675064264753,1.0,0.017024852466697295,-0.31443009277818657,-15.378332857770154,-0.3144300927781865,-31.070302062262243,-178.92421397131844
258.81940970485243,0.00023774301479305502,3.8876099655648253,0.000237743014793055,3.887609965564826,0.9999999999999999,0.01702483599937431,-0.31404041789829956,-15.378341259218537,-0.31404041789829956,-31.07027822798966,-178.92555132973382
258.95947973986995,0.00023774438260532738,3.882756131746272,0.00023774438260532738,3.882756131746273,1.0,0.017024819565015795,-0.3136510302667833,-15.378349643856913,-0.31365103026678326,-31.070254441582176,-178.9268876868259
259.09954977488746,0.0002377457476703493,3.8779059990664577,0.0002377457476703493,3.877905999066457,1.0,0.017024803163555594,-0.3132619294456787,-15.37835801171898,-0.3132619294456787,-31.070230702943114,-178.92822304415202
259.2396198099049,0.00023774710999366623,3.8730595616335157,0.0002377471099936662,3.873059561633517,0.9999999999999999,0.017024786794927752,-0.3128731149979057,-15.37836636283834,-0.3128731149979057,-31.070207011976105,-178.92955740326633
259.37968984492244,0.00023774846958080908,3.86821681356804,0.0002377484695808091,3.868216813568038,1.0000000000000002,0.017024770459066463,-0.31248458648726024,-15.378374697248521,-0.3124845864872602,-31.070183368585,-178.9308907657198
259.51975987993995,0.00023774982643729391,3.863377749003057,0.00023774982643729394,3.8633777490030563,1.0000000000000002,0.017024754155906114,-0.3120963434784133,-15.378383014982948,-0.3120963434784133,-31.070159772673907,-178.93222313306015
259.65982991495747,0.00023775118056862236,3.8585423620839916,0.0002377511805686223,3.85854236208399,0.9999999999999998,0.01702473788538125,-0.3117083855369076,-15.378391316074964,-0.3117083855369076,-31.070136224147188,-178.933554506832
259.799899949975,0.00023775253198028145,3.853710646968631,0.00023775253198028148,3.853710646968631,1.0000000000000002,0.017024721647426605,-0.31132071222915686,-15.378399600557831,-0.31132071222915686,-31.070112722909478,-178.93488488857676
259.9399699849925,0.00023775388067774357,3.848882597827092,0.00023775388067774357,3.848882597827093,1.0,0.017024705441977057,-0.3109333231224422,-15.378407868464715,-0.3109333231224422,-31.07008926886564,-178.93621427983268
260.08004002001,0.00023775522666646712,3.8440582088417923,0.00023775522666646712,3.8440582088417914,1.0,0.01702468926896769,-0.3105462177849103,-15.378416119828689,-0.31054621778491026,-31.0700658619208,-178.93754268213493
260.22011005502753,0.00023775656995189549,3.83923747420742,0.00023775656995189549,3.8392374742074207,1.0,0.017024673128333723,-0.31015939578557256,-15.378424354682764,-0.3101593957855725,-31.07004250198031,-178.93887009701535
260.360180090045,0.0002377579105394582,3.8344203881308943,0.0002377579105394582,3.834420388130896,1.0,0.01702465702001057,-0.3097728566943015,-15.37843257305984,-0.3097728566943015,-31.07001918894982,-178.9401965260029
260.5002501250625,0.00023775924843457024,3.829606944831337,0.0002377592484345702,3.8296069448313372,0.9999999999999999,0.017024640943933807,-0.30938660008182917,-15.37844077499274,-0.30938660008182917,-31.069995922735202,-178.9415219706231
260.64032016008,0.0002377605836426322,3.824797138540044,0.00023776058364263216,3.824797138540044,0.9999999999999999,0.017024624900039163,-0.30900062551974544,-15.378448960514204,-0.30900062551974544,-31.069972703242538,-178.94284643239868
260.78039019509754,0.0002377619161690306,3.8199909635004476,0.0002377619161690306,3.8199909635004485,1.0,0.017024608888262554,-0.30861493258049516,-15.378457129656887,-0.30861493258049516,-31.06994953037824,-178.94416991284896
260.92046023011505,0.000237763246019138,3.815188413968091,0.000237763246019138,3.815188413968091,1.0,0.017024592908540057,-0.30822952083737676,-15.378465282453353,-0.30822952083737676,-31.0699264040489,-178.9454924134904
261.06053026513257,0.00023776457319831228,3.810389484210589,0.00023776457319831226,3.8103894842105888,0.9999999999999999,0.017024576960807912,-0.3078443898645398,-15.378473418936089,-0.3078443898645398,-31.06990332416137,-178.94681393583616
261.2006003001501,0.00023776589771189795,3.8055941685075982,0.00023776589771189793,3.805594168507599,0.9999999999999999,0.01702456104500255,-0.30745953923698227,-15.37848153913748,-0.30745953923698227,-31.06988029062274,-178.9481344813964
261.3406703351676,0.00023776721956522465,3.8008024611507962,0.00023776721956522465,3.8008024611507953,1.0,0.017024545161060518,-0.30707496853055055,-15.37848964308985,-0.3070749685305505,-31.06985730334039,-178.94945405167826
261.48074037018506,0.00023776853876360878,3.796014356443836,0.00023776853876360878,3.796014356443836,1.0,0.017024529308918582,-0.3066906773219348,-15.378497730825423,-0.3066906773219348,-31.0698343622219,-178.95077264818565
261.6208104052026,0.00023776985531235225,3.791229848702321,0.00023776985531235225,3.791229848702321,1.0,0.017024513488513634,-0.30630666518866867,-15.378505802376345,-0.30630666518866867,-31.0698114671751,-178.95209027241958
261.7608804402201,0.00023777116921674325,3.786448932253773,0.00023777116921674328,3.786448932253772,1.0000000000000002,0.017024497699782745,-0.30592293170912654,-15.378513857774683,-0.30592293170912654,-31.069788618108056,-178.95340692587786
261.9009504752376,0.00023777248048205621,3.781671601437605,0.0002377724804820562,3.781671601437606,0.9999999999999999,0.017024481942663157,-0.3055394764625216,-15.378521897052401,-0.3055394764625216,-31.069765814929088,-178.95472261005534
262.0410205102551,0.0002377737891135516,3.7768978506050837,0.0002377737891135516,3.7768978506050854,1.0,0.017024466217092263,-0.3051562990289039,-15.378529920241409,-0.3051562990289039,-31.06974305754678,-178.95603732644375
262.18109054527264,0.00023777509511647608,3.772127674119301,0.00023777509511647605,3.772127674119301,0.9999999999999999,0.017024450523007623,-0.3047733989891579,-15.378537927373513,-0.3047733989891579,-31.069720345869886,-178.95735107653186
262.32116058029015,0.00023777639849606263,3.7673610663551473,0.0002377763984960626,3.767361066355149,0.9999999999999999,0.01702443486034697,-0.304390775925001,-15.378545918480437,-0.304390775925001,-31.06969767980744,-178.95866386180538
262.46123061530767,0.00023777769925753054,3.7625980216992723,0.00023777769925753054,3.7625980216992723,1.0,0.017024419229048182,-0.3040084294189815,-15.378553893593832,-0.30400842941898143,-31.069675059268754,-178.959975683747
262.60130065032513,0.00023777899740608542,3.7578385345500642,0.00023777899740608544,3.7578385345500642,1.0000000000000002,0.01702440362904929,-0.3036263590544759,-15.37856185274527,-0.3036263590544758,-31.06965248416332,-178.96128654383634
262.74137068534264,0.00023778029294691926,3.7530825993176125,0.0002377802929469192,3.753082599317613,0.9999999999999998,0.01702438806028853,-0.3032445644156876,-15.378569795966223,-0.3032445644156876,-31.069629954400853,-178.9625964435501
262.8814407203602,0.00023778158588521052,3.748330210423681,0.0002377815858852105,3.7483302104236826,0.9999999999999999,0.017024372522704244,-0.30286304508764467,-15.3785777232881,-0.30286304508764467,-31.069607469891388,-178.96390538436196
263.0215107553777,0.0002377828762261241,3.7435813623016707,0.00023778287622612412,3.7435813623016707,1.0000000000000002,0.017024357016234972,-0.30248180065619745,-15.378585634742219,-0.30248180065619745,-31.069585030545092,-178.96521336774256
263.1615807903952,0.00023778416397481143,3.7388360493966033,0.0002377841639748114,3.738836049396604,0.9999999999999999,0.0170243415408194,-0.3021008307080174,-15.378593530359817,-0.3021008307080174,-31.06956263627245,-178.96652039515965
263.3016508254127,0.00023778544913641048,3.7340942661650742,0.0002377854491364105,3.734094266165075,1.0000000000000002,0.01702432609639637,-0.30172013483059423,-15.378601410172056,-0.30172013483059423,-31.06954028698412,-178.96782646807785
263.4417208604302,0.00023778673171604583,3.7293560070752374,0.0002377867317160458,3.729356007075239,0.9999999999999999,0.017024310682904876,-0.3013397126122347,-15.378609274210014,-0.30133971261223463,-31.069517982591044,-178.96913158795894
263.58179089544774,0.00023778801171882882,3.7246212666067673,0.00023778801171882882,3.7246212666067673,1.0,0.017024295300284095,-0.3009595636420597,-15.378617122504686,-0.30095956364205967,-31.069495723004373,-178.97043575626176
263.7218609304652,0.00023778928914985713,3.7198900392508287,0.0002377892891498571,3.719890039250829,0.9999999999999999,0.017024279948473338,-0.30057968751000336,-15.378624955086991,-0.30057968751000336,-31.06947350813548,-178.97173897444205
263.8619309654827,0.0002377905640142156,3.7151623195100485,0.0002377905640142156,3.7151623195100494,1.0,0.01702426462741208,-0.30020008380681007,-15.37863277198776,-0.30020008380681007,-31.069451337895973,-178.97304124395274
264.00200100050023,0.00023779183631697547,3.710438101898493,0.00023779183631697544,3.710438101898494,0.9999999999999999,0.017024249337039957,-0.2998207521240338,-15.378640573237764,-0.2998207521240338,-31.06942921219769,-178.97434256624376
264.14207103551774,0.0002377931060631951,3.705717380941625,0.0002377931060631951,3.705717380941625,1.0,0.01702423407729675,-0.2994416920540339,-15.378648358867672,-0.2994416920540339,-31.069407130952715,-178.97564294276214
264.28214107053526,0.00023779437325791944,3.7010001511762805,0.0002377943732579194,3.7010001511762805,0.9999999999999999,0.017024218848122403,-0.299062903189976,-15.378656128908087,-0.299062903189976,-31.069385094073336,-178.97694237495193
264.4222111055528,0.00023779563790618044,3.696286407150647,0.00023779563790618042,3.696286407150648,0.9999999999999999,0.017024203649457018,-0.2986843851258281,-15.37866388338953,-0.2986843851258281,-31.069363101472103,-178.9782408642543
264.5622811405703,0.0002377969000129969,3.691576143424223,0.00023779690001299693,3.691576143424222,1.0000000000000002,0.017024188481240835,-0.2983061374563588,-15.378671622342443,-0.2983061374563588,-31.069341153061735,-178.97953841210753
264.7023511755878,0.00023779815958337484,3.6868693545677895,0.00023779815958337484,3.6868693545677886,1.0,0.01702417334341428,-0.2979281597771362,-15.378679345797188,-0.2979281597771362,-31.069319248755246,-178.98083501994697
264.84242121060527,0.00023779941662230712,3.6821660351633927,0.00023779941662230707,3.6821660351633945,0.9999999999999998,0.017024158235917897,-0.2975504516845256,-15.37868705378405,-0.2975504516845256,-31.069297388465806,-178.98213068920506
264.98249124562284,0.00023780067113477339,3.677466179804299,0.00023780067113477339,3.6774661798043,1.0,0.0170241431586924,-0.297173012775687,-15.378694746333245,-0.297173012775687,-31.069275572106896,-178.98342542131138
265.1225612806403,0.00023780192312574083,3.6727697830949757,0.00023780192312574088,3.672769783094974,1.0000000000000002,0.01702412811167866,-0.29679584264857406,-15.378702423474897,-0.29679584264857406,-31.069253799592126,-178.98471921769263
265.2626313156578,0.00023780317260016363,3.668076839651064,0.00023780317260016357,3.668076839651065,0.9999999999999998,0.017024113094817692,-0.29641894090193166,-15.378710085239053,-0.2964189409019316,-31.069232070835405,-178.9860120797726
265.40270135067533,0.000237804419562983,3.6633873440993425,0.00023780441956298303,3.6633873440993443,1.0000000000000002,0.017024098108050674,-0.2960423071352941,-15.378717731655694,-0.29604230713529417,-31.069210385750846,-178.98730400897225
265.54277138569284,0.00023780566401912737,3.658701291077702,0.00023780566401912737,3.658701291077703,1.0,0.0170240831513189,-0.29566594094898324,-15.378725362754725,-0.29566594094898324,-31.06918874425274,-178.98859500670966
265.68284142071036,0.00023780690597351265,3.654018675235119,0.00023780690597351262,3.6540186752351205,0.9999999999999999,0.017024068224563867,-0.2952898419441064,-15.378732978565958,-0.2952898419441064,-31.069167146255637,-178.98988507440006
265.8229114557278,0.0002378081454310418,3.649339491231629,0.00023780814543104177,3.64933949123163,0.9999999999999999,0.017024053327727186,-0.294914009722555,-15.378740579119146,-0.29491400972255505,-31.069145591674335,-178.99117421345585
265.9629814907454,0.00023780938239660517,3.6446637337382866,0.0002378093823966052,3.6446637337382843,1.0000000000000002,0.01702403846075062,-0.2945384438870023,-15.378748164443953,-0.2945384438870023,-31.069124080423784,-178.99246242528656
266.1030515257629,0.0002378106168750807,3.63999139743715,0.0002378106168750807,3.639991397437149,1.0,0.017024023623576103,-0.29416314404090094,-15.378755734569978,-0.29416314404090094,-31.069102612419222,-178.99374971129893
266.24312156078037,0.0002378118488713333,3.6353224770212487,0.00023781184887133332,3.6353224770212496,1.0000000000000002,0.017024008816145693,-0.2937881097884826,-15.378763289526736,-0.2937881097884826,-31.069081187576067,-178.99503607289688
266.3831915957979,0.0002378130783902158,3.630656967194554,0.00023781307839021578,3.630656967194554,0.9999999999999999,0.017023994038401623,-0.29341334073475406,-15.378770829343662,-0.29341334073475406,-31.069059805809953,-178.99632151148143
266.5232616308154,0.000237814305436568,3.625994862671949,0.00023781430543656798,3.6259948626719503,0.9999999999999999,0.017023979290286227,-0.293038836485498,-15.378778354050135,-0.293038836485498,-31.069038467036737,-178.99760602845086
266.6633316658329,0.00023781553001521767,3.6213361581792083,0.00023781553001521772,3.621336158179207,1.0000000000000002,0.017023964571742045,-0.29266459664726807,-15.378785863675441,-0.29266459664726807,-31.069017171172504,-178.99888962520063
266.80340170085043,0.0002378167521309802,3.616680848452957,0.00023781675213098018,3.6166808484529565,0.9999999999999999,0.017023949882711734,-0.29229062082738916,-15.378793358248792,-0.29229062082738916,-31.0689959181336,-179.0001723031234
266.94347173586794,0.0002378179717886581,3.6120289282406604,0.0002378179717886581,3.6120289282406595,1.0,0.017023935223138092,-0.29191690863395536,-15.378800837799336,-0.29191690863395536,-31.068974707836436,-179.0014540636091
267.08354177088546,0.0002378191889930417,3.6073803923005787,0.00023781918899304168,3.607380392300578,0.9999999999999999,0.017023920592964065,-0.2915434596758274,-15.378808302356147,-0.29154345967582745,-31.068953540197803,-179.00273490804474
267.223611805903,0.00023782040374890927,3.602735235401751,0.00023782040374890927,3.60273523540175,1.0,0.017023905992132757,-0.29117027356263087,-15.37881575194821,-0.29117027356263087,-31.06893241513464,-179.00401483781468
267.36368184092044,0.0002378216160610266,3.5980934523239685,0.00023782161606102659,3.5980934523239694,0.9999999999999999,0.017023891420587422,-0.2907973499047551,-15.378823186604443,-0.2907973499047551,-31.068911332564078,-179.00529385430048
267.50375187593795,0.0002378228259341472,3.593455037857733,0.00023782282593414717,3.593455037857732,0.9999999999999999,0.017023876878271428,-0.2904246883133504,-15.378830606353702,-0.29042468831335044,-31.068890292403495,-179.00657195888087
267.64382191095547,0.00023782403337301256,3.5888199868042454,0.00023782403337301258,3.5888199868042463,1.0000000000000002,0.017023862365128335,-0.29005228840032704,-15.378838011224747,-0.290052288400327,-31.068869294570455,-179.00784915293193
267.783891945973,0.0002378252383823516,3.584188293975373,0.00023782523838235164,3.5841882939753718,1.0000000000000002,0.017023847881101794,-0.28968014977835316,-15.378845401246286,-0.28968014977835316,-31.06884833898274,-179.00912543782692
267.9239619809905,0.0002378264409668815,3.579559954193619,0.0002378264409668815,3.5795599541936194,1.0,0.01702383342613563,-0.2893082720608529,-15.378852776446944,-0.2893082720608529,-31.0688274255584,-179.0104008149364
268.064032016008,0.0002378276411313073,3.574934962292098,0.00023782764113130728,3.5749349622920965,0.9999999999999999,0.017023819000173808,-0.2889366548620042,-15.378860136855277,-0.2889366548620042,-31.068806554215573,-179.01167528562812
268.20410205102553,0.00023782883888032178,3.5703133131145086,0.00023782883888032172,3.570313313114511,0.9999999999999998,0.01702380460316044,-0.2885652977967378,-15.37886748249976,-0.28856529779673773,-31.06878572487274,-179.0129488512672
268.34417208604305,0.00023783003421860572,3.565695001515112,0.00023783003421860572,3.565695001515111,1.0,0.017023790235039762,-0.2881942004807349,-15.378874813408807,-0.2881942004807349,-31.0687649374485,-179.014221513216
268.4842421210605,0.0002378312271508281,3.56108002235869,0.0002378312271508281,3.56108002235869,1.0,0.01702377589575617,-0.28782336253042545,-15.378882129610753,-0.28782336253042545,-31.068744191861697,-179.01549327283408
268.624312156078,0.00023783241768164586,3.556468370520533,0.00023783241768164583,3.5564683705205336,0.9999999999999999,0.01702376158525419,-0.2874527835629861,-15.37888943113386,-0.2874527835629861,-31.068723488031363,-179.01676413147848
268.76438219109554,0.0002378336058157039,3.551860040886414,0.00023783360581570393,3.551860040886414,1.0000000000000002,0.0170237473034785,-0.2870824631963398,-15.378896718006324,-0.28708246319633984,-31.06870282587677,-179.01803409050336
268.9044522261131,0.00023783479155763546,3.5472550283525446,0.0002378347915576354,3.547255028352544,0.9999999999999998,0.01702373305037391,-0.28671240104915147,-15.378903990256262,-0.28671240104915147,-31.068682205317387,-179.0193031512603
269.04452226113057,0.00023783597491206174,3.5426533278255707,0.0002378359749120617,3.542653327825573,0.9999999999999999,0.017023718825885364,-0.286342596740829,-15.378911247911732,-0.286342596740829,-31.068661626272824,-179.02057131509807
269.1845922961481,0.00023783715588359232,3.5380549342225285,0.00023783715588359235,3.5380549342225267,1.0000000000000002,0.01702370462995796,-0.28597304989151945,-15.378918491000707,-0.28597304989151945,-31.068641088663007,-179.02183858336286
269.32466233116554,0.00023783833447682483,3.533459842470827,0.00023783833447682485,3.533459842470826,1.0000000000000002,0.017023690462536926,-0.28560376012210814,-15.3789257195511,-0.28560376012210814,-31.06862059240799,-179.0231049573982
269.46473236618306,0.00023783951069634537,3.5288680475082224,0.00023783951069634534,3.528868047508225,0.9999999999999999,0.017023676323567643,-0.285234727054217,-15.37893293359074,-0.28523472705421704,-31.068600137428042,-179.02437043854488
269.6048024012006,0.00023784068454672802,3.524279544282781,0.00023784068454672807,3.524279544282781,1.0000000000000002,0.0170236622129956,-0.28486595031020207,-15.378940133147402,-0.28486595031020207,-31.068579723643648,-179.02563502814104
269.74487243621815,0.00023784185603253558,3.519694327752871,0.00023784185603253558,3.519694327752871,1.0,0.017023648130766452,-0.28449742951315293,-15.378947318248779,-0.28449742951315293,-31.068559350975487,-179.0268987275222
269.88494247123566,0.00023784302515831906,3.51511239288712,0.00023784302515831904,3.5151123928871204,0.9999999999999999,0.017023634076825986,-0.2841291642868899,-15.3789544889225,-0.28412916428688995,-31.06853901934446,-179.0281615380212
270.0250125062531,0.00023784419192861785,3.5105337346644037,0.0002378441919286178,3.510533734664406,0.9999999999999998,0.017023620051120104,-0.28376115425596327,-15.37896164519612,-0.28376115425596327,-31.06851872867162,-179.0294234609683
270.16508254127064,0.00023784535634795975,3.505958348073798,0.00023784535634795975,3.5059583480737975,1.0,0.017023606053594886,-0.2833933990456496,-15.378968787097131,-0.28339339904564953,-31.06849847887831,-179.03068449769097
270.3051525762881,0.0002378465184208611,3.5013862281145807,0.00023784651842086114,3.501386228114579,1.0000000000000002,0.017023592084196515,-0.28302589828195324,-15.378975914652948,-0.28302589828195324,-31.06847826988597,-179.03194464951423
270.44522261130567,0.00023784767815182686,3.4968173697961777,0.0002378476781518269,3.4968173697961764,1.0000000000000002,0.017023578142871316,-0.2826586515916008,-15.378983027890925,-0.2826586515916008,-31.068458101616322,-179.0332039177604
270.5852926463231,0.00023784883554535033,3.492251768138169,0.00023784883554535033,3.49225176813817,1.0,0.01702356422956576,-0.28229165860204336,-15.378990126838332,-0.28229165860204336,-31.068437973991227,-179.03446230374917
270.7253626813407,0.00023784999060591353,3.487689418170234,0.00023784999060591353,3.4876894181702336,1.0,0.017023550344226444,-0.28192491894145133,-15.378997211522389,-0.28192491894145133,-31.068417886932767,-179.0357198087976
270.86543271635816,0.0002378511433379871,3.483130314932141,0.0002378511433379871,3.4831303149321413,1.0,0.0170235364868001,-0.28155843223871496,-15.379004281970236,-0.28155843223871496,-31.06839784036324,-179.03697643422024
271.0055027513757,0.0002378522937460304,3.478574453473716,0.0002378522937460304,3.4785744534737155,1.0,0.017023522657233607,-0.28119219812344126,-15.379011338208944,-0.28119219812344126,-31.068377834205112,-179.03823218132894
271.1455727863932,0.00023785344183449114,3.474021828854823,0.00023785344183449114,3.4740218288548235,1.0,0.01702350885547395,-0.2808262162259535,-15.379018380265528,-0.2808262162259535,-31.068357868381078,-179.03948705143299
271.28564282141065,0.0002378545876078061,3.4694724361453337,0.00023785458760780607,3.4694724361453333,0.9999999999999999,0.01702349508146827,-0.2804604861772885,-15.37902540816692,-0.2804604861772885,-31.068337942813997,-179.04074104583913
271.4257128564282,0.00023785573107040084,3.464926270425102,0.00023785573107040084,3.464926270425102,1.0,0.01702348133516384,-0.28009500760919537,-15.379032421939993,-0.28009500760919537,-31.068318057426918,-179.0419941658515
271.56578289144574,0.00023785687222668936,3.460383326783946,0.00023785687222668936,3.460383326783946,1.0,0.017023467616508053,-0.27972978015413397,-15.379039421611553,-0.27972978015413397,-31.068298212143148,-179.04324641277165
271.70585292646325,0.000237858011081075,3.4558436003216157,0.00023785801108107502,3.455843600321615,1.0000000000000002,0.017023453925448462,-0.27936480344527337,-15.379046407208328,-0.27936480344527337,-31.068278406886115,-179.04449778789856
271.8459229614807,0.0002378591476379494,3.451307086147768,0.00023785914763794943,3.451307086147769,1.0000000000000002,0.01702344026193271,-0.2790000771164891,-15.379053378756995,-0.2790000771164891,-31.068258641579476,-179.0457482925287
271.9859929964982,0.0002378602819016935,3.4467737793819455,0.0002378602819016935,3.4467737793819473,1.0,0.017023426625908594,-0.2786356008023631,-15.379060336284155,-0.2786356008023631,-31.068238916147074,-179.04699792795594
272.12606303151574,0.00023786141387667704,3.442243675153549,0.00023786141387667706,3.4422436751535495,1.0000000000000002,0.017023413017324057,-0.2782713741381804,-15.379067279816338,-0.2782713741381804,-31.068219230512945,-179.04824669547162
272.26613306653326,0.00023786254356725868,3.437716768601812,0.00023786254356725865,3.437716768601813,0.9999999999999999,0.017023399436127143,-0.2779073967599287,-15.379074209380024,-0.2779073967599287,-31.068199584601317,-179.04949459636453
272.4062031015508,0.00023786367097778613,3.433193054875786,0.0002378636709777861,3.4331930548757867,0.9999999999999999,0.01702338588226605,-0.2775436683042964,-15.379081125001601,-0.27754366830429644,-31.068179978336595,-179.0507416319209
272.5462731365683,0.0002378647961125961,3.4286725291342957,0.0002378647961125961,3.428672529134298,1.0,0.01702337235568909,-0.2771801884086705,-15.379088026707414,-0.2771801884086705,-31.068160411643394,-179.05198780342454
272.6863431715858,0.00023786591897601435,3.424155186545937,0.00023786591897601437,3.424155186545937,1.0000000000000002,0.017023358856344716,-0.27681695671113526,-15.379094914523732,-0.27681695671113526,-31.068140884446535,-179.0532331121566
272.82641320660326,0.0002378670395723557,3.419641022289035,0.0002378670395723557,3.4196410222890328,1.0,0.017023345384181505,-0.276453972850471,-15.379101788476762,-0.276453972850471,-31.068121396670993,-179.05447755939576
272.9664832416208,0.0002378681579059243,3.4151300315516284,0.00023786815790592433,3.415130031551626,1.0000000000000002,0.017023331939148154,-0.2760912364661516,-15.379108648592641,-0.2760912364661516,-31.068101948241946,-179.05572114641825
273.1065532766383,0.00023786927398101318,3.4106222095314447,0.00023786927398101315,3.410622209531446,0.9999999999999999,0.017023318521193504,-0.2757287471983435,-15.379115494897441,-0.27572874719834345,-31.06808253908474,-179.05696387449765
273.2466233116558,0.0002378703878019046,3.40611755143587,0.0002378703878019046,3.406117551435871,1.0,0.017023305130266505,-0.27536650468790325,-15.37912232741718,-0.27536650468790325,-31.068063169124972,-179.05820574490528
273.3866933466734,0.0002378714993728702,3.401616052481935,0.00023787149937287016,3.4016160524819354,0.9999999999999999,0.017023291766316263,-0.2750045085763774,-15.37912914617779,-0.2750045085763774,-31.068043838288347,-179.0594467589097
273.52676338169084,0.00023787260869817103,3.397117707896284,0.00023787260869817105,3.397117707896284,1.0000000000000002,0.017023278429291987,-0.27464275850599956,-15.379135951205159,-0.27464275850599956,-31.06802454650081,-179.06068691777722
273.66683341670836,0.0002378737157820568,3.3926225129151484,0.0002378737157820568,3.3926225129151466,1.0,0.017023265119143014,-0.2742812541196893,-15.379142742525097,-0.2742812541196893,-31.068005293688465,-179.06192622277146
273.8069034517258,0.00023787482062876728,3.3881304627843294,0.00023787482062876728,3.388130462784328,1.0,0.017023251835818824,-0.2739199950610502,-15.379149520163356,-0.2739199950610502,-31.067986079777622,-179.0631646751537
273.94697348674333,0.000237875923242531,3.3836415527591694,0.00023787592324253103,3.383641552759168,1.0000000000000002,0.017023238579269,-0.2735589809743684,-15.379156284145626,-0.2735589809743684,-31.067966904694792,-179.06440227618273
274.0870435217609,0.00023787702362756637,3.3791557781045256,0.00023787702362756635,3.379155778104525,0.9999999999999999,0.017023225349443283,-0.27319821150461115,-15.379163034497518,-0.27319821150461115,-31.067947768366594,-179.06563902711486
274.22711355677836,0.0002378781217880808,3.3746731340947655,0.00023787812178808077,3.374673134094764,0.9999999999999999,0.017023212146291496,-0.272837686297426,-15.379169771244605,-0.272837686297426,-31.06792867071991,-179.0668749292039
274.36718359179594,0.00023787921772827148,3.3701936160137103,0.0002378792177282715,3.3701936160137107,1.0000000000000002,0.017023198969763627,-0.2724774049991368,-15.37917649441237,-0.27247740499913675,-31.067909611681756,-179.06810998370133
274.5072536268134,0.00023788031145232472,3.3657172191546403,0.00023788031145232472,3.3657172191546394,1.0,0.01702318581980976,-0.27211736725674474,-15.379183204026257,-0.27211736725674474,-31.067890591179367,-179.0693441918561
274.6473236618309,0.00023788140296441678,3.3612439388202553,0.00023788140296441678,3.361243938820254,1.0,0.017023172696380127,-0.2717575727179252,-15.37918990011162,-0.2717575727179252,-31.067871609140152,-179.07057755491465
274.78739369684837,0.00023788249226871307,3.3567737703226586,0.00023788249226871312,3.3567737703226608,1.0000000000000002,0.01702315959942506,-0.2713980210310268,-15.37919658269377,-0.2713980210310268,-31.06785266549169,-179.07181007412117
274.92746373186594,0.00023788357936936876,3.352306708983328,0.00023788357936936874,3.3523067089833285,0.9999999999999999,0.017023146528895028,-0.2710387118450696,-15.379203251797959,-0.2710387118450696,-31.067833760161747,-179.0730417507173
275.06753376688346,0.0002378846642705287,3.3478427501331,0.00023788466427052867,3.3478427501331,0.9999999999999999,0.01702313348474063,-0.2706796448097437,-15.379209907449354,-0.2706796448097437,-31.067814893078257,-179.07427258594228
275.207603801901,0.00023788574697632716,3.3433818891121345,0.00023788574697632714,3.343381889112135,0.9999999999999999,0.017023120466912567,-0.2703208195754071,-15.379216549673078,-0.27032081957540716,-31.06779606416935,-179.0755025810329
275.3476738369185,0.0002378868274908884,3.338924121269907,0.00023788682749088837,3.338924121269908,0.9999999999999999,0.01702310747536169,-0.2699622357930852,-15.379223178494183,-0.2699622357930852,-31.067777273363326,-179.0767317372236
275.48774387193595,0.00023788790581832589,3.3344694419651772,0.0002378879058183259,3.3344694419651772,1.0000000000000002,0.017023094510038937,-0.2696038931144685,-15.379229793937665,-0.2696038931144685,-31.0677585205887,-179.0779600557464
275.62781390695346,0.00023788898196274328,3.3300178465659585,0.0002378889819627433,3.3300178465659593,1.0000000000000002,0.0170230815708954,-0.2692457911919107,-15.379236396028457,-0.2692457911919107,-31.06773980577409,-179.07918753783096
275.7678839419709,0.00023789005592823387,3.3255693304495106,0.00023789005592823385,3.325569330449513,0.9999999999999999,0.017023068657882272,-0.268887929678428,-15.379242984791425,-0.268887929678428,-31.067721128848383,-179.0804141847044
275.9079539769885,0.00023789112771888048,3.321123889002304,0.00023789112771888048,3.321123889002303,1.0,0.017023055770950875,-0.2685303082276972,-15.379249560251381,-0.2685303082276972,-31.067702489740565,-179.08163999759165
276.048024012006,0.00023789219733875625,3.316681517620006,0.00023789219733875628,3.3166815176200077,1.0000000000000002,0.017023042910052653,-0.26817292649405405,-15.379256122433064,-0.26817292649405405,-31.067683888379843,-179.08286497771516
276.1880940470235,0.00023789326479192375,3.31224221170745,0.0002378932647919237,3.31224221170745,0.9999999999999998,0.017023030075139167,-0.26781578413249146,-15.379262671361165,-0.26781578413249146,-31.067665324695582,-179.08408912629497
276.32816408204104,0.00023789433008243556,3.3078059666786226,0.00023789433008243553,3.3078059666786217,0.9999999999999999,0.0170230172661621,-0.2674588807986592,-15.379269207060307,-0.2674588807986592,-31.067646798617336,-179.0853124445488
276.4682341170585,0.00023789539321433426,3.303372777956625,0.0002378953932143342,3.3033727779566253,0.9999999999999998,0.017023004483073253,-0.2671022161488602,-15.37927572955505,-0.2671022161488602,-31.06762831007481,-179.08653493369204
276.608304152076,0.00023789645419165222,3.2989426409736704,0.00023789645419165222,3.298942640973671,1.0,0.017022991725824534,-0.2667457898400516,-15.379282238869907,-0.2667457898400516,-31.067609858997915,-179.08775659493764
276.74837418709353,0.00023789751301841195,3.2945155511710436,0.00023789751301841195,3.294515551171046,1.0,0.017022978994367995,-0.26638960152984076,-15.379288735029311,-0.26638960152984076,-31.06759144531673,-179.08897742949628
276.88844422211105,0.00023789856969862582,3.290091503999093,0.00023789856969862582,3.2900915039990934,1.0,0.017022966288655787,-0.26603365087648567,-15.37929521805765,-0.26603365087648567,-31.067573068961487,-179.0901974385762
277.0285142571286,0.0002378996242362962,3.2856704949171966,0.00023789962423629617,3.285670494917198,0.9999999999999999,0.017022953608640187,-0.26567793753889235,-15.379301687979236,-0.26567793753889235,-31.067554729862607,-179.09141662338342
277.1685842921461,0.00023790067663541576,3.2812525193937487,0.00023790067663541576,3.28125251939375,1.0,0.017022940954273584,-0.2653224611766137,-15.379308144818346,-0.2653224611766137,-31.067536427950696,-179.09263498512152
277.3086543271636,0.000237901726899967,3.2768375729061323,0.000237901726899967,3.2768375729061328,1.0,0.01702292832550849,-0.2649672214498479,-15.379314588599176,-0.2649672214498479,-31.06751816315651,-179.09385252499177
277.44872436218105,0.00023790277503392277,3.272425650940696,0.0002379027750339228,3.272425650940695,1.0000000000000002,0.01702291572229754,-0.26461221801943713,-15.37932101934586,-0.26461221801943713,-31.067499935410975,-179.09506924419316
277.58879439719857,0.00023790382104124593,3.2680167489927348,0.00023790382104124593,3.2680167489927356,1.0,0.01702290314459347,-0.2642574505468656,-15.379327437082491,-0.26425745054686567,-31.067481744645207,-179.09628514392233
277.7288644322161,0.0002379048649258893,3.2636108625664675,0.0002379048649258893,3.2636108625664675,1.0,0.01702289059234914,-0.26390291869425847,-15.379333841833095,-0.2639029186942584,-31.06746359079046,-179.0975002253736
277.8689344672336,0.0002379059066917963,3.2592079871750204,0.00023790590669179628,3.2592079871750204,0.9999999999999999,0.01702287806551752,-0.2635486221243807,-15.379340233621635,-0.26354862212438074,-31.06744547377823,-179.09871448973902
278.0090045022512,0.0002379069463429006,3.2548081183403896,0.0002379069463429006,3.254808118340389,1.0,0.01702286556405171,-0.26319456050063433,-15.379346612472013,-0.26319456050063433,-31.067427393540083,-179.09992793820828
278.14907453726863,0.0002379079838831258,3.2504112515934396,0.0002379079838831258,3.2504112515934405,1.0,0.01702285308790492,-0.2628407334870585,-15.37935297840808,-0.2628407334870585,-31.067409350007832,-179.1011405719688
278.28914457228615,0.00023790901931638594,3.2460173824738594,0.0002379090193163859,3.246017382473859,0.9999999999999999,0.017022840637030464,-0.2624871407483264,-15.379359331453625,-0.2624871407483264,-31.06739134311343,-179.10235239220583
278.4292146073036,0.00023791005264658545,3.2416265065301606,0.00023791005264658545,3.241626506530162,1.0,0.01702282821138178,-0.26213378194974585,-15.379365671632378,-0.26213378194974585,-31.067373372789003,-179.10356340010205
278.5692846423212,0.00023791108387761904,3.2372386193196445,0.00023791108387761904,3.2372386193196454,1.0,0.017022815810912424,-0.26178065675725537,-15.379371998968011,-0.26178065675725537,-31.067355438966825,-179.1047735968381
278.70935467733864,0.00023791211301337192,3.2328537164083873,0.00023791211301337192,3.2328537164083877,1.0,0.01702280343557605,-0.2614277648374248,-15.379378313484144,-0.26142776483742486,-31.067337541579363,-179.1059829835923
278.8494247123562,0.00023791314005771954,3.2284717933712064,0.00023791314005771954,3.2284717933712055,1.0,0.01702279108532645,-0.2610751058574527,-15.379384615204327,-0.26107510585745264,-31.067319680559244,-179.10719156154067
278.9894947473737,0.00023791416501452788,3.224092845791658,0.0002379141650145279,3.224092845791657,1.0000000000000002,0.017022778760117502,-0.26072267948516553,-15.379390904152059,-0.26072267948516553,-31.067301855839247,-179.10839933185696
279.1295647823912,0.0002379151878876533,3.2197168692619975,0.0002379151878876533,3.2197168692619993,1.0,0.017022766459903214,-0.2603704853890154,-15.37939718035079,-0.2603704853890154,-31.06728406735236,-179.10960629571267
279.2696348174087,0.00023791620868094288,3.215343859383167,0.00023791620868094288,3.2153438593831676,1.0,0.01702275418463772,-0.2600185232380794,-15.37940344382389,-0.2600185232380794,-31.067266315031695,-179.110812454277
279.40970485242616,0.00023791722739823406,3.210973811764771,0.00023791722739823406,3.210973811764772,1.0,0.017022741934275224,-0.25966679270205756,-15.379409694594697,-0.25966679270205756,-31.0672485988105,-179.11201780871704
279.54977488744373,0.00023791824404335464,3.2066067220250605,0.00023791824404335467,3.2066067220250614,1.0000000000000002,0.017022729708770085,-0.2593152934512722,-15.37941593268648,-0.2593152934512722,-31.067230918622254,-179.1132223601975
279.6898449224612,0.00023791925862012346,3.202242585790908,0.00023791925862012343,3.2022425857909096,0.9999999999999999,0.017022717508076744,-0.25896402515666567,-15.379422158122448,-0.25896402515666567,-31.067213274400586,-179.11442610988092
279.82991495747876,0.00023792027113234935,3.1978813986977825,0.00023792027113234937,3.1978813986977817,1.0000000000000002,0.017022705332149772,-0.2586129874897992,-15.379428370925762,-0.2586129874897992,-31.067195666079236,-179.1156290589276
279.9699849924963,0.00023792128158383244,3.193523156389737,0.00023792128158383244,3.1935231563897357,1.0,0.017022693180943845,-0.25826218012285174,-15.37943457111952,-0.25826218012285174,-31.067178093592172,-179.11683120849554
280.11005502751374,0.00023792228997836318,3.189167854519377,0.00023792228997836318,3.1891678545193756,1.0,0.01702268105441375,-0.2579116027286179,-15.379440758726764,-0.2579116027286179,-31.067160556873496,-179.1180325597407
280.25012506253125,0.00023792329631972263,3.184815488747851,0.0002379232963197226,3.1848154887478515,0.9999999999999999,0.017022668952514378,-0.2575612549805073,-15.379446933770481,-0.2575612549805073,-31.067143055857464,-179.1192331138166
280.39019509754877,0.00023792430061168258,3.1804660547448234,0.0002379243006116826,3.1804660547448225,1.0000000000000002,0.017022656875200732,-0.2572111365525428,-15.37945309627361,-0.2572111365525428,-31.067125590478504,-179.12043287187467
280.5302651325663,0.00023792530285800598,3.176119548188453,0.00023792530285800598,3.176119548188454,1.0,0.01702264482242795,-0.2568612471193589,-15.37945924625901,-0.2568612471193589,-31.067108160671214,-179.12163183506416
280.6703351675838,0.00023792630306244573,3.171775964765371,0.00023792630306244578,3.1717759647653714,1.0000000000000002,0.017022632794151227,-0.2565115863562003,-15.379465383749523,-0.2565115863562003,-31.06709076637033,-179.12283000453206
280.8104052026013,0.00023792730122874635,3.1674353001706685,0.00023792730122874635,3.1674353001706694,1.0,0.017022620790325908,-0.2561621539389213,-15.3794715087679,-0.2561621539389213,-31.067073407510772,-179.12402738142322
280.95047523761883,0.000237928297360643,3.1630975501078704,0.000237928297360643,3.163097550107871,1.0,0.01702260881090745,-0.25581294954398326,-15.379477621336848,-0.25581294954398326,-31.067056084027577,-179.12522396688018
281.0905452726363,0.00023792929146186113,3.1587627102889098,0.00023792929146186113,3.1587627102889106,1.0,0.017022596855851387,-0.25546397284845407,-15.379483721479028,-0.25546397284845407,-31.067038795855993,-179.1264197620435
281.2306153076538,0.0002379302835361178,3.154430776434114,0.00023793028353611778,3.1544307764341135,0.9999999999999999,0.017022584925113392,-0.25511522353000604,-15.379489809217034,-0.25511522353000604,-31.067021542931393,-179.12761476805133
281.3706853426713,0.00023793127358712047,3.150101744272185,0.00023793127358712047,3.1501017442721846,1.0,0.01702257301864922,-0.25476670126691525,-15.379495884573416,-0.25476670126691525,-31.067004325189362,-179.12880898603981
281.51075537768884,0.00023793226161856784,3.1457756095401748,0.00023793226161856787,3.1457756095401748,1.0000000000000002,0.017022561136414757,-0.25441840573805957,-15.379501947570656,-0.25441840573805957,-31.06698714256554,-179.13000241714286
281.65082541270635,0.0002379332476341494,3.1414523679834683,0.0002379332476341494,3.141452367983469,1.0,0.017022549278365974,-0.25407033662291767,-15.379507998231192,-0.25407033662291767,-31.0669699949958,-179.13119506249222
281.79089544772387,0.00023793423163754565,3.137132015355764,0.00023793423163754563,3.137132015355765,0.9999999999999999,0.017022537444458974,-0.25372249360156757,-15.379514036577406,-0.25372249360156757,-31.06695288241619,-179.1323869232175
281.9309654827413,0.00023793521363242812,3.1328145474190423,0.0002379352136324281,3.1328145474190423,0.9999999999999999,0.017022525634649937,-0.25337487635468464,-15.37952006263162,-0.25337487635468464,-31.066935804762824,-179.1335780004461
282.07103551775884,0.00023793619362245938,3.128499959943567,0.00023793619362245935,3.128499959943569,0.9999999999999999,0.017022513848895172,-0.25302748456354157,-15.379526076416107,-0.25302748456354157,-31.066918761972072,-179.1347682953034
282.2111055527764,0.00023793717161129304,3.1241882487078443,0.00023793717161129307,3.124188248707845,1.0000000000000002,0.017022502087151083,-0.25268031791000534,-15.379532077953089,-0.25268031791000534,-31.06690175398041,-179.13595780891245
282.3511755877939,0.00023793814760257384,3.1198794094986133,0.0002379381476025738,3.1198794094986146,0.9999999999999999,0.017022490349374194,-0.2523333760765375,-15.379538067264725,-0.2523333760765375,-31.06688478072447,-179.1371465423943
282.49124562281145,0.0002379391215999377,3.115573438110824,0.00023793912159993767,3.1155734381108253,0.9999999999999999,0.017022478635521112,-0.25198665874619125,-15.37954404437313,-0.25198665874619125,-31.066867842141015,-179.13833449686783
282.6313156578289,0.0002379400936070115,3.1112703303476206,0.00023794009360701153,3.1112703303476197,1.0000000000000002,0.017022466945548567,-0.25164016560261154,-15.379550009300356,-0.2516401656026115,-31.066850938167047,-179.13952167344976
282.7713856928464,0.00023794106362741335,3.106970082020316,0.00023794106362741335,3.1069700820203168,1.0,0.017022455279413384,-0.25129389633003274,-15.379555962068407,-0.25129389633003274,-31.066834068739595,-179.14070807325476
282.9114557278639,0.00023794203166475268,3.1026726889483713,0.00023794203166475268,3.1026726889483704,1.0,0.017022443637072494,-0.25094785061327735,-15.379561902699239,-0.2509478506132773,-31.06681723379596,-179.14189369739532
283.0515257628814,0.00023794299772262988,3.0983781469593823,0.00023794299772262988,3.09837814695938,1.0,0.01702243201848293,-0.2506020281377552,-15.379567831214754,-0.2506020281377552,-31.066800433273546,-179.1430785469818
283.19159579789897,0.00023794396180463695,3.094086451889057,0.00023794396180463697,3.094086451889056,1.0000000000000002,0.017022420423601844,-0.25025642858946123,-15.379573747636782,-0.25025642858946123,-31.066783667109867,-179.14426262312253
283.3316658329164,0.00023794492391435688,3.089797599581198,0.00023794492391435688,3.0897975995811966,1.0,0.01702240885238648,-0.2499110516549758,-15.379579651987118,-0.2499110516549758,-31.066766935242683,-179.14544592692363
283.471735867934,0.0002379458840553639,3.085511585887673,0.0002379458840553639,3.085511585887673,1.0,0.01702239730479417,-0.24956589702146126,-15.379585544287515,-0.24956589702146126,-31.06675023760982,-179.14662845948922
283.61180590295146,0.00023794684223122392,3.0812284066684144,0.0002379468422312239,3.0812284066684166,0.9999999999999999,0.01702238578078238,-0.24922096437666216,-15.379591424559646,-0.24922096437666216,-31.066733574149268,-179.14781022192128
283.751875937969,0.0002379477984454938,3.0769480577913764,0.0002379477984454938,3.076948057791375,1.0,0.017022374280308655,-0.24887625340890282,-15.379597292825151,-0.24887625340890282,-31.066716944799246,-179.1489912153197
283.89194597298643,0.00023794875270172197,3.072670535132536,0.00023794875270172197,3.0726705351325365,1.0,0.017022362803330648,-0.24853176380708727,-15.379603149105616,-0.24853176380708725,-31.066700349498007,-179.1501714407823
284.032016008004,0.00023794970500344825,3.06839583457586,0.00023794970500344825,3.068395834575858,1.0,0.017022351349806116,-0.24818749526069653,-15.379608993422568,-0.24818749526069653,-31.06668378818407,-179.1513508994048
284.1720860430215,0.00023795065535420378,3.064123952013295,0.00023795065535420378,3.0641239520132943,1.0,0.01702233991969292,-0.24784344745978848,-15.37961482579749,-0.24784344745978848,-31.06666726079598,-179.15252959228087
284.31215607803904,0.0002379516037575114,3.0598548833447405,0.0002379516037575114,3.059854883344741,1.0,0.017022328512949034,-0.24749962009499585,-15.3796206462518,-0.2474996200949959,-31.06665076727252,-179.15370752050214
284.45222611305655,0.0002379525502168851,3.0555886244780397,0.00023795255021688512,3.0555886244780397,1.0000000000000002,0.017022317129532498,-0.24715601285752536,-15.37962645480688,-0.24715601285752536,-31.066634307552626,-179.15488468515804
284.592296148074,0.0002379534947358304,3.051325171328945,0.00023795349473583038,3.0513251713289455,0.9999999999999999,0.017022305769401485,-0.24681262543915564,-15.379632251484058,-0.24681262543915564,-31.066617881575315,-179.1560610873361
284.73236618309153,0.00023795443731784458,3.0470645198211144,0.00023795443731784458,3.0470645198211157,1.0,0.017022294432514243,-0.24646945753223715,-15.379638036304605,-0.24646945753223715,-31.066601489279776,-179.15723672812172
284.872436218109,0.0002379553779664163,3.042806665886083,0.00023795537796641634,3.0428066658860824,1.0000000000000002,0.017022283118829157,-0.2461265088296892,-15.379643809289739,-0.2461265088296892,-31.06658513060541,-179.15841160859824
285.01250625312656,0.0002379563166850259,3.038551605463247,0.00023795631668502588,3.038551605463246,0.9999999999999999,0.017022271828304677,-0.24578377902500056,-15.379649570460636,-0.24578377902500062,-31.06656880549167,-179.159585729847
285.1525762881441,0.00023795725347714513,3.0342993344998495,0.00023795725347714516,3.034299334499848,1.0000000000000002,0.01702226056089937,-0.2454412678122271,-15.379655319838417,-0.2454412678122271,-31.06655251387819,-179.16075909294727
285.2926463231616,0.0002379581883462374,3.0300498489509513,0.00023795818834623737,3.030049848950952,0.9999999999999999,0.017022249316571886,-0.24509897488598995,-15.379661057444151,-0.24509897488598995,-31.066536255704797,-179.1619316989763
285.4327163581791,0.00023795912129575796,3.0258031447794207,0.00023795912129575796,3.02580314477942,1.0,0.01702223809528101,-0.2447568999414756,-15.379666783298854,-0.2447568999414756,-31.066520030911388,-179.16310354900926
285.57278639319657,0.0002379600523291535,3.0215592179559136,0.00023796005232915352,3.021559217955912,1.0000000000000002,0.017022226896985588,-0.24441504267443384,-15.379672497423496,-0.24441504267443379,-31.066503839438056,-179.16427464411936
285.7128564282141,0.0002379609814498625,3.0173180644588466,0.0002379609814498625,3.017318064458847,1.0,0.017022215721644567,-0.2440734027811762,-15.379678199839002,-0.2440734027811762,-31.066487681225034,-179.16544498537772
285.8529264632316,0.00023796190866131513,3.0130796802743904,0.00023796190866131513,3.0130796802743904,1.0,0.017022204569217023,-0.24373197995857532,-15.379683890566236,-0.24373197995857526,-31.066471556212623,-179.16661457385354
285.9929964982491,0.00023796283396693317,3.008844061396448,0.0002379628339669332,3.0088440613964478,1.0000000000000002,0.017022193439662096,-0.24339077390406338,-15.379689569626018,-0.24339077390406338,-31.066455464341416,-179.1677834106139
286.1330665332667,0.00023796375737013056,3.0046112038266255,0.00023796375737013058,3.0046112038266264,1.0000000000000002,0.01702218233293905,-0.24304978431563057,-15.379695237039122,-0.24304978431563057,-31.066439405552025,-179.1689514967239
286.27313656828414,0.0002379646788743126,3.000381103574229,0.00023796467887431263,3.0003811035742296,1.0000000000000002,0.017022171249007238,-0.24270901089182437,-15.379700892826254,-0.24270901089182437,-31.066423379785224,-179.17011883324676
286.41320660330166,0.00023796559848287654,2.9961537566562404,0.00023796559848287651,2.996153756656243,0.9999999999999999,0.017022160187826083,-0.24236845333174845,-15.379706537008104,-0.24236845333174847,-31.066407386981997,-179.1712854212435
286.5532766383191,0.0002379665161992116,2.991929159097289,0.00023796651619921162,2.99192915909729,1.0000000000000002,0.017022149149355157,-0.24202811133505972,-15.379712169605275,-0.24202811133505972,-31.066391427083374,-179.17245126177332
286.69334667333663,0.00023796743202669847,2.9877073069296514,0.0002379674320266985,2.9877073069296496,1.0000000000000002,0.01702213813355408,-0.24168798460196944,-15.379717790638352,-0.24168798460196944,-31.066375500030624,-179.1736163558933
286.83341670835415,0.00023796834596871038,2.9834881961932163,0.00023796834596871035,2.9834881961932154,0.9999999999999999,0.017022127140382606,-0.24134807283324042,-15.379723400127844,-0.24134807283324036,-31.066359605765058,-179.17478070465862
286.97348674337167,0.00023796925802861173,2.97927182293548,0.0002379692580286117,2.9792718229354818,0.9999999999999999,0.017022116169800552,-0.2410083757301863,-15.37972899809424,-0.2410083757301863,-31.066343744228227,-179.17594430912243
287.11355677838924,0.00023797016820975938,2.9750581832115186,0.00023797016820975935,2.9750581832115173,0.9999999999999999,0.01702210522176785,-0.24066889299467004,-15.379734584557958,-0.24066889299467006,-31.06632791536171,-179.17710717033597
287.2536268134067,0.00023797107651550188,2.970847273083978,0.00023797107651550185,2.970847273083979,0.9999999999999999,0.017022094296244534,-0.24032962432910343,-15.379740159539368,-0.24032962432910343,-31.066312119107373,-179.17826928934844
287.3936968484242,0.00023797198294917983,2.966639088623042,0.00023797198294917983,2.9666390886230416,1.0,0.017022083393190713,-0.2399905694364444,-15.379745723058809,-0.2399905694364444,-31.06629635540707,-179.1794306672071
287.5337668834417,0.0002379728875141257,2.9624336259064323,0.0002379728875141257,2.9624336259064328,1.0,0.017022072512566606,-0.23965172802019724,-15.379751275136556,-0.23965172802019724,-31.06628062420291,-179.18059130495726
287.67383691845924,0.0002379737902136642,2.9582308810193765,0.00023797379021366416,2.9582308810193765,0.9999999999999999,0.017022061654332517,-0.23931309978441043,-15.37975681579284,-0.23931309978441043,-31.066264925437054,-179.18175120364228
287.8139069534767,0.00023797469105111204,2.954030850054601,0.00023797469105111207,2.954030850054599,1.0000000000000002,0.017022050818448865,-0.23897468443367628,-15.379762345047839,-0.23897468443367628,-31.066249259051855,-179.1829103643035
287.9539769884943,0.0002379755900297778,2.9498335291122992,0.00023797559002977777,2.9498335291122997,0.9999999999999999,0.017022040004876126,-0.23863648167312862,-15.379767862921698,-0.23863648167312862,-31.066233624989785,-179.18406878798038
288.0940470235118,0.0002379764871529623,2.945638914300131,0.0002379764871529623,2.9456389143001305,1.0,0.0170220292135749,-0.23829849120844246,-15.3797733694345,-0.23829849120844246,-31.066218023193475,-179.18522647571046
288.23411705852925,0.00023797738242395836,2.941447001733192,0.0002379773824239584,2.94144700173319,1.0000000000000002,0.01702201844450587,-0.23796071274583253,-15.379778864606287,-0.23796071274583253,-31.066202453605666,-179.1863834285293
288.37418709354677,0.00023797827584605123,2.9372577875339974,0.00023797827584605126,2.937257787533996,1.0000000000000002,0.017022007697629824,-0.23762314599205156,-15.379784348457047,-0.23762314599205156,-31.06618691616923,-179.18753964747043
288.5142571285643,0.0002379791674225179,2.933071267832471,0.00023797916742251789,2.933071267832472,0.9999999999999999,0.017021996972907624,-0.23728579065438984,-15.379789821006726,-0.23728579065438984,-31.066171410827206,-179.18869513356566
288.6543271635818,0.0002379800571566279,2.928887438765926,0.00023798005715662792,2.928887438765924,1.0000000000000002,0.01702198627030024,-0.23694864644067373,-15.379795282275222,-0.23694864644067373,-31.066155937522744,-179.18984988784473
288.79439719859926,0.00023798094505164265,2.9247062964790356,0.00023798094505164268,2.9247062964790356,1.0000000000000002,0.01702197558976872,-0.2366117130592642,-15.379800732282387,-0.23661171305926415,-31.066140496199168,-179.19100391133546
288.93446723361683,0.0002379818311108159,2.920527837123832,0.00023798183111081587,2.9205278371238337,0.9999999999999999,0.017021964931274218,-0.23627499021905568,-15.379806171048024,-0.23627499021905568,-31.066125086799886,-179.1921572050638
289.07453726863434,0.00023798271533739395,2.9163520568596826,0.00023798271533739397,2.916352056859681,1.0000000000000002,0.017021954294777986,-0.23593847762947548,-15.379811598591889,-0.23593847762947548,-31.066109709268453,-179.19330977005376
289.2146073036518,0.00023798359773461472,2.912178951853267,0.00023798359773461472,2.912178951853268,1.0,0.01702194368024133,-0.23560217500048153,-15.379817014933694,-0.23560217500048147,-31.06609436354859,-179.19446160732747
289.3546773386693,0.0002379844783057089,2.908008518278571,0.00023798447830570893,2.9080085182785713,1.0000000000000002,0.017021933087625694,-0.2352660820425624,-15.3798224200931,-0.23526608204256236,-31.06607904958411,-179.19561271790514
289.49474737368683,0.0002379853570538996,2.9038407523168512,0.0002379853570538996,2.9038407523168512,1.0,0.017021922516892597,-0.23493019846673435,-15.379827814089724,-0.2349301984667344,-31.066063767318997,-179.19676310280508
289.63481740870435,0.00023798623398240193,2.8996756501566456,0.00023798623398240193,2.8996756501566465,1.0,0.017021911968003633,-0.23459452398454303,-15.37983319694314,-0.23459452398454303,-31.06604851669735,-179.19791276304372
289.7748874437218,0.00023798710909442327,2.8955132079937274,0.00023798710909442327,2.8955132079937274,1.0,0.017021901440920507,-0.23425905830805882,-15.379838568672866,-0.23425905830805882,-31.06603329766342,-179.1990616996355
289.9149574787394,0.00023798798239316375,2.8913534220311035,0.00023798798239316372,2.8913534220311052,0.9999999999999999,0.017021890935604998,-0.23392380114987835,-15.379843929298387,-0.23392380114987835,-31.066018110161533,-179.20020991359317
290.0550275137569,0.00023798885388181585,2.887196288478998,0.00023798885388181583,2.887196288478997,0.9999999999999999,0.017021880452019002,-0.23358875222312195,-15.379849278839126,-0.23358875222312195,-31.066002954136213,-179.20135740592744
290.19509754877436,0.00023798972356356413,2.883041803554831,0.0002379897235635641,2.8830418035548315,0.9999999999999999,0.01702186999012447,-0.2332539112414332,-15.379854617314479,-0.2332539112414332,-31.065987829532098,-179.2025041776472
290.33516758379193,0.00023799059144158572,2.8788899634831946,0.00023799059144158572,2.8788899634831933,1.0,0.017021859549883455,-0.23291927791897662,-15.379859944743783,-0.23291927791897662,-31.06597273629393,-179.20365022975946
290.4752376188094,0.00023799145751905062,2.8747407644958534,0.00023799145751905062,2.8747407644958534,1.0,0.017021849131258128,-0.23258485197043835,-15.379865261146332,-0.23258485197043835,-31.065957674366587,-179.20479556326933
290.6153076538269,0.0002379923217991207,2.870594202831716,0.00023799232179912074,2.8705942028317155,1.0000000000000002,0.017021838734210707,-0.23225063311102337,-15.379870566541376,-0.2322506331110233,-31.065942643695145,-179.20594017918015
290.7553776888444,0.0002379931842849507,2.866450274736813,0.00023799318428495067,2.866450274736813,0.9999999999999999,0.017021828358703518,-0.23191662105645472,-15.379875860948127,-0.23191662105645472,-31.06592764422473,-179.20708407849327
290.89544772386193,0.00023799404497968778,2.862308976464295,0.00023799404497968778,2.8623089764642935,1.0,0.017021818004698982,-0.2315828155229729,-15.37988114438573,-0.2315828155229729,-31.0659126759006,-179.20822726220828
291.03551775887945,0.00023799490388647177,2.8581703042744047,0.00023799490388647172,2.858170304274406,0.9999999999999998,0.017021807672159595,-0.23124921622733438,-15.37988641687331,-0.23124921622733438,-31.0658977386682,-179.20936973132285
291.1755877938969,0.00023799576100843478,2.8540342544344623,0.0002379957610084348,2.854034254434464,1.0000000000000002,0.01702179736104795,-0.23091582288680995,-15.379891678429935,-0.23091582288680995,-31.065882832473083,-179.2105114868329
291.3156578289145,0.00023799661634870187,2.8499008232188485,0.00023799661634870187,2.8499008232188485,1.0,0.017021787071326726,-0.2305826352191842,-15.379896929074627,-0.2305826352191842,-31.06586795726087,-179.21165252973242
291.45572786393194,0.00023799746991039057,2.845770006908997,0.0002379974699103905,2.8457700069089995,0.9999999999999998,0.01702177680295869,-0.2302496529427545,-15.37990216882637,-0.23024965294275457,-31.06585311297742,-179.21279286101358
291.59579789894946,0.00023799832169661076,2.8416418017933607,0.00023799832169661076,2.841641801793361,1.0,0.017021766555906693,-0.2299168757763292,-15.379907397704093,-0.2299168757763292,-31.065838299568593,-179.21393248166675
291.735867933967,0.00023799917171046542,2.8375162041674105,0.0002379991717104655,2.837516204167407,1.0000000000000004,0.017021756330133676,-0.22958430343922687,-15.379912615726692,-0.22958430343922687,-31.065823516980522,-179.2150713926804
291.8759379689845,0.0002380000199550501,2.8333932103336115,0.00023800001995505013,2.8333932103336106,1.0000000000000002,0.01702174612560268,-0.22925193565127544,-15.379917822913008,-0.22925193565127544,-31.065808765159325,-179.21620959504122
292.016008004002,0.00023800086643345258,2.82927281660141,0.00023800086643345258,2.8292728166014096,1.0,0.017021735942276787,-0.2289197721328106,-15.379923019281854,-0.2289197721328106,-31.065794044051344,-179.21734708973412
292.1560780390195,0.0002380017111487542,2.8251550192872052,0.00023800171114875417,2.8251550192872035,0.9999999999999999,0.01702172578011924,-0.22858781260467406,-15.379928204851973,-0.22858781260467406,-31.06577935360302,-179.21848387774213
292.29614807403703,0.0002380025541040281,2.82103981471436,0.00023800255410402814,2.8210398147143594,1.0000000000000002,0.017021715639093295,-0.22825605678821456,-15.379933379642095,-0.22825605678821456,-31.065764693760887,-179.2196199600465
292.4362181090545,0.00023800339530234091,2.816927199213154,0.00023800339530234091,2.8169271992131546,1.0,0.017021705519162336,-0.22792450440528456,-15.379938543670882,-0.22792450440528456,-31.065750064471658,-179.22075533762657
292.57628814407207,0.0002380042347467517,2.812817169120782,0.00023800423474675168,2.812817169120781,0.9999999999999999,0.017021695420289827,-0.22759315517823964,-15.379943696956964,-0.2275931551782396,-31.065735465682167,-179.22189001146003
292.7163581790895,0.00023800507244031238,2.8087097207813434,0.0002380050724403124,2.8087097207813416,1.0000000000000002,0.017021685342439308,-0.22726200882993836,-15.37994883951892,-0.2272620088299384,-31.065720897339286,-179.22302398252273
292.85642821410704,0.00023800590838606755,2.8046048505458145,0.00023800590838606752,2.8046048505458154,0.9999999999999999,0.017021675285574397,-0.22693106508374017,-15.3799539713753,-0.22693106508374022,-31.065706359390145,-179.22415725178857
292.9964982491245,0.000238006742587055,2.800502554772036,0.000238006742587055,2.800502554772036,1.0,0.017021665249658827,-0.2266003236635044,-15.379959092544592,-0.2266003236635044,-31.0656918517819,-179.2252898202299
293.1365682841421,0.0002380075750463051,2.796402829824698,0.00023800757504630505,2.7964028298246983,0.9999999999999998,0.01702165523465639,-0.2262697842935893,-15.379964203045251,-0.2262697842935893,-31.065677374461856,-179.22642168881708
293.2766383191596,0.00023800840576684108,2.7923056720753308,0.0002380084057668411,2.79230567207533,1.0000000000000002,0.01702164524053098,-0.22593944669885155,-15.379969302895686,-0.22593944669885155,-31.065662927377463,-179.22755285851883
293.41670835417705,0.00023800923475167921,2.7882110779022704,0.00023800923475167921,2.788211077902271,1.0,0.017021635267246545,-0.22560931060464356,-15.379974392114269,-0.22560931060464354,-31.065648510476297,-179.22868333030195
293.5567783891946,0.00023801006200382848,2.784119043690663,0.0002380100620038285,2.784119043690664,1.0000000000000002,0.01702162531476715,-0.22527937573681434,-15.379979470719324,-0.22527937573681428,-31.065634123706033,-179.22981310513154
293.6968484242121,0.00023801088752629134,2.7800295658324403,0.00023801088752629134,2.7800295658324403,1.0,0.017021615383056944,-0.2249496418217066,-15.379984538729126,-0.22494964182170654,-31.065619767014482,-179.23094218397097
293.8369184592296,0.00023801171132206234,2.775942640726297,0.0002380117113220623,2.7759426407263006,0.9999999999999999,0.017021605472080127,-0.22462010858615702,-15.379989596161925,-0.22462010858615708,-31.065605440349522,-179.23207056778176
293.97698849424717,0.00023801253339412968,2.7718582647776864,0.00023801253339412966,2.771858264777687,0.9999999999999999,0.017021595581801004,-0.22429077575749432,-15.379994643035912,-0.22429077575749437,-31.065591143659283,-179.2331982575237
294.1170585292646,0.00023801335374547435,2.7677764343988005,0.00023801335374547435,2.767776434398799,1.0,0.017021585712183977,-0.22396164306353897,-15.379999679369242,-0.2239616430635389,-31.065576876891857,-179.23432525415484
294.25712856428214,0.0002380141723790703,2.7636971460085515,0.00023801417237907026,2.7636971460085515,0.9999999999999999,0.017021575863193496,-0.22363271023260062,-15.380004705180028,-0.22363271023260062,-31.065562639995612,-179.2354515586314
294.39719859929966,0.0002380149892978846,2.7596203960325587,0.00023801498929788462,2.759620396032559,1.0000000000000002,0.017021566034794135,-0.22330397699347884,-15.380009720486338,-0.22330397699347887,-31.065548432918895,-179.23657717190792
294.5372686343172,0.0002380158045048774,2.755546180903133,0.00023801580450487743,2.7555461809031323,1.0000000000000002,0.017021556226950514,-0.22297544307546116,-15.380014725306202,-0.22297544307546116,-31.065534255610302,-179.23770209493722
294.67733866933463,0.00023801661800300185,2.7514744970592604,0.00023801661800300182,2.7514744970592613,0.9999999999999999,0.017021546439627354,-0.222647108208321,-15.380019719657607,-0.22264710820832095,-31.065520108018454,-179.2388263286702
294.8174087043522,0.00023801742979520405,2.747405340946586,0.00023801742979520402,2.747405340946587,0.9999999999999999,0.01702153667278945,-0.22231897212231894,-15.380024703558501,-0.22231897212231896,-31.06550599009214,-179.23994987405626
294.95747873936966,0.00023801823988442352,2.7433387090174017,0.00023801823988442352,2.743338709017403,1.0,0.017021526926401683,-0.22199103454819977,-15.38002967702678,-0.22199103454819977,-31.065491901780252,-179.2410727320429
295.0975487743872,0.0002380190482735928,2.7392745977306263,0.00023801904827359276,2.7392745977306276,0.9999999999999999,0.01702151720042903,-0.22166329521719155,-15.380034640080307,-0.22166329521719155,-31.065477843031786,-179.24219490357595
295.2376188094047,0.00023801985496563747,2.7352130035517916,0.0002380198549656375,2.7352130035517894,1.0000000000000002,0.01702150749483652,-0.22133575386100535,-15.380039592736905,-0.22133575386100535,-31.065463813795915,-179.24331638959944
295.3776888444222,0.00023802065996347637,2.731153922953028,0.0002380206599634764,2.7311539229530255,1.0000000000000002,0.017021497809589274,-0.2210084102118338,-15.380044535014353,-0.2210084102118338,-31.065449814021843,-179.2444371910558
295.5177588794397,0.00023802146327002156,2.727097352413051,0.0002380214632700216,2.7270973524130486,1.0000000000000002,0.017021488144652517,-0.22068126400234997,-15.38004946693038,-0.22068126400234997,-31.065435843658975,-179.2455573088856
295.6578289144572,0.00023802226488817818,2.7230432884171427,0.00023802226488817816,2.723043288417143,0.9999999999999999,0.017021478499991513,-0.22035431496570632,-15.380054388502696,-0.22035431496570632,-31.06542190265682,-179.2466767440278
295.79789894947476,0.00023802306482084479,2.7189917274571314,0.0002380230648208448,2.718991727457131,1.0000000000000002,0.017021468875571644,-0.22002756283553337,-15.380059299748945,-0.2200275628355334,-31.065407990964932,-179.2477954974196
295.9379689844922,0.0002380238630709131,2.714942666031392,0.0002380238630709131,2.7149426660313916,1.0,0.017021459271358355,-0.21970100734593948,-15.380064200686745,-0.21970100734593945,-31.065394108533063,-179.24891356999646
296.07803901950973,0.00023802465964126794,2.710896100644818,0.00023802465964126797,2.7108961006448156,1.0000000000000002,0.017021449687317163,-0.21937464823150918,-15.380069091333674,-0.21937464823150915,-31.065380255311062,-179.25003096269222
296.2181090545273,0.00023802545453478768,2.7068520278088046,0.00023802545453478766,2.706852027808806,0.9999999999999999,0.017021440123413684,-0.2190484852273017,-15.38007397170726,-0.2190484852273017,-31.065366431248854,-179.25114767643893
296.35817908954476,0.00023802624775434383,2.702810444041246,0.00023802624775434383,2.7028104440412464,1.0,0.017021430579613608,-0.21872251806885107,-15.380078841824997,-0.21872251806885107,-31.065352636296577,-179.25226371216698
296.4982491245623,0.0002380270393028013,2.6987713458665095,0.0002380270393028013,2.6987713458665095,1.0,0.017021421055882686,-0.21839674649216395,-15.380083701704342,-0.21839674649216395,-31.065338870404354,-179.25337907080512
296.6383191595798,0.0002380278291830182,2.6947347298154214,0.0002380278291830182,2.6947347298154223,1.0,0.017021411552186776,-0.21807117023371914,-15.380088551362698,-0.21807117023371914,-31.065325133522514,-179.2544937532803
296.7783891945973,0.00023802861739784638,2.690700592425261,0.0002380286173978464,2.69070059242526,1.0000000000000002,0.017021402068491797,-0.21774578903046676,-15.380093390817443,-0.21774578903046676,-31.065311425601475,-179.25560776051782
296.91845922961477,0.00023802940395013051,2.6866689302397373,0.00023802940395013054,2.6866689302397355,1.0000000000000002,0.01702139260476375,-0.217420602619827,-15.380098220085905,-0.21742060261982699,-31.065297746591803,-179.25672109344137
297.0585292646323,0.00023803018884270907,2.6826397398089723,0.00023803018884270904,2.6826397398089723,0.9999999999999999,0.017021383160968722,-0.2170956107396881,-15.38010303918538,-0.2170956107396881,-31.065284096444124,-179.25783375297286
297.19859929964986,0.0002380309720784136,2.6786130176894907,0.00023803097207841366,2.678613017689489,1.0000000000000002,0.01702137373707285,-0.21677081312840743,-15.380107848133122,-0.21677081312840743,-31.065270475109212,-179.2589457400326
297.3386693346673,0.00023803175366006975,2.6745887604442116,0.00023803175366006972,2.6745887604442116,0.9999999999999999,0.017021364333042407,-0.21644620952480856,-15.380112646946333,-0.21644620952480856,-31.065256882537938,-179.2600570555392
297.47873936968483,0.0002380325335904958,2.6705669646424197,0.0002380325335904958,2.6705669646424215,1.0,0.017021354948843676,-0.21612179966818126,-15.380117435642198,-0.21612179966818126,-31.06524331868128,-179.26116770040957
297.61880940470235,0.00023803331187250394,2.6665476268597583,0.00023803331187250397,2.6665476268597574,1.0000000000000002,0.017021345584443064,-0.21579758329827972,-15.380122214237844,-0.2157975832982797,-31.06522978349039,-179.26227767555898
297.75887943971986,0.0002380340885088997,2.6625307436782184,0.00023803408850889973,2.6625307436782175,1.0000000000000002,0.017021336239807033,-0.2154735601553225,-15.380126982750362,-0.2154735601553225,-31.065216276916452,-179.2633869819011
297.8989494747373,0.00023803486350248247,2.658516311686116,0.00023803486350248247,2.6585163116861175,1.0,0.017021326914902143,-0.21514972997999074,-15.38013174119681,-0.21514972997999074,-31.06520279891083,-179.26449562034787
298.0390195097549,0.00023803563685604462,2.654504327478079,0.0002380356368560446,2.6545043274780804,0.9999999999999999,0.01702131760969501,-0.2148260925134271,-15.3801364895942,-0.2148260925134271,-31.06518934942493,-179.26560359180957
298.1790895447724,0.00023803640857237242,2.65049478765504,0.00023803640857237245,2.6504947876550418,1.0000000000000002,0.017021308324152332,-0.21450264749723566,-15.380141227959514,-0.21450264749723566,-31.065175928410365,-179.26671089719488
298.31915957978987,0.00023803717865424558,2.646487688824214,0.0002380371786542456,2.646487688824212,1.0000000000000002,0.017021299058240888,-0.2141793946734798,-15.380145956309683,-0.21417939467347982,-31.065162535818764,-179.2678175374108
298.45922961480744,0.00023803794710443733,2.6424830275990816,0.00023803794710443733,2.642483027599081,1.0,0.017021289811927527,-0.21385633378468188,-15.38015067466161,-0.21385633378468188,-31.065149171601902,-179.2689235133627
298.5992996498249,0.00023803871392571468,2.6384808005993916,0.00023803871392571468,2.6384808005993943,1.0,0.017021280585179183,-0.21353346457382189,-15.380155383032154,-0.21353346457382189,-31.0651358357117,-179.27002882595434
298.7393696848424,0.00023803947912083809,2.634481004451124,0.0002380394791208381,2.6344810044511213,1.0000000000000002,0.017021271377962863,-0.21321078678433683,-15.380160081438133,-0.21321078678433683,-31.065122528100154,-179.27113347608775
298.8794397198599,0.00023804024269256178,2.630483635786486,0.0002380402426925618,2.6304836357864874,1.0000000000000002,0.017021262190245644,-0.21288830016011917,-15.380164769896327,-0.21288830016011917,-31.06510924871937,-179.27223746466348
299.01950975487745,0.0002380410046436335,2.626488691243904,0.0002380410046436335,2.6264886912439023,1.0,0.01702125302199469,-0.21256600444551615,-15.380169448423489,-0.21256600444551618,-31.06509599752158,-179.27334079258034
299.15957978989496,0.00023804176497679464,2.622496167468002,0.0002380417649767947,2.622496167468001,1.0000000000000002,0.017021243873177223,-0.21224389938532942,-15.380174117036313,-0.21224389938532942,-31.06508277445915,-179.2744434607355
299.2996498249124,0.0002380425236947804,2.6185060611095836,0.0002380425236947804,2.618506061109586,1.0,0.017021234743760553,-0.2119219847248127,-15.380178775751478,-0.2119219847248127,-31.065069579484476,-179.2755454700246
299.43971985993,0.00023804328080031959,2.6145183688256264,0.00023804328080031956,2.6145183688256277,0.9999999999999999,0.017021225633712063,-0.21160026020967157,-15.380183424585605,-0.21160026020967157,-31.065056412550135,-179.27664682134161
299.57978989494745,0.0002380440362961347,2.610533087279267,0.00023804403629613466,2.610533087279269,0.9999999999999999,0.017021216542999203,-0.2112787255860631,-15.380188063555288,-0.21127872558606306,-31.06504327360877,-179.2777475155789
299.71985992996497,0.00023804479018494225,2.6065502131397764,0.00023804479018494225,2.6065502131397773,1.0,0.017021207471589524,-0.2109573806005931,-15.380192692677074,-0.2109573806005931,-31.06503016261319,-179.27884755362726
299.8599299649825,0.00023804554246945202,2.60256974308256,0.00023804554246945202,2.6025697430825607,1.0,0.017021198419450604,-0.2106362250003173,-15.380197311967493,-0.21063622500031734,-31.065017079516274,-179.27994693637578
300.0,0.00023804629315236794,2.598591673789136,0.00023804629315236794,2.5985916737891355,1.0,0.017021189386550135,-0.21031525853273894,-15.380201921443009,-0.2103152585327389,-31.065004024270976,-179.28104566471205
